;Sliced by ideaMaker 4.2.1.5320, 2026-03-09 15:23:51 UTC+0800
;Dimension: 365.000 240.000 240.000 0.400 0.400
;Plate Shape: 0
;Origin Center: 0
;Extruder Offset #1: 0.000 0.000
;Filament Diameter #1: 1.750
;Filament Diameter #2: 1.750
;Filament Compensation #1: 96.00
;Filament Compensation #2: 96.00
;Filament Density #1: 1240.00
;Filament Density #2: 1240.00
;Bounding Box: 156.464 208.785 96.008 144.136 0.000 7.170
;Model Gap: 0.240
M221 T1 S96.00
M140 S45.00
M104 T1 S225.00
M109 T1 S225.00
T1
M190 S45.00
M572 D0 S0.05
M572 D1 S0.05
G21
G90
M82
M107
G28
G1 Z0 F500
G92 E0
G1 Z0.2 F400
G1 X60 Y-2 F800
G1 X140 Y-2 E12 F200
G1 Z5 E15 F200
G92 E0
G1 F9000.0
M117 Printing...
M1001
;TOTAL_NUM: 1
;PRINTING_TIME: 0
;REMAINING_TIME: 1487
M106 S0
;LAYER:-2
;Z:0.300
;HEIGHT:0.500
;PRINTING: NON-OBJECT
;PRINTING_ID: -1
G0 F9000 X170.103 Y101.200
G0 F900 Z0.300
;TYPE:RAFT
;WIDTH:0.800
G1 F480 X170.694 Y100.282 E0.1816
G1 X171.037 Y99.837 E0.2750
G1 X171.555 Y99.258 E0.4042
G1 X171.972 Y98.857 E0.5004
G1 X172.434 Y98.469 E0.6007
G1 X173.130 Y97.976 E0.7426
G1 X173.690 Y97.646 E0.8507
G1 X174.192 Y97.393 E0.9442
G1 X174.885 Y97.107 E1.0688
G1 X175.437 Y96.926 E1.1654
G1 X176.051 Y96.770 E1.2708
G1 X176.868 Y96.631 E1.4086
G1 X177.813 Y96.559 E1.5662
G1 X186.343 Y96.408 E2.9850
G1 X187.432 Y96.460 E3.1663
G1 X188.151 Y96.563 E3.2871
G1 X188.742 Y96.691 E3.3877
G1 X189.411 Y96.888 E3.5036
G1 X189.998 Y97.110 E3.6080
G1 X190.669 Y97.425 E3.7313
G1 X191.189 Y97.718 E3.8305
G1 X191.773 Y98.105 E3.9470
G1 X192.279 Y98.499 E4.0537
G1 X192.802 Y98.971 E4.1708
G1 X193.236 Y99.429 E4.2758
G1 X193.688 Y99.984 E4.3948
G1 X194.243 Y100.800 E4.5589
G1 X207.087 Y122.171 E8.7054
G1 X207.290 Y122.536 E8.7749
G1 X207.599 Y123.163 E8.8911
G1 X207.861 Y123.810 E9.0072
G1 X208.022 Y124.302 E9.0933
G1 X208.195 Y124.991 E9.2114
G1 X208.302 Y125.594 E9.3133
G1 X208.370 Y126.285 E9.4287
G1 X208.385 Y127.058 E9.5573
G1 X208.342 Y127.752 E9.6729
G1 X208.258 Y128.359 E9.7749
G1 X208.105 Y129.062 E9.8945
G1 X207.919 Y129.690 E10.0034
G1 X207.718 Y130.225 E10.0985
G1 X207.302 Y131.117 E10.2621
G1 X203.143 Y138.629 E11.6901
G1 X202.537 Y139.573 E11.8766
G1 X202.102 Y140.129 E11.9940
G1 X201.761 Y140.510 E12.0791
G1 X201.175 Y141.073 E12.2142
G1 X200.676 Y141.479 E12.3212
G1 X200.199 Y141.815 E12.4182
G1 X199.554 Y142.203 E12.5434
G1 X198.932 Y142.511 E12.6588
G1 X198.375 Y142.739 E12.7589
G1 X197.778 Y142.935 E12.8634
G1 X197.169 Y143.089 E12.9679
G1 X196.347 Y143.227 E13.1065
G1 X195.415 Y143.298 E13.2619
G1 X170.426 Y143.736 E17.4182
G1 X169.346 Y143.685 E17.5980
G1 X168.645 Y143.587 E17.7158
G1 X168.035 Y143.455 E17.8195
G1 X167.465 Y143.290 E17.9182
G1 X166.859 Y143.071 E18.0254
G1 X166.132 Y142.736 E18.1585
G1 X165.586 Y142.429 E18.2627
G1 X164.978 Y142.025 E18.3841
G1 X164.511 Y141.663 E18.4823
G1 X163.965 Y141.169 E18.6048
G1 X163.523 Y140.701 E18.7118
G1 X163.139 Y140.238 E18.8119
G1 X162.539 Y139.367 E18.9878
G1 X158.129 Y132.029 E20.4115
G1 X157.650 Y131.093 E20.5864
G1 X157.425 Y130.547 E20.6846
G1 X157.230 Y129.963 E20.7870
G1 X157.036 Y129.183 E20.9206
G1 X156.927 Y128.510 E21.0340
G1 X156.871 Y127.822 E21.1488
G1 X156.864 Y127.190 E21.2539
G1 X156.906 Y126.510 E21.3672
G1 X156.992 Y125.892 E21.4710
G1 X157.150 Y125.167 E21.5944
G1 X157.328 Y124.573 E21.6975
G1 X157.570 Y123.931 E21.8116
G1 X157.833 Y123.366 E21.9152
G1 X170.103 Y101.200 E26.1285
G0 F9000 X158.772 Y122.414
G1 F480 X158.772 Y132.399 E27.7890
G0 F9000 X161.196 Y136.433
G1 F480 X161.196 Y118.035 E30.8486
G0 F9000 X163.620 Y113.655
G1 F480 X163.620 Y140.254 E35.2721
G0 F9000 X166.044 Y142.272
G1 F480 X166.044 Y109.276 E40.7593
G0 F9000 X168.468 Y104.897
G1 F480 X168.468 Y143.180 E47.1258
G0 F9000 X170.892 Y143.369
G1 F480 X170.892 Y100.639 E54.2318
G0 F9000 X173.316 Y98.284
G1 F480 X173.316 Y143.326 E61.7224
G0 F9000 X175.740 Y143.283
G1 F480 X175.740 Y97.220 E69.3827
G0 F9000 X178.164 Y96.913
G1 F480 X178.164 Y143.241 E77.0870
G0 F9000 X180.588 Y143.198
G1 F480 X180.588 Y96.870 E84.7914
G0 F9000 X183.012 Y96.826
G1 F480 X183.012 Y143.156 E92.4961
G0 F9000 X185.436 Y143.113
G1 F480 X185.436 Y96.783 E100.2008
G0 F9000 X187.860 Y96.886
G1 F480 X187.860 Y143.071 E107.8814
G0 F9000 X190.284 Y143.028
G1 F480 X190.284 Y97.642 E115.4292
G0 F9000 X192.708 Y99.395
G1 F480 X192.708 Y142.986 E122.6784
G0 F9000 X195.132 Y142.943
G1 F480 X195.132 Y102.978 E129.3246
G0 F9000 X197.556 Y107.011
G1 F480 X197.556 Y142.620 E135.2464
G0 F9000 X199.980 Y141.527
G1 F480 X199.980 Y111.045 E140.3156
G0 F9000 X202.404 Y115.078
G1 F480 X202.404 Y139.115 E144.3129
G0 F9000 X204.828 Y134.842
G1 F480 X204.828 Y119.111 E146.9290
G0 F9000 X207.252 Y123.274
G1 F480 X207.252 Y130.372 E148.1094
;PRINTING_TIME: 116
;REMAINING_TIME: 1370
M106 S128
;LAYER:-2
;Z:0.800
;HEIGHT:0.500
;PRINTING: NON-OBJECT
;PRINTING_ID: -1
G0 F900 Z0.800
G0 F9000 X207.718 Y130.225
;TYPE:RAFT
;WIDTH:0.800
G1 F960 X207.302 Y131.117 E148.2731
G1 X203.143 Y138.629 E149.7010
G1 X202.537 Y139.573 E149.8876
G1 X202.102 Y140.129 E150.0050
G1 X201.761 Y140.510 E150.0900
G1 X201.175 Y141.073 E150.2251
G1 X200.676 Y141.479 E150.3321
G1 X200.199 Y141.815 E150.4292
G1 X199.554 Y142.203 E150.5543
G1 X198.932 Y142.511 E150.6698
G1 X198.375 Y142.739 E150.7698
G1 X197.778 Y142.935 E150.8743
G1 X197.169 Y143.089 E150.9788
G1 X196.347 Y143.227 E151.1174
G1 X195.415 Y143.298 E151.2729
G1 X170.426 Y143.736 E155.4292
G1 X169.346 Y143.685 E155.6090
G1 X168.645 Y143.587 E155.7267
G1 X168.035 Y143.455 E155.8305
G1 X167.465 Y143.290 E155.9292
G1 X166.859 Y143.071 E156.0363
G1 X166.132 Y142.736 E156.1694
G1 X165.586 Y142.429 E156.2736
G1 X164.978 Y142.025 E156.3950
G1 X164.511 Y141.663 E156.4933
G1 X163.965 Y141.169 E156.6157
G1 X163.523 Y140.701 E156.7228
G1 X163.139 Y140.238 E156.8228
G1 X162.539 Y139.367 E156.9987
G1 X158.129 Y132.029 E158.4224
G1 X157.650 Y131.093 E158.5973
G1 X157.425 Y130.547 E158.6955
G1 X157.230 Y129.963 E158.7979
G1 X157.036 Y129.183 E158.9316
G1 X156.927 Y128.510 E159.0449
G1 X156.871 Y127.822 E159.1597
G1 X156.864 Y127.190 E159.2648
G1 X156.906 Y126.510 E159.3781
G1 X156.992 Y125.892 E159.4819
G1 X157.150 Y125.167 E159.6053
G1 X157.328 Y124.573 E159.7084
G1 X157.570 Y123.931 E159.8225
G1 X157.833 Y123.366 E159.9262
G1 X170.103 Y101.200 E164.1395
G1 X170.694 Y100.282 E164.3210
G1 X171.037 Y99.837 E164.4145
G1 X171.555 Y99.258 E164.5437
G1 X171.972 Y98.857 E164.6399
G1 X172.434 Y98.469 E164.7402
G1 X173.130 Y97.976 E164.8820
G1 X173.690 Y97.646 E164.9901
G1 X174.192 Y97.393 E165.0836
G1 X174.885 Y97.107 E165.2083
G1 X175.437 Y96.926 E165.3049
G1 X176.051 Y96.770 E165.4103
G1 X176.868 Y96.631 E165.5481
G1 X177.813 Y96.559 E165.7057
G1 X186.343 Y96.408 E167.1245
G1 X187.432 Y96.460 E167.3058
G1 X188.151 Y96.563 E167.4266
G1 X188.742 Y96.691 E167.5271
G1 X189.411 Y96.888 E167.6431
G1 X189.998 Y97.110 E167.7475
G1 X190.669 Y97.425 E167.8707
G1 X191.189 Y97.718 E167.9700
G1 X191.773 Y98.105 E168.0865
G1 X192.279 Y98.499 E168.1931
G1 X192.802 Y98.971 E168.3103
G1 X193.236 Y99.429 E168.4152
G1 X193.688 Y99.984 E168.5343
G1 X194.243 Y100.800 E168.6984
G1 X207.087 Y122.171 E172.8449
G1 X207.290 Y122.536 E172.9143
G1 X207.599 Y123.163 E173.0306
G1 X207.861 Y123.810 E173.1467
G1 X208.022 Y124.302 E173.2327
G1 X208.195 Y124.991 E173.3509
G1 X208.302 Y125.594 E173.4527
G1 X208.370 Y126.285 E173.5682
G1 X208.385 Y127.058 E173.6968
G1 X208.342 Y127.752 E173.8124
G1 X208.258 Y128.359 E173.9143
G1 X208.105 Y129.062 E174.0340
G1 X207.919 Y129.690 E174.1429
G1 X207.718 Y130.225 E174.2379
G0 F9000 X207.252 Y130.372
G1 F960 X207.252 Y123.274 E175.4183
G0 F9000 X204.828 Y119.111
G1 F960 X204.828 Y134.842 E178.0344
G0 F9000 X202.404 Y139.115
G1 F960 X202.404 Y115.078 E182.0318
G0 F9000 X199.980 Y111.045
G1 F960 X199.980 Y141.527 E187.1009
G0 F9000 X197.556 Y142.620
G1 F960 X197.556 Y107.011 E193.0227
G0 F9000 X195.132 Y102.978
G1 F960 X195.132 Y142.943 E199.6690
G0 F9000 X192.708 Y142.986
G1 F960 X192.708 Y99.395 E206.9182
G0 F9000 X190.284 Y97.642
G1 F960 X190.284 Y143.028 E214.4659
G0 F9000 X187.860 Y143.071
G1 F960 X187.860 Y96.886 E222.1465
G0 F9000 X185.436 Y96.783
G1 F960 X185.436 Y143.113 E229.8512
G0 F9000 X183.012 Y143.156
G1 F960 X183.012 Y96.826 E237.5559
G0 F9000 X180.588 Y96.870
G1 F960 X180.588 Y143.198 E245.2603
G0 F9000 X178.164 Y143.241
G1 F960 X178.164 Y96.913 E252.9647
G0 F9000 X175.740 Y97.220
G1 F960 X175.740 Y143.283 E260.6250
G0 F9000 X173.316 Y143.326
G1 F960 X173.316 Y98.284 E268.1155
G0 F9000 X170.892 Y100.639
G1 F960 X170.892 Y143.369 E275.2215
G0 F9000 X168.468 Y143.180
G1 F960 X168.468 Y104.897 E281.5880
G0 F9000 X166.044 Y109.276
G1 F960 X166.044 Y142.272 E287.0753
G0 F9000 X163.620 Y140.254
G1 F960 X163.620 Y113.655 E291.4987
G0 F9000 X161.196 Y118.035
G1 F960 X161.196 Y136.433 E294.5583
G0 F9000 X158.772 Y132.399
G1 F960 X158.772 Y122.414 E296.2188
;PRINTING_TIME: 175
;REMAINING_TIME: 1311
M106 S255
;LAYER:-1
;Z:1.180
;HEIGHT:0.380
;PRINTING: NON-OBJECT
;PRINTING_ID: -1
G0 F900 Z1.180
G0 F9000 X169.258 Y143.400
;TYPE:RAFT
;WIDTH:0.600
G1 F1800 X174.197 Y143.400 E296.6870
G0 F9000 X165.728 Y142.200
G1 F1800 X198.950 Y142.200 E299.8361
G0 F9000 X200.836 Y141.000
G1 F1800 X164.180 Y141.000 E303.3108
G0 F9000 X163.165 Y139.800
G1 F1800 X202.016 Y139.800 E306.9936
G0 F9000 X202.841 Y138.600
G1 F1800 X162.393 Y138.600 E310.8277
G0 F9000 X161.672 Y137.400
G1 F1800 X203.515 Y137.400 E314.7940
G0 F9000 X204.180 Y136.200
G1 F1800 X160.951 Y136.200 E318.8918
G0 F9000 X160.229 Y135.000
G1 F1800 X204.844 Y135.000 E323.1209
G0 F9000 X205.508 Y133.800
G1 F1800 X159.508 Y133.800 E327.4813
G0 F9000 X158.787 Y132.600
G1 F1800 X206.172 Y132.600 E331.9730
G0 F9000 X206.837 Y131.400
G1 F1800 X158.110 Y131.400 E336.5919
G0 F9000 X157.594 Y130.200
G1 F1800 X207.431 Y130.200 E341.3160
G0 F9000 X207.840 Y129.000
G1 F1800 X157.279 Y129.000 E346.1087
G0 F9000 X157.140 Y127.800
G1 F1800 X208.063 Y127.800 E350.9358
G0 F9000 X208.106 Y126.600
G1 F1800 X157.171 Y126.600 E355.7640
G0 F9000 X157.375 Y125.400
G1 F1800 X207.995 Y125.400 E360.5623
G0 F9000 X207.706 Y124.200
G1 F1800 X157.758 Y124.200 E365.2970
G0 F9000 X158.343 Y123.000
G1 F1800 X207.218 Y123.000 E369.9299
G0 F9000 X206.550 Y121.800
G1 F1800 X159.007 Y121.800 E374.4366
G0 F9000 X159.672 Y120.600
G1 F1800 X205.829 Y120.600 E378.8119
G0 F9000 X205.108 Y119.400
G1 F1800 X160.336 Y119.400 E383.0559
G0 F9000 X161.000 Y118.200
G1 F1800 X204.387 Y118.200 E387.1686
G0 F9000 X203.665 Y117.000
G1 F1800 X161.664 Y117.000 E391.1499
G0 F9000 X162.329 Y115.800
G1 F1800 X202.944 Y115.800 E394.9999
G0 F9000 X202.223 Y114.600
G1 F1800 X162.993 Y114.600 E398.7185
G0 F9000 X163.657 Y113.400
G1 F1800 X201.502 Y113.400 E402.3059
G0 F9000 X200.780 Y112.200
G1 F1800 X164.321 Y112.200 E405.7619
G0 F9000 X164.986 Y111.000
G1 F1800 X200.059 Y111.000 E409.0865
G0 F9000 X199.338 Y109.800
G1 F1800 X165.650 Y109.800 E412.2799
G0 F9000 X166.314 Y108.600
G1 F1800 X198.617 Y108.600 E415.3419
G0 F9000 X197.895 Y107.400
G1 F1800 X166.978 Y107.400 E418.2726
G0 F9000 X167.643 Y106.200
G1 F1800 X197.174 Y106.200 E421.0719
G0 F9000 X196.453 Y105.000
G1 F1800 X168.307 Y105.000 E423.7399
G0 F9000 X168.971 Y103.800
G1 F1800 X195.731 Y103.800 E426.2765
G0 F9000 X195.010 Y102.600
G1 F1800 X169.635 Y102.600 E428.6818
G0 F9000 X170.300 Y101.400
G1 F1800 X194.289 Y101.400 E430.9558
G0 F9000 X193.510 Y100.200
G1 F1800 X171.098 Y100.200 E433.0802
G0 F9000 X172.222 Y99.000
G1 F1800 X192.432 Y99.000 E434.9960
G0 F9000 X190.789 Y97.800
G1 F1800 X173.984 Y97.800 E436.5889
;PRINTING_TIME: 230
;REMAINING_TIME: 1256
;LAYER:-1
;Z:1.400
;HEIGHT:0.220
;PRINTING: NON-OBJECT
;PRINTING_ID: -1
G0 F900 Z1.400
G0 F9000 X157.406 Y129.924
;TYPE:RAFT
;WIDTH:0.400
G1 F3600 X163.336 Y140.195 E437.3700
G0 F9000 X164.665 Y141.555
G1 F3600 X157.101 Y128.453 E438.3663
G0 F9000 X157.045 Y127.414
G1 F3600 X165.590 Y142.214 E439.4917
G0 F9000 X166.388 Y142.655
G1 F3600 X157.083 Y126.539 E440.7172
G0 F9000 X157.196 Y125.791
G1 F3600 X167.115 Y142.972 E442.0237
G0 F9000 X167.788 Y143.195
G1 F3600 X157.352 Y125.119 E443.3982
G0 F9000 X157.543 Y124.509
G1 F3600 X168.423 Y143.354 E444.8313
G0 F9000 X169.027 Y143.458
G1 F3600 X157.760 Y123.943 E446.3152
G0 F9000 X158.005 Y123.425
G1 F3600 X169.604 Y143.516 E447.8430
G0 F9000 X170.163 Y143.542
G1 F3600 X158.271 Y122.943 E449.4094
G0 F9000 X158.537 Y122.463
G1 F3600 X170.712 Y143.550 E451.0129
G0 F9000 X171.250 Y143.540
G1 F3600 X158.803 Y121.982 E452.6523
G0 F9000 X159.069 Y121.501
G1 F3600 X171.788 Y143.531 E454.3275
G0 F9000 X172.327 Y143.521
G1 F3600 X159.336 Y121.020 E456.0385
G0 F9000 X159.602 Y120.539
G1 F3600 X172.866 Y143.513 E457.7855
G0 F9000 X173.404 Y143.503
G1 F3600 X159.868 Y120.058 E459.5684
G0 F9000 X160.134 Y119.577
G1 F3600 X173.942 Y143.494 E461.3871
G0 F9000 X174.481 Y143.484
G1 F3600 X160.400 Y119.096 E463.2416
G0 F9000 X160.667 Y118.615
G1 F3600 X175.019 Y143.475 E465.1320
G0 F9000 X175.558 Y143.465
G1 F3600 X160.933 Y118.134 E467.0583
G0 F9000 X161.199 Y117.653
G1 F3600 X176.096 Y143.456 E469.0204
G0 F9000 X176.634 Y143.446
G1 F3600 X161.465 Y117.173 E471.0183
G0 F9000 X161.731 Y116.691
G1 F3600 X177.173 Y143.437 E473.0521
G0 F9000 X177.711 Y143.427
G1 F3600 X161.998 Y116.211 E475.1217
G0 F9000 X162.264 Y115.730
G1 F3600 X178.250 Y143.418 E477.2272
G0 F9000 X178.788 Y143.408
G1 F3600 X162.530 Y115.249 E479.3685
G0 F9000 X162.796 Y114.768
G1 F3600 X179.326 Y143.399 E481.5457
G0 F9000 X179.865 Y143.389
G1 F3600 X163.062 Y114.287 E483.7587
G0 F9000 X163.329 Y113.806
G1 F3600 X180.403 Y143.380 E486.0076
G0 F9000 X180.942 Y143.370
G1 F3600 X163.595 Y113.325 E488.2923
G0 F9000 X163.861 Y112.844
G1 F3600 X181.480 Y143.361 E490.6129
G0 F9000 X182.018 Y143.352
G1 F3600 X164.127 Y112.363 E492.9694
G0 F9000 X164.394 Y111.883
G1 F3600 X182.557 Y143.342 E495.3616
G0 F9000 X183.095 Y143.333
G1 F3600 X164.660 Y111.401 E497.7898
G0 F9000 X164.926 Y110.921
G1 F3600 X183.634 Y143.323 E500.2537
G0 F9000 X184.172 Y143.314
G1 F3600 X165.192 Y110.439 E502.7536
G0 F9000 X165.458 Y109.959
G1 F3600 X184.710 Y143.304 E505.2893
G0 F9000 X185.249 Y143.295
G1 F3600 X165.725 Y109.478 E507.8608
G0 F9000 X165.991 Y108.997
G1 F3600 X185.787 Y143.285 E510.4682
G0 F9000 X186.326 Y143.276
G1 F3600 X166.257 Y108.516 E513.1114
G0 F9000 X166.523 Y108.035
G1 F3600 X186.864 Y143.266 E515.7905
G0 F9000 X187.402 Y143.257
G1 F3600 X166.789 Y107.554 E518.5055
G0 F9000 X167.056 Y107.074
G1 F3600 X187.941 Y143.247 E521.2562
G0 F9000 X188.479 Y143.238
G1 F3600 X167.322 Y106.592 E524.0428
G0 F9000 X167.588 Y106.112
G1 F3600 X189.018 Y143.228 E526.8653
G0 F9000 X189.556 Y143.219
G1 F3600 X167.855 Y105.631 E529.7236
G0 F9000 X168.120 Y105.149
G1 F3600 X190.094 Y143.210 E532.6178
G0 F9000 X190.633 Y143.200
G1 F3600 X168.387 Y104.669 E535.5478
G0 F9000 X168.653 Y104.187
G1 F3600 X191.172 Y143.191 E538.5138
G0 F9000 X191.710 Y143.182
G1 F3600 X168.919 Y103.707 E541.5156
G0 F9000 X169.186 Y103.226
G1 F3600 X192.249 Y143.173 E544.5533
G0 F9000 X192.787 Y143.163
G1 F3600 X169.451 Y102.745 E547.6268
G0 F9000 X169.718 Y102.264
G1 F3600 X193.325 Y143.154 E550.7362
G0 F9000 X193.864 Y143.144
G1 F3600 X169.984 Y101.784 E553.8813
G0 F9000 X170.250 Y101.302
G1 F3600 X194.402 Y143.135 E557.0624
G0 F9000 X194.940 Y143.125
G1 F3600 X170.536 Y100.856 E560.2767
G0 F9000 X170.823 Y100.410
G1 F3600 X195.476 Y143.111 E563.5238
G0 F9000 X195.998 Y143.073
G1 F3600 X171.133 Y100.005 E566.7988
G0 F9000 X171.461 Y99.631
G1 F3600 X196.509 Y143.016 E570.0979
G0 F9000 X197.005 Y142.933
G1 F3600 X171.798 Y99.273 E573.4179
G0 F9000 X172.150 Y98.941
G1 F3600 X197.485 Y142.822 E576.7548
G0 F9000 X197.951 Y142.687
G1 F3600 X172.516 Y98.634 E580.1047
G0 F9000 X172.901 Y98.357
G1 F3600 X198.404 Y142.531 E583.4638
G0 F9000 X198.844 Y142.351
G1 F3600 X173.290 Y98.089 E586.8296
G0 F9000 X173.695 Y97.849
G1 F3600 X199.268 Y142.143 E590.1978
G0 F9000 X199.681 Y141.917
G1 F3600 X174.114 Y97.633 E593.5653
G0 F9000 X174.547 Y97.441
G1 F3600 X200.085 Y141.674 E596.9289
G0 F9000 X200.472 Y141.402
G1 F3600 X174.988 Y97.262 E600.2854
G0 F9000 X175.445 Y97.112
G1 F3600 X200.846 Y141.107 E603.6309
G0 F9000 X201.207 Y140.791
G1 F3600 X175.918 Y96.989 E606.9618
G0 F9000 X176.405 Y96.892
G1 F3600 X201.556 Y140.454 E610.2744
G0 F9000 X201.892 Y140.093
G1 F3600 X176.901 Y96.809 E613.5658
G0 F9000 X177.422 Y96.769
G1 F3600 X202.208 Y139.699 E616.8304
G0 F9000 X202.511 Y139.281
G1 F3600 X177.948 Y96.737 E620.0655
G0 F9000 X178.486 Y96.727
G1 F3600 X202.797 Y138.834 E623.2675
G0 F9000 X203.075 Y138.375
G1 F3600 X179.024 Y96.718 E626.4352
G0 F9000 X179.563 Y96.708
G1 F3600 X203.342 Y137.895 E629.5672
G0 F9000 X203.608 Y137.414
G1 F3600 X180.101 Y96.698 E632.6633
G0 F9000 X180.639 Y96.689
G1 F3600 X203.874 Y136.933 E635.7236
G0 F9000 X204.141 Y136.452
G1 F3600 X181.178 Y96.679 E638.7481
G0 F9000 X181.716 Y96.670
G1 F3600 X204.407 Y135.972 E641.7367
G0 F9000 X204.673 Y135.490
G1 F3600 X182.254 Y96.660 E644.6895
G0 F9000 X182.793 Y96.651
G1 F3600 X204.939 Y135.010 E647.6064
G0 F9000 X205.206 Y134.529
G1 F3600 X183.331 Y96.641 E650.4875
G0 F9000 X183.870 Y96.632
G1 F3600 X205.472 Y134.048 E653.3327
G0 F9000 X205.738 Y133.567
G1 F3600 X184.408 Y96.622 E656.1421
G0 F9000 X184.946 Y96.613
G1 F3600 X206.004 Y133.086 E658.9156
G0 F9000 X206.271 Y132.606
G1 F3600 X185.485 Y96.603 E661.6534
G0 F9000 X186.023 Y96.594
G1 F3600 X206.537 Y132.124 E664.3552
G0 F9000 X206.803 Y131.644
G1 F3600 X186.570 Y96.599 E667.0201
G0 F9000 X187.129 Y96.626
G1 F3600 X207.069 Y131.163 E669.6464
G0 F9000 X207.319 Y130.653
G1 F3600 X187.705 Y96.681 E672.2298
G0 F9000 X188.306 Y96.779
G1 F3600 X207.560 Y130.129 E674.7658
G0 F9000 X207.771 Y129.552
G1 F3600 X188.941 Y96.938 E677.2459
G0 F9000 X189.612 Y97.157
G1 F3600 X207.951 Y128.921 E679.6613
G0 F9000 X208.094 Y128.228
G1 F3600 X190.334 Y97.466 E682.0005
G0 F9000 X191.123 Y97.892
G1 F3600 X208.180 Y127.434 E684.2470
G0 F9000 X208.193 Y126.516
G1 F3600 X192.045 Y98.546 E686.3739
G0 F9000 X193.331 Y99.831
G1 F3600 X208.081 Y125.379 E688.3166
G0 F9000 X207.544 Y123.507
G1 F3600 X204.248 Y117.798 E688.7508
;PRINTING_TIME: 310
;REMAINING_TIME: 1176
;LAYER:-1
;Z:1.620
;HEIGHT:0.220
;PRINTING: NON-OBJECT
;PRINTING_ID: -1
G0 F900 Z1.620
G0 F9000 X204.248 Y117.798
;TYPE:RAFT
;WIDTH:0.400
G1 F3600 X207.544 Y123.507 E689.1849
G0 F9000 X208.081 Y125.379
G1 F3600 X193.331 Y99.831 E691.1276
G0 F9000 X192.045 Y98.546
G1 F3600 X208.193 Y126.516 E693.2545
G0 F9000 X208.180 Y127.434
G1 F3600 X191.123 Y97.892 E695.5010
G0 F9000 X190.334 Y97.466
G1 F3600 X208.094 Y128.228 E697.8402
G0 F9000 X207.951 Y128.921
G1 F3600 X189.612 Y97.157 E700.2557
G0 F9000 X188.941 Y96.938
G1 F3600 X207.771 Y129.552 E702.7357
G0 F9000 X207.560 Y130.129
G1 F3600 X188.306 Y96.779 E705.2717
G0 F9000 X187.705 Y96.681
G1 F3600 X207.319 Y130.653 E707.8551
G0 F9000 X207.069 Y131.163
G1 F3600 X187.129 Y96.626 E710.4814
G0 F9000 X186.570 Y96.599
G1 F3600 X206.803 Y131.644 E713.1463
G0 F9000 X206.537 Y132.124
G1 F3600 X186.023 Y96.594 E715.8481
G0 F9000 X185.485 Y96.603
G1 F3600 X206.271 Y132.606 E718.5859
G0 F9000 X206.004 Y133.086
G1 F3600 X184.946 Y96.613 E721.3594
G0 F9000 X184.408 Y96.622
G1 F3600 X205.738 Y133.567 E724.1688
G0 F9000 X205.472 Y134.048
G1 F3600 X183.870 Y96.632 E727.0140
G0 F9000 X183.331 Y96.641
G1 F3600 X205.206 Y134.529 E729.8951
G0 F9000 X204.939 Y135.010
G1 F3600 X182.793 Y96.651 E732.8120
G0 F9000 X182.254 Y96.660
G1 F3600 X204.673 Y135.490 E735.7648
G0 F9000 X204.407 Y135.972
G1 F3600 X181.716 Y96.670 E738.7534
G0 F9000 X181.178 Y96.679
G1 F3600 X204.141 Y136.452 E741.7779
G0 F9000 X203.874 Y136.933
G1 F3600 X180.639 Y96.689 E744.8382
G0 F9000 X180.101 Y96.698
G1 F3600 X203.608 Y137.414 E747.9343
G0 F9000 X203.342 Y137.895
G1 F3600 X179.563 Y96.708 E751.0663
G0 F9000 X179.024 Y96.718
G1 F3600 X203.075 Y138.375 E754.2340
G0 F9000 X202.797 Y138.834
G1 F3600 X178.486 Y96.727 E757.4360
G0 F9000 X177.948 Y96.737
G1 F3600 X202.511 Y139.281 E760.6711
G0 F9000 X202.208 Y139.699
G1 F3600 X177.422 Y96.769 E763.9357
G0 F9000 X176.901 Y96.809
G1 F3600 X201.892 Y140.093 E767.2272
G0 F9000 X201.556 Y140.454
G1 F3600 X176.405 Y96.892 E770.5397
G0 F9000 X175.918 Y96.989
G1 F3600 X201.207 Y140.791 E773.8706
G0 F9000 X200.846 Y141.107
G1 F3600 X175.445 Y97.112 E777.2161
G0 F9000 X174.988 Y97.262
G1 F3600 X200.472 Y141.402 E780.5726
G0 F9000 X200.085 Y141.674
G1 F3600 X174.547 Y97.441 E783.9362
G0 F9000 X174.114 Y97.633
G1 F3600 X199.681 Y141.917 E787.3037
G0 F9000 X199.268 Y142.143
G1 F3600 X173.695 Y97.849 E790.6719
G0 F9000 X173.290 Y98.089
G1 F3600 X198.844 Y142.351 E794.0377
G0 F9000 X198.404 Y142.531
G1 F3600 X172.901 Y98.357 E797.3968
G0 F9000 X172.516 Y98.634
G1 F3600 X197.951 Y142.687 E800.7468
G0 F9000 X197.485 Y142.822
G1 F3600 X172.150 Y98.941 E804.0836
G0 F9000 X171.798 Y99.273
G1 F3600 X197.005 Y142.933 E807.4036
G0 F9000 X196.509 Y143.016
G1 F3600 X171.461 Y99.631 E810.7028
G0 F9000 X171.133 Y100.005
G1 F3600 X195.998 Y143.073 E813.9778
G0 F9000 X195.476 Y143.111
G1 F3600 X170.823 Y100.410 E817.2248
G0 F9000 X170.536 Y100.856
G1 F3600 X194.940 Y143.125 E820.4391
G0 F9000 X194.402 Y143.135
G1 F3600 X170.250 Y101.302 E823.6202
G0 F9000 X169.984 Y101.784
G1 F3600 X193.864 Y143.144 E826.7654
G0 F9000 X193.325 Y143.154
G1 F3600 X169.718 Y102.264 E829.8747
G0 F9000 X169.451 Y102.745
G1 F3600 X192.787 Y143.163 E832.9482
G0 F9000 X192.249 Y143.173
G1 F3600 X169.186 Y103.226 E835.9859
G0 F9000 X168.919 Y103.707
G1 F3600 X191.710 Y143.182 E838.9877
G0 F9000 X191.172 Y143.191
G1 F3600 X168.653 Y104.187 E841.9537
G0 F9000 X168.387 Y104.669
G1 F3600 X190.633 Y143.200 E844.8837
G0 F9000 X190.094 Y143.210
G1 F3600 X168.120 Y105.149 E847.7780
G0 F9000 X167.855 Y105.631
G1 F3600 X189.556 Y143.219 E850.6362
G0 F9000 X189.018 Y143.228
G1 F3600 X167.588 Y106.112 E853.4587
G0 F9000 X167.322 Y106.592
G1 F3600 X188.479 Y143.238 E856.2453
G0 F9000 X187.941 Y143.247
G1 F3600 X167.056 Y107.074 E858.9960
G0 F9000 X166.789 Y107.554
G1 F3600 X187.402 Y143.257 E861.7110
G0 F9000 X186.864 Y143.266
G1 F3600 X166.523 Y108.035 E864.3901
G0 F9000 X166.257 Y108.516
G1 F3600 X186.326 Y143.276 E867.0333
G0 F9000 X185.787 Y143.285
G1 F3600 X165.991 Y108.997 E869.6407
G0 F9000 X165.725 Y109.478
G1 F3600 X185.249 Y143.295 E872.2122
G0 F9000 X184.710 Y143.304
G1 F3600 X165.458 Y109.959 E874.7479
G0 F9000 X165.192 Y110.439
G1 F3600 X184.172 Y143.314 E877.2478
G0 F9000 X183.634 Y143.323
G1 F3600 X164.926 Y110.921 E879.7117
G0 F9000 X164.660 Y111.401
G1 F3600 X183.095 Y143.333 E882.1399
G0 F9000 X182.557 Y143.342
G1 F3600 X164.394 Y111.883 E884.5322
G0 F9000 X164.127 Y112.363
G1 F3600 X182.018 Y143.352 E886.8886
G0 F9000 X181.480 Y143.361
G1 F3600 X163.861 Y112.844 E889.2092
G0 F9000 X163.595 Y113.325
G1 F3600 X180.942 Y143.370 E891.4940
G0 F9000 X180.403 Y143.380
G1 F3600 X163.329 Y113.806 E893.7428
G0 F9000 X163.062 Y114.287
G1 F3600 X179.865 Y143.389 E895.9559
G0 F9000 X179.326 Y143.399
G1 F3600 X162.796 Y114.768 E898.1330
G0 F9000 X162.530 Y115.249
G1 F3600 X178.788 Y143.408 E900.2743
G0 F9000 X178.250 Y143.418
G1 F3600 X162.264 Y115.730 E902.3798
G0 F9000 X161.998 Y116.211
G1 F3600 X177.711 Y143.427 E904.4494
G0 F9000 X177.173 Y143.437
G1 F3600 X161.731 Y116.691 E906.4833
G0 F9000 X161.465 Y117.173
G1 F3600 X176.634 Y143.446 E908.4811
G0 F9000 X176.096 Y143.456
G1 F3600 X161.199 Y117.653 E910.4433
G0 F9000 X160.933 Y118.134
G1 F3600 X175.558 Y143.465 E912.3695
G0 F9000 X175.019 Y143.475
G1 F3600 X160.667 Y118.615 E914.2599
G0 F9000 X160.400 Y119.096
G1 F3600 X174.481 Y143.484 E916.1145
G0 F9000 X173.942 Y143.494
G1 F3600 X160.134 Y119.577 E917.9332
G0 F9000 X159.868 Y120.058
G1 F3600 X173.404 Y143.503 E919.7160
G0 F9000 X172.866 Y143.513
G1 F3600 X159.602 Y120.539 E921.4630
G0 F9000 X159.336 Y121.020
G1 F3600 X172.327 Y143.521 E923.1740
G0 F9000 X171.788 Y143.531
G1 F3600 X159.069 Y121.501 E924.8493
G0 F9000 X158.803 Y121.982
G1 F3600 X171.250 Y143.540 E926.4886
G0 F9000 X170.712 Y143.550
G1 F3600 X158.537 Y122.463 E928.0921
G0 F9000 X158.271 Y122.943
G1 F3600 X170.163 Y143.542 E929.6585
G0 F9000 X169.604 Y143.516
G1 F3600 X158.005 Y123.425 E931.1863
G0 F9000 X157.760 Y123.943
G1 F3600 X169.027 Y143.458 E932.6703
G0 F9000 X168.423 Y143.354
G1 F3600 X157.543 Y124.509 E934.1033
G0 F9000 X157.352 Y125.119
G1 F3600 X167.788 Y143.195 E935.4778
G0 F9000 X167.115 Y142.972
G1 F3600 X157.196 Y125.791 E936.7843
G0 F9000 X157.083 Y126.539
G1 F3600 X166.388 Y142.655 E938.0098
G0 F9000 X165.590 Y142.214
G1 F3600 X157.045 Y127.414 E939.1353
G0 F9000 X157.101 Y128.453
G1 F3600 X164.665 Y141.555 E940.1316
G0 F9000 X163.336 Y140.195
G1 F3600 X157.406 Y129.924 E940.9126
;PRINTING_TIME: 390
;REMAINING_TIME: 1096
;LAYER:0
;Z:2.160
;HEIGHT:0.300
;PRINTING: top_cover.stl
;PRINTING_ID: 0
G1 F2400 E940.4126
G0 F900 Z2.160
G0 F9000 X174.317 Y103.498
;TYPE:WALL-OUTER
;WIDTH:0.400
G1 F1500 E940.9126
G1 F900 X174.663 Y102.975 E940.9439
G1 X175.076 Y102.514 E940.9748
G1 X175.553 Y102.119 E941.0057
G1 X176.084 Y101.800 E941.0366
G1 X176.656 Y101.564 E941.0674
G1 X177.257 Y101.416 E941.0983
G1 X177.882 Y101.358 E941.1296
G1 X186.465 Y101.207 E941.5579
G1 X187.090 Y101.244 E941.5891
G1 X187.696 Y101.372 E941.6200
G1 X188.277 Y101.587 E941.6509
G1 X188.818 Y101.888 E941.6818
G1 X189.310 Y102.265 E941.7128
G1 X189.738 Y102.712 E941.7436
G1 X190.100 Y103.223 E941.7749
G1 X203.002 Y124.691 E943.0245
G1 X203.283 Y125.253 E943.0558
G1 X203.475 Y125.841 E943.0867
G1 X203.578 Y126.453 E943.1176
G1 X203.590 Y127.071 E943.1485
G1 X203.508 Y127.685 E943.1794
G1 X203.390 Y128.094 E943.2006
G1 X203.335 Y128.278 E943.2102
G1 X203.073 Y128.849 E943.2415
G1 X198.913 Y136.358 E943.6698
G1 X198.567 Y136.881 E943.7011
G1 X198.154 Y137.342 E943.7320
G1 X197.677 Y137.737 E943.7629
G1 X197.146 Y138.056 E943.7938
G1 X196.573 Y138.292 E943.8247
G1 X195.973 Y138.441 E943.8555
G1 X195.347 Y138.499 E943.8869
G1 X170.305 Y138.937 E945.1364
G1 X169.680 Y138.899 E945.1677
G1 X169.074 Y138.772 E945.1986
G1 X168.494 Y138.557 E945.2294
G1 X167.952 Y138.256 E945.2604
G1 X167.461 Y137.879 E945.2912
G1 X167.032 Y137.432 E945.3222
G1 X166.670 Y136.921 E945.3534
G1 X162.247 Y129.563 E945.7817
G1 X161.966 Y129.002 E945.8130
G1 X161.774 Y128.413 E945.8439
G1 X161.701 Y127.993 E945.8652
G1 X161.671 Y127.802 E945.8748
G1 X161.659 Y127.183 E945.9057
G1 X161.741 Y126.570 E945.9366
G1 X161.914 Y125.975 E945.9675
G1 X162.176 Y125.405 E945.9988
G1 X174.317 Y103.498 E947.2484
G0 F3600 X174.427 Y103.332
G1 F2400 E946.7484
G0 F9000 X178.719 Y106.788
G1 F1500 E947.2484
G1 F900 X167.297 Y127.395 E948.4238
G1 X170.953 Y133.480 E948.7780
G1 X194.510 Y133.069 E949.9534
G1 X197.952 Y126.860 E950.3076
G1 X185.817 Y106.664 E951.4831
G1 X181.238 Y106.744 E951.7116
G1 X178.719 Y106.788 E951.8373
G0 F3600 X178.623 Y106.962
G1 F2400 E951.3373
G0 F9000 X178.537 Y106.913
G0 X170.902 Y115.815
G0 X170.993 Y115.858
G1 F1500 E951.8373
G1 F900 X170.913 Y115.993 E951.8451
G1 X170.838 Y116.254 E951.8586
G1 X170.855 Y116.533 E951.8726
G1 X170.964 Y116.791 E951.8865
G1 X171.146 Y116.992 E951.9001
G1 X171.279 Y117.078 E951.9080
G1 X171.535 Y117.162 E951.9214
G1 X171.816 Y117.158 E951.9354
G1 X172.084 Y117.056 E951.9497
G1 X172.286 Y116.886 E951.9629
G1 X172.377 Y116.758 E951.9708
G1 X172.473 Y116.506 E951.9842
G1 X172.481 Y116.235 E951.9977
G1 X172.445 Y116.081 E952.0056
G1 X172.322 Y115.848 E952.0188
G1 X172.217 Y115.732 E952.0266
G1 X171.989 Y115.585 E952.0401
G1 X171.717 Y115.518 E952.0541
G1 X171.438 Y115.548 E952.0681
G1 X171.186 Y115.667 E952.0820
G1 X170.993 Y115.858 E952.0955
G0 F3600 X170.913 Y115.993
G0 X170.901 Y116.035
G1 F2400 E951.5955
G0 F9000 X170.806 Y116.007
G0 X164.778 Y125.144
G0 X164.864 Y125.193
G1 F1500 E952.0955
G1 F900 X164.707 Y125.414 E952.1091
G1 X164.651 Y125.560 E952.1169
G1 X164.621 Y125.830 E952.1304
G1 X164.684 Y126.100 E952.1442
G1 X164.836 Y126.337 E952.1583
G1 X165.056 Y126.510 E952.1723
G1 X165.322 Y126.599 E952.1862
G1 X165.593 Y126.593 E952.1998
G1 X165.744 Y126.552 E952.2076
G1 X165.979 Y126.416 E952.2211
G1 X166.154 Y126.209 E952.2346
G1 X166.223 Y126.067 E952.2425
G1 X166.275 Y125.801 E952.2560
G1 X166.235 Y125.523 E952.2701
G1 X166.095 Y125.265 E952.2847
G1 X165.906 Y125.093 E952.2975
G1 X165.767 Y125.018 E952.3053
G1 X165.504 Y124.955 E952.3188
G1 X165.235 Y124.982 E952.3323
G1 X165.086 Y125.036 E952.3402
G1 X164.864 Y125.193 E952.3538
G0 F3600 X164.749 Y125.356
G1 F2400 E951.8538
G0 F9000 X164.668 Y125.298
G0 X164.574 Y125.795
G0 X166.416 Y136.151
;TYPE:SOLID-FILL
;WIDTH:0.400
G1 F1500 E952.3538
G1 F900 X168.707 Y138.443 E952.5155
G1 F2400 E952.0155
G0 F9000 X169.509 Y138.679
G1 F1500 E952.5155
G1 F900 X165.563 Y134.733 E952.7939
G1 F2400 E952.2939
G0 F9000 X164.710 Y133.315
G1 F1500 E952.7939
G1 F900 X170.141 Y138.746 E953.1771
G0 F9000 X170.711 Y138.749
G1 F900 X163.857 Y131.895 E953.6606
G1 F2400 E953.1606
G0 F9000 X163.004 Y130.477
G1 F1500 E953.6606
G1 F900 X171.266 Y138.740 E954.2436
G0 F9000 X171.822 Y138.730
G1 F900 X162.237 Y129.144 E954.9199
G1 F2400 E954.4199
G0 F9000 X161.931 Y128.273
G1 F1500 E954.9199
G1 F900 X172.378 Y138.720 E955.6570
G0 F9000 X172.934 Y138.711
G1 F900 X161.846 Y127.622 E956.4394
G0 F9000 X161.854 Y127.064
G1 F900 X173.490 Y138.701 E957.2604
G0 F9000 X174.046 Y138.691
G1 F900 X161.926 Y126.570 E958.1156
G0 F9000 X162.054 Y126.133
G1 F900 X174.602 Y138.681 E959.0009
G0 F9000 X175.158 Y138.672
G1 F900 X162.221 Y125.734 E959.9137
G0 F9000 X162.407 Y125.355
G1 F900 X175.714 Y138.662 E960.8526
G0 F9000 X176.270 Y138.652
G1 F900 X171.272 Y133.654 E961.2052
G0 F9000 X171.828 Y133.644
G1 F900 X176.826 Y138.642 E961.5578
G0 F9000 X177.382 Y138.633
G1 F900 X172.384 Y133.635 E961.9105
G0 F9000 X172.940 Y133.625
G1 F900 X177.938 Y138.623 E962.2631
G0 F9000 X178.494 Y138.613
G1 F900 X173.496 Y133.615 E962.6158
G0 F9000 X174.052 Y133.605
G1 F900 X179.050 Y138.603 E962.9684
G0 F9000 X179.606 Y138.594
G1 F900 X174.608 Y133.596 E963.3210
G0 F9000 X175.164 Y133.586
G1 F900 X180.162 Y138.584 E963.6737
G0 F9000 X180.718 Y138.574
G1 F900 X175.720 Y133.576 E964.0263
G0 F9000 X176.276 Y133.567
G1 F900 X181.273 Y138.564 E964.3789
G0 F9000 X181.830 Y138.555
G1 F900 X176.832 Y133.557 E964.7315
G0 F9000 X177.388 Y133.547
G1 F900 X182.386 Y138.545 E965.0841
G0 F9000 X182.941 Y138.535
G1 F900 X177.944 Y133.537 E965.4367
G0 F9000 X178.500 Y133.528
G1 F900 X183.497 Y138.525 E965.7893
G0 F9000 X184.054 Y138.516
G1 F900 X179.056 Y133.518 E966.1419
G0 F9000 X179.612 Y133.508
G1 F900 X184.610 Y138.506 E966.4946
G0 F9000 X185.165 Y138.496
G1 F900 X180.167 Y133.498 E966.8472
G0 F9000 X180.724 Y133.489
G1 F900 X185.721 Y138.486 E967.1998
G0 F9000 X186.278 Y138.477
G1 F900 X181.280 Y133.479 E967.5524
G0 F9000 X181.836 Y133.469
G1 F900 X186.833 Y138.467 E967.9050
G0 F9000 X187.389 Y138.457
G1 F900 X182.391 Y133.460 E968.2576
G0 F9000 X182.948 Y133.450
G1 F900 X187.945 Y138.447 E968.6102
G0 F9000 X188.501 Y138.438
G1 F900 X183.504 Y133.440 E968.9628
G0 F9000 X184.059 Y133.431
G1 F900 X189.057 Y138.428 E969.3154
G0 F9000 X189.613 Y138.418
G1 F900 X184.616 Y133.421 E969.6679
G0 F9000 X185.172 Y133.411
G1 F900 X190.169 Y138.409 E970.0205
G0 F9000 X190.725 Y138.399
G1 F900 X185.727 Y133.402 E970.3731
G0 F9000 X186.283 Y133.392
G1 F900 X191.281 Y138.389 E970.7257
G0 F9000 X191.837 Y138.380
G1 F900 X186.840 Y133.382 E971.0783
G0 F9000 X187.396 Y133.373
G1 F900 X192.393 Y138.370 E971.4309
G0 F9000 X192.949 Y138.360
G1 F900 X187.951 Y133.363 E971.7835
G0 F9000 X188.507 Y133.353
G1 F900 X193.505 Y138.351 E972.1361
G0 F9000 X194.061 Y138.341
G1 F900 X189.064 Y133.344 E972.4887
G0 F9000 X189.619 Y133.334
G1 F900 X194.616 Y138.331 E972.8413
G0 F9000 X195.173 Y138.322
G1 F900 X190.175 Y133.324 E973.1939
G0 F9000 X190.731 Y133.314
G1 F900 X195.701 Y138.284 E973.5446
G0 F9000 X196.184 Y138.201
G1 F900 X191.287 Y133.305 E973.8900
G0 F9000 X191.843 Y133.295
G1 F900 X196.623 Y138.075 E974.2273
G0 F9000 X197.024 Y137.910
G1 F900 X192.399 Y133.285 E974.5536
G0 F9000 X192.956 Y133.276
G1 F900 X197.382 Y137.702 E974.8659
G0 F9000 X197.715 Y137.470
G1 F900 X193.511 Y133.266 E975.1625
G0 F9000 X194.067 Y133.256
G1 F900 X198.024 Y137.213 E975.4417
G0 F9000 X198.292 Y136.915
G1 F900 X194.618 Y133.241 E975.7009
G0 F9000 X194.819 Y132.877
G1 F900 X198.538 Y136.596 E975.9633
G0 F9000 X198.764 Y136.255
G1 F900 X195.022 Y132.513 E976.2273
G0 F9000 X195.223 Y132.149
G1 F900 X198.965 Y135.891 E976.4914
G0 F9000 X199.167 Y135.527
G1 F900 X195.425 Y131.786 E976.7553
G0 F9000 X195.627 Y131.422
G1 F900 X199.368 Y135.163 E977.0193
G0 F9000 X199.570 Y134.799
G1 F900 X195.828 Y131.057 E977.2833
G0 F9000 X196.031 Y130.694
G1 F900 X199.772 Y134.435 E977.5472
G0 F9000 X199.974 Y134.071
G1 F900 X196.232 Y130.330 E977.8112
G0 F9000 X196.434 Y129.966
G1 F900 X200.175 Y133.707 E978.0752
G0 F9000 X200.377 Y133.343
G1 F900 X196.636 Y129.602 E978.3391
G0 F9000 X196.838 Y129.238
G1 F900 X200.578 Y132.979 E978.6030
G0 F9000 X200.780 Y132.615
G1 F900 X197.039 Y128.874 E978.8670
G0 F9000 X197.241 Y128.511
G1 F900 X200.982 Y132.251 E979.1309
G0 F9000 X201.183 Y131.887
G1 F900 X197.443 Y128.146 E979.3948
G0 F9000 X197.645 Y127.783
G1 F900 X201.385 Y131.523 E979.6587
G0 F9000 X201.586 Y131.159
G1 F900 X197.847 Y127.419 E979.9225
G0 F9000 X198.048 Y127.055
G1 F900 X201.789 Y130.795 E980.1864
G0 F9000 X201.990 Y130.431
G1 F900 X197.774 Y126.215 E980.4839
G1 F2400 E979.9839
G0 F9000 X196.922 Y124.797
G1 F1500 E980.4839
G1 F900 X202.192 Y130.067 E980.8557
G0 F9000 X202.393 Y129.703
G1 F900 X196.070 Y123.380 E981.3019
G1 F2400 E980.8019
G0 F9000 X195.218 Y121.962
G1 F1500 E981.3019
G1 F900 X202.595 Y129.339 E981.8223
G0 F9000 X202.797 Y128.975
G1 F900 X194.367 Y120.545 E982.4171
G1 F2400 E981.9171
G0 F9000 X193.516 Y119.128
G1 F1500 E982.4171
G1 F900 X202.988 Y128.600 E983.0854
G0 F9000 X203.166 Y128.213
G1 F900 X192.663 Y117.710 E983.8265
G1 F2400 E983.3265
G0 F9000 X191.812 Y116.293
G1 F1500 E983.8265
G1 F900 X203.294 Y127.775 E984.6366
G0 F9000 X203.378 Y127.294
G1 F900 X190.960 Y114.875 E985.5128
G1 F2400 E985.0128
G0 F9000 X190.109 Y113.458
G1 F1500 E985.5128
G1 F900 X203.403 Y126.753 E986.4508
G1 F2400 E985.9508
G0 F9000 X203.338 Y126.122
G1 F1500 E986.4508
G1 F900 X189.257 Y112.041 E987.4443
G1 F2400 E986.9443
G0 F9000 X188.405 Y110.624
G1 F1500 E987.4443
G1 F900 X203.122 Y125.340 E988.4826
G1 F2400 E987.9826
G0 F9000 X202.422 Y124.075
G1 F1500 E988.4826
G1 F900 X187.554 Y109.206 E989.5316
G1 F2400 E989.0316
G0 F9000 X186.703 Y107.789
G1 F1500 E989.5316
G1 F900 X201.570 Y122.657 E990.5806
G1 F2400 E990.0806
G0 F9000 X200.718 Y121.239
G1 F1500 E990.5806
G1 F900 X180.962 Y101.483 E991.9745
G0 F9000 X181.518 Y101.474
G1 F900 X199.865 Y119.821 E993.2690
G1 F2400 E992.7690
G0 F9000 X199.013 Y118.403
G1 F1500 E993.2690
G1 F900 X182.075 Y101.464 E994.4641
G0 F9000 X182.630 Y101.454
G1 F900 X198.161 Y116.985 E995.5599
G1 F2400 E995.0599
G0 F9000 X197.309 Y115.568
G1 F1500 E995.5599
G1 F900 X183.186 Y101.445 E996.5564
G0 F9000 X183.742 Y101.435
G1 F900 X196.457 Y114.150 E997.4535
G1 F2400 E996.9535
G0 F9000 X195.605 Y112.732
G1 F1500 E997.4535
G1 F900 X184.298 Y101.425 E998.2512
G0 F9000 X184.853 Y101.415
G1 F900 X194.753 Y111.314 E998.9497
G1 F2400 E998.4497
G0 F9000 X193.900 Y109.896
G1 F1500 E998.9497
G1 F900 X185.410 Y101.406 E999.5487
G0 F9000 X185.966 Y101.396
G1 F900 X193.048 Y108.478 E1000.0484
G1 F2400 E999.5484
G0 F9000 X192.196 Y107.060
G1 F1500 E1000.0484
G1 F900 X186.526 Y101.391 E1000.4484
G1 F2400 E999.9484
G0 F9000 X187.140 Y101.439
G1 F1500 E1000.4484
G1 F900 X191.344 Y105.643 E1000.7450
G1 F2400 E1000.2450
G0 F9000 X190.492 Y104.225
G1 F1500 E1000.7450
G1 F900 X187.912 Y101.645 E1000.9271
G1 F2400 E1000.4271
G0 F9000 X185.404 Y106.490
G1 F1500 E1000.9271
G1 F900 X180.406 Y101.493 E1001.2797
G0 F9000 X179.851 Y101.503
G1 F900 X184.848 Y106.500 E1001.6322
G0 F9000 X184.292 Y106.510
G1 F900 X179.295 Y101.513 E1001.9848
G0 F9000 X178.738 Y101.522
G1 F900 X183.736 Y106.519 E1002.3374
G0 F9000 X183.180 Y106.529
G1 F900 X178.183 Y101.532 E1002.6899
G0 F9000 X177.645 Y101.561
G1 F900 X182.624 Y106.539 E1003.0412
G0 F9000 X182.068 Y106.549
G1 F900 X177.147 Y101.628 E1003.3884
G0 F9000 X176.696 Y101.742
G1 F900 X181.512 Y106.559 E1003.7282
G0 F9000 X180.956 Y106.568
G1 F900 X176.295 Y101.907 E1004.0571
G0 F9000 X175.926 Y102.104
G1 F900 X180.400 Y106.578 E1004.3728
G0 F9000 X179.844 Y106.587
G1 F900 X175.583 Y102.327 E1004.6734
G0 F9000 X175.274 Y102.583
G1 F900 X179.288 Y106.597 E1004.9566
G0 F9000 X178.732 Y106.607
G1 F900 X174.996 Y102.871 E1005.2202
G0 F9000 X174.741 Y103.182
G1 F900 X178.453 Y106.894 E1005.4821
G0 F9000 X178.252 Y107.258
G1 F900 X174.516 Y103.522 E1005.7457
G0 F9000 X174.309 Y103.881
G1 F900 X178.050 Y107.623 E1006.0097
G0 F9000 X177.848 Y107.986
G1 F900 X174.108 Y104.245 E1006.2736
G0 F9000 X173.905 Y104.609
G1 F900 X177.647 Y108.350 E1006.5375
G0 F9000 X177.445 Y108.714
G1 F900 X173.704 Y104.973 E1006.8015
G0 F9000 X173.502 Y105.337
G1 F900 X177.243 Y109.078 E1007.0654
G0 F9000 X177.041 Y109.442
G1 F900 X173.301 Y105.701 E1007.3294
G0 F9000 X173.099 Y106.065
G1 F900 X176.840 Y109.806 E1007.5933
G0 F9000 X176.638 Y110.170
G1 F900 X172.897 Y106.429 E1007.8572
G0 F9000 X172.695 Y106.793
G1 F900 X176.436 Y110.534 E1008.1212
G0 F9000 X176.235 Y110.898
G1 F900 X172.493 Y107.157 E1008.3852
G0 F9000 X172.292 Y107.521
G1 F900 X176.032 Y111.261 E1008.6491
G0 F9000 X175.831 Y111.625
G1 F900 X172.090 Y107.885 E1008.9130
G0 F9000 X171.889 Y108.249
G1 F900 X175.629 Y111.990 E1009.1769
G0 F9000 X175.427 Y112.353
G1 F900 X171.686 Y108.613 E1009.4408
G0 F9000 X171.485 Y108.977
G1 F900 X175.226 Y112.717 E1009.7047
G0 F9000 X175.024 Y113.081
G1 F900 X171.283 Y109.341 E1009.9686
G0 F9000 X171.082 Y109.705
G1 F900 X174.822 Y113.445 E1010.2325
G0 F9000 X174.620 Y113.809
G1 F900 X170.880 Y110.068 E1010.4964
G0 F9000 X170.678 Y110.433
G1 F900 X174.419 Y114.173 E1010.7603
G0 F9000 X174.217 Y114.537
G1 F900 X170.477 Y110.797 E1011.0242
G0 F9000 X170.274 Y111.160
G1 F900 X174.015 Y114.901 E1011.2881
G0 F9000 X173.813 Y115.265
G1 F900 X170.073 Y111.524 E1011.5521
G0 F9000 X169.871 Y111.889
G1 F900 X173.612 Y115.629 E1011.8160
G0 F9000 X173.410 Y115.993
G1 F900 X169.670 Y112.253 E1012.0798
G0 F9000 X169.468 Y112.616
G1 F900 X173.208 Y116.357 E1012.3438
G1 F2400 E1011.8438
G0 F9000 X172.280 Y117.125
G1 F1500 E1012.3438
G1 F900 X172.502 Y117.631 E1012.3666
G1 X171.904 Y117.316 E1012.4003
G1 F2400 E1011.9003
G0 F9000 X171.296 Y117.273
G1 F1500 E1012.4003
G1 F900 X172.200 Y118.177 E1012.4641
G0 F9000 X171.998 Y118.540
G1 F900 X168.258 Y114.800 E1012.7280
G0 F9000 X168.459 Y114.436
G1 F900 X170.733 Y116.710 E1012.8884
G1 F2400 E1012.3884
G0 F9000 X170.693 Y116.104
G1 F1500 E1012.8884
G1 F900 X168.661 Y114.072 E1013.0318
G0 F9000 X168.862 Y113.708
G1 F900 X170.874 Y115.720 E1013.1737
G0 F9000 X171.187 Y115.467
G1 F900 X169.064 Y113.344 E1013.3235
G0 F9000 X169.266 Y112.980
G1 F900 X171.631 Y115.346 E1013.4904
G1 F2400 E1012.9904
G0 F9000 X170.730 Y115.914
G0 X170.767 Y116.471
G0 X171.796 Y118.904
G1 F1500 E1013.4904
G1 F900 X168.055 Y115.164 E1013.7543
G0 F9000 X167.854 Y115.528
G1 F900 X171.595 Y119.269 E1014.0183
G0 F9000 X171.393 Y119.633
G1 F900 X167.652 Y115.892 E1014.2822
G0 F9000 X167.450 Y116.256
G1 F900 X171.191 Y119.996 E1014.5461
G0 F9000 X170.989 Y120.360
G1 F900 X167.249 Y116.620 E1014.8100
G0 F9000 X167.047 Y116.984
G1 F900 X170.788 Y120.725 E1015.0740
G0 F9000 X170.586 Y121.089
G1 F900 X166.846 Y117.348 E1015.3379
G0 F9000 X166.643 Y117.712
G1 F900 X170.384 Y121.452 E1015.6018
G0 F9000 X170.182 Y121.816
G1 F900 X166.442 Y118.076 E1015.8657
G0 F9000 X166.240 Y118.440
G1 F900 X169.981 Y122.180 E1016.1296
G0 F9000 X169.779 Y122.544
G1 F900 X166.039 Y118.804 E1016.3934
G0 F9000 X165.837 Y119.167
G1 F900 X169.577 Y122.908 E1016.6574
G0 F9000 X169.376 Y123.272
G1 F900 X165.635 Y119.532 E1016.9213
G0 F9000 X165.433 Y119.896
G1 F900 X169.174 Y123.636 E1017.1852
G0 F9000 X168.972 Y124.000
G1 F900 X165.231 Y120.259 E1017.4491
G0 F9000 X165.030 Y120.623
G1 F900 X168.770 Y124.364 E1017.7130
G0 F9000 X168.569 Y124.728
G1 F900 X164.828 Y120.988 E1017.9770
G0 F9000 X164.627 Y121.352
G1 F900 X168.367 Y125.092 E1018.2408
G0 F9000 X168.165 Y125.456
G1 F900 X164.424 Y121.715 E1018.5048
G0 F9000 X164.223 Y122.079
G1 F900 X167.964 Y125.820 E1018.7687
G0 F9000 X167.762 Y126.184
G1 F900 X164.021 Y122.444 E1019.0326
G0 F9000 X163.819 Y122.807
G1 F900 X165.895 Y124.883 E1019.1791
G1 F2400 E1018.6791
G0 F9000 X166.323 Y125.311
G1 F1500 E1019.1791
G1 F900 X167.560 Y126.548 E1019.2664
G0 F9000 X167.358 Y126.912
G1 F900 X166.422 Y125.976 E1019.3324
G0 F9000 X166.252 Y126.371
G1 F900 X167.157 Y127.276 E1019.3963
G1 F2400 E1018.8963
G0 F9000 X167.652 Y128.337
G1 F1500 E1019.3963
G1 F900 X165.953 Y126.638 E1019.5162
G0 F9000 X165.524 Y126.775
G1 F900 X168.504 Y129.754 E1019.7264
G1 F2400 E1019.2264
G0 F9000 X169.355 Y131.171
G1 F1500 E1019.7264
G1 F900 X162.811 Y124.627 E1020.1881
G0 F9000 X163.012 Y124.263
G1 F900 X164.453 Y125.703 E1020.2897
G0 F9000 X164.586 Y125.271
G1 F900 X163.215 Y123.899 E1020.3865
G0 F9000 X163.416 Y123.535
G1 F900 X164.856 Y124.976 E1020.4881
G0 F9000 X165.245 Y124.798
G1 F900 X163.618 Y123.171 E1020.6029
G1 F2400 E1020.1029
G0 F9000 X162.609 Y124.991
G1 F1500 E1020.6029
G1 F900 X170.206 Y132.588 E1021.1389
G1 F2400 E1020.6389
G0 F9000 X167.097 Y127.398
G0 X172.790 Y117.070
;TYPE:SOLID-FILL
;WIDTH:0.400
G1 F1500 E1021.1389
G1 F900 X172.775 Y116.772 E1021.1552
G1 X172.676 Y116.390 E1021.1749
G1 F2400 E1020.6749
G0 F9000 X174.363 Y117.326
G0 X179.444 Y108.076
G0 X179.433 Y107.976
;TYPE:WALL-OUTER
;WIDTH:0.400
G1 F1500 E1021.1749
G1 F900 X185.145 Y107.876 E1021.4599
G1 X196.566 Y126.884 E1022.5662
G1 X193.797 Y131.881 E1022.8512
G1 X171.625 Y132.268 E1023.9576
G1 X168.682 Y127.371 E1024.2426
G1 X179.433 Y107.976 E1025.3490
G0 F3600 X179.633 Y107.973
G1 F2400 E1024.8490
G0 F9000 X185.744 Y123.484
G0 X185.809 Y123.561
G1 F1500 E1025.3490
G1 F900 X185.552 Y123.740 E1025.3646
G1 X185.370 Y123.996 E1025.3803
G1 X185.307 Y124.163 E1025.3892
G1 X185.273 Y124.465 E1025.4043
G1 X185.298 Y124.635 E1025.4129
G1 X185.358 Y124.811 E1025.4222
G1 X185.531 Y125.070 E1025.4377
G1 X185.767 Y125.252 E1025.4526
G1 X185.930 Y125.322 E1025.4614
G1 X186.241 Y125.370 E1025.4771
G1 X186.548 Y125.311 E1025.4927
G1 X186.710 Y125.235 E1025.5017
G1 X186.950 Y125.033 E1025.5173
G1 X187.109 Y124.764 E1025.5329
G1 X187.156 Y124.600 E1025.5414
G1 X187.175 Y124.417 E1025.5506
G1 X187.131 Y124.130 E1025.5651
G1 X187.061 Y123.966 E1025.5740
G1 X186.871 Y123.717 E1025.5896
G1 X186.608 Y123.546 E1025.6052
G1 X186.443 Y123.492 E1025.6139
G1 X186.208 Y123.465 E1025.6257
G1 X185.972 Y123.499 E1025.6376
G1 X185.809 Y123.561 E1025.6463
G0 F3600 X185.645 Y123.675
G1 F2400 E1025.1463
G0 F9000 X185.548 Y108.897
;TYPE:SOLID-FILL
;WIDTH:0.400
G1 F1500 E1025.6463
G1 F900 X184.714 Y108.064 E1025.7051
G0 F9000 X184.158 Y108.073
G1 F900 X186.399 Y110.315 E1025.8633
G1 F2400 E1025.3633
G0 F9000 X187.251 Y111.732
G1 F1500 E1025.8633
G1 F900 X183.602 Y108.083 E1026.1207
G0 F9000 X183.046 Y108.093
G1 F900 X188.102 Y113.149 E1026.4774
G1 F2400 E1025.9774
G0 F9000 X188.954 Y114.566
G1 F1500 E1026.4774
G1 F900 X182.490 Y108.103 E1026.9335
G0 F9000 X181.934 Y108.112
G1 F900 X189.805 Y115.983 E1027.4888
G1 F2400 E1026.9888
G0 F9000 X190.657 Y117.400
G1 F1500 E1027.4888
G1 F900 X181.378 Y108.122 E1028.1435
G0 F9000 X180.822 Y108.132
G1 F900 X191.508 Y118.817 E1028.8974
G1 F2400 E1028.3974
G0 F9000 X192.359 Y120.235
G1 F1500 E1028.8974
G1 F900 X180.266 Y108.142 E1029.7506
G0 F9000 X179.710 Y108.151
G1 F900 X193.211 Y121.652 E1030.7032
G1 F2400 E1030.2032
G0 F9000 X194.062 Y123.069
G1 F1500 E1030.7032
G1 F900 X179.399 Y108.405 E1031.7378
G0 F9000 X179.197 Y108.769
G1 F900 X194.913 Y124.486 E1032.8467
G1 F2400 E1032.3467
G0 F9000 X195.766 Y125.903
G1 F1500 E1032.8467
G1 F900 X178.995 Y109.133 E1034.0299
G0 F9000 X178.794 Y109.497
G1 F900 X196.296 Y126.999 E1035.2648
G0 F9000 X196.094 Y127.363
G1 F900 X178.592 Y109.861 E1036.4996
G0 F9000 X178.390 Y110.225
G1 F900 X195.892 Y127.727 E1037.7345
G0 F9000 X195.691 Y128.091
G1 F900 X178.188 Y110.589 E1038.9694
G0 F9000 X177.987 Y110.953
G1 F900 X195.489 Y128.455 E1040.2042
G0 F9000 X195.287 Y128.819
G1 F900 X177.785 Y111.317 E1041.4391
G0 F9000 X177.583 Y111.681
G1 F900 X195.085 Y129.183 E1042.6740
G0 F9000 X194.884 Y129.547
G1 F900 X177.381 Y112.045 E1043.9089
G0 F9000 X177.180 Y112.409
G1 F900 X194.682 Y129.911 E1045.1437
G0 F9000 X194.480 Y130.275
G1 F900 X176.978 Y112.772 E1046.3786
G0 F9000 X176.776 Y113.137
G1 F900 X194.279 Y130.639 E1047.6135
G0 F9000 X194.077 Y131.003
G1 F900 X187.331 Y124.257 E1048.0895
G0 F9000 X187.289 Y124.781
G1 F900 X193.875 Y131.367 E1048.5542
G0 F9000 X193.646 Y131.703
G1 F900 X187.090 Y125.148 E1049.0167
G0 F9000 X186.779 Y125.402
G1 F900 X193.089 Y131.712 E1049.4619
G0 F9000 X192.533 Y131.722
G1 F900 X186.344 Y125.533 E1049.8986
G1 F2400 E1049.3986
G0 F9000 X185.585 Y125.339
G1 F1500 E1049.8986
G1 F900 X191.978 Y131.732 E1050.3496
G0 F9000 X191.421 Y131.741
G1 F900 X175.364 Y115.684 E1051.4825
G0 F9000 X175.163 Y116.048
G1 F900 X190.865 Y131.751 E1052.5904
G0 F9000 X190.310 Y131.761
G1 F900 X174.960 Y116.412 E1053.6734
G0 F9000 X174.759 Y116.776
G1 F900 X189.754 Y131.771 E1054.7314
G0 F9000 X189.197 Y131.780
G1 F900 X174.557 Y117.140 E1055.7643
G0 F9000 X174.355 Y117.504
G1 F900 X188.641 Y131.790 E1056.7723
G0 F9000 X188.086 Y131.800
G1 F900 X174.154 Y117.868 E1057.7553
G0 F9000 X173.952 Y118.232
G1 F900 X187.529 Y131.809 E1058.7132
G0 F9000 X186.973 Y131.819
G1 F900 X173.750 Y118.596 E1059.6461
G0 F9000 X173.548 Y118.960
G1 F900 X186.418 Y131.829 E1060.5541
G0 F9000 X185.862 Y131.839
G1 F900 X173.347 Y119.324 E1061.4371
G0 F9000 X173.145 Y119.688
G1 F900 X185.305 Y131.848 E1062.2951
G0 F9000 X184.750 Y131.858
G1 F900 X172.943 Y120.051 E1063.1282
G0 F9000 X172.741 Y120.416
G1 F900 X184.194 Y131.868 E1063.9362
G0 F9000 X183.638 Y131.878
G1 F900 X172.540 Y120.780 E1064.7192
G0 F9000 X172.338 Y121.143
G1 F900 X183.081 Y131.887 E1065.4772
G0 F9000 X182.526 Y131.897
G1 F900 X172.136 Y121.507 E1066.2103
G0 F9000 X171.935 Y121.871
G1 F900 X181.970 Y131.907 E1066.9184
G0 F9000 X181.413 Y131.916
G1 F900 X171.733 Y122.236 E1067.6013
G0 F9000 X171.531 Y122.599
G1 F900 X180.858 Y131.926 E1068.2594
G0 F9000 X180.302 Y131.936
G1 F900 X171.329 Y122.963 E1068.8925
G0 F9000 X171.128 Y123.327
G1 F900 X179.746 Y131.946 E1069.5006
G0 F9000 X179.190 Y131.955
G1 F900 X170.926 Y123.691 E1070.0836
G0 F9000 X170.724 Y124.055
G1 F900 X178.634 Y131.965 E1070.6417
G0 F9000 X178.078 Y131.975
G1 F900 X170.523 Y124.419 E1071.1748
G0 F9000 X170.320 Y124.783
G1 F900 X177.521 Y131.984 E1071.6829
G0 F9000 X176.966 Y131.994
G1 F900 X170.119 Y125.147 E1072.1660
G0 F9000 X169.917 Y125.511
G1 F900 X176.410 Y132.004 E1072.6241
G0 F9000 X175.854 Y132.014
G1 F900 X169.716 Y125.875 E1073.0572
G0 F9000 X169.514 Y126.239
G1 F900 X175.298 Y132.023 E1073.4653
G0 F9000 X174.742 Y132.033
G1 F900 X169.312 Y126.603 E1073.8484
G0 F9000 X169.110 Y126.967
G1 F900 X174.186 Y132.042 E1074.2065
G0 F9000 X173.630 Y132.052
G1 F900 X168.908 Y127.330 E1074.5397
G1 F2400 E1074.0397
G0 F9000 X169.657 Y128.645
G1 F1500 E1074.5397
G1 F900 X173.074 Y132.062 E1074.7808
G0 F9000 X172.518 Y132.071
G1 F900 X170.508 Y130.062 E1074.9225
G1 F2400 E1074.4225
G0 F9000 X171.360 Y131.480
G1 F1500 E1074.9225
G1 F900 X171.962 Y132.081 E1074.9650
G1 F2400 E1074.4650
G0 F9000 X185.310 Y125.065
G1 F1500 E1074.9650
G1 F900 X175.566 Y115.320 E1075.6525
G0 F9000 X175.768 Y114.957
G1 F900 X185.109 Y124.298 E1076.3116
G0 F9000 X185.241 Y123.864
G1 F900 X175.969 Y114.593 E1076.9657
G0 F9000 X176.171 Y114.228
G1 F900 X185.498 Y123.556 E1077.6238
G0 F9000 X185.858 Y123.349
G1 F900 X176.372 Y113.864 E1078.2931
G0 F9000 X176.575 Y113.501
G1 F900 X186.377 Y123.303 E1078.9847
;PRINTING_TIME: 602
;REMAINING_TIME: 885
;LAYER:1
;Z:2.170
;HEIGHT:0.250
;PRINTING: top_cover.stl
;PRINTING_ID: 0
G1 F2400 E1078.4847
G0 F900 Z2.170
G0 F9000 X179.671 Y108.372
;TYPE:WALL-INNER
;WIDTH:0.400
G1 F1500 E1078.9847
G1 F1425 X184.921 Y108.280 E1079.2030
G1 X196.104 Y126.892 E1080.1057
G1 X193.559 Y131.485 E1080.3240
G1 X171.849 Y131.864 E1081.2267
G1 X169.144 Y127.363 E1081.4451
G1 X179.671 Y108.372 E1082.3478
G1 F2400 E1081.8478
G0 F9000 X179.433 Y107.976
;TYPE:WALL-OUTER
;WIDTH:0.400
G1 F1500 E1082.3478
G1 F1425 X185.145 Y107.876 E1082.5853
G1 X196.566 Y126.884 E1083.5073
G1 X193.797 Y131.881 E1083.7448
G1 X171.625 Y132.268 E1084.6667
G1 X168.682 Y127.371 E1084.9043
G1 X179.433 Y107.976 E1085.8262
G0 F3600 X179.633 Y107.973
G1 F2400 E1085.3262
G0 F9000 X185.014 Y123.806
;TYPE:WALL-INNER
;WIDTH:0.400
G1 F1500 E1085.8262
G1 F1425 X184.915 Y124.069 E1085.8379
G1 X184.867 Y124.498 E1085.8558
G1 X184.967 Y124.922 E1085.8739
G1 X185.091 Y125.155 E1085.8849
G1 X185.277 Y125.381 E1085.8971
G1 X185.565 Y125.600 E1085.9121
G1 X185.818 Y125.710 E1085.9236
G1 X186.231 Y125.773 E1085.9410
G1 X186.550 Y125.730 E1085.9544
G1 X186.912 Y125.587 E1085.9705
G1 X187.260 Y125.295 E1085.9894
G1 X187.479 Y124.924 E1086.0073
G1 X187.553 Y124.670 E1086.0183
G1 X187.575 Y124.377 E1086.0305
G1 X187.518 Y124.017 E1086.0457
G1 X187.409 Y123.763 E1086.0572
G1 X187.147 Y123.419 E1086.0752
G1 X186.782 Y123.182 E1086.0933
G1 X186.529 Y123.099 E1086.1043
G1 X186.202 Y123.062 E1086.1180
G1 X185.871 Y123.109 E1086.1319
G1 X185.621 Y123.205 E1086.1430
G1 X185.266 Y123.452 E1086.1610
G1 X185.014 Y123.806 E1086.1791
G1 F2400 E1085.6791
G0 F9000 X185.370 Y123.996
;TYPE:WALL-OUTER
;WIDTH:0.400
G1 F1500 E1086.1791
G1 F1425 X185.307 Y124.163 E1086.1865
G1 X185.272 Y124.474 E1086.1995
G1 X185.344 Y124.780 E1086.2126
G1 X185.425 Y124.932 E1086.2198
G1 X185.556 Y125.091 E1086.2283
G1 X185.768 Y125.252 E1086.2394
G1 X185.930 Y125.322 E1086.2467
G1 X186.235 Y125.369 E1086.2596
G1 X186.448 Y125.340 E1086.2685
G1 X186.705 Y125.239 E1086.2800
G1 X186.950 Y125.033 E1086.2933
G1 X187.109 Y124.764 E1086.3063
G1 X187.157 Y124.598 E1086.3135
G1 X187.173 Y124.393 E1086.3220
G1 X187.131 Y124.129 E1086.3331
G1 X187.061 Y123.966 E1086.3405
G1 X186.871 Y123.717 E1086.3535
G1 X186.608 Y123.546 E1086.3666
G1 X186.443 Y123.492 E1086.3738
G1 X186.208 Y123.465 E1086.3836
G1 X185.972 Y123.499 E1086.3935
G1 X185.809 Y123.561 E1086.4008
G1 X185.552 Y123.740 E1086.4138
G1 X185.370 Y123.996 E1086.4269
G0 F3600 X185.307 Y124.163
G0 X185.305 Y124.184
G1 F2400 E1085.9269
G0 F9000 X185.206 Y124.172
G0 X185.376 Y125.032
G0 X193.107 Y131.313
;TYPE:SOLID-FILL
;WIDTH:0.400
G1 F1500 E1086.4269
G1 F1575 X193.871 Y130.549 E1086.4718
G1 F2400 E1085.9718
G0 F9000 X194.573 Y129.281
G1 F1500 E1086.4718
G1 F1575 X192.531 Y131.323 E1086.5918
G0 F9000 X191.956 Y131.333
G1 F1575 X195.276 Y128.012 E1086.7871
G1 F2400 E1086.2871
G0 F9000 X195.869 Y126.854
G1 F1500 E1086.7871
G1 F1575 X191.379 Y131.343 E1087.0510
G0 F9000 X190.804 Y131.353
G1 F1575 X195.657 Y126.500 E1087.3364
G0 F9000 X195.445 Y126.147
G1 F1575 X190.228 Y131.363 E1087.6431
G0 F9000 X189.653 Y131.373
G1 F1575 X195.232 Y125.793 E1087.9711
G0 F9000 X195.020 Y125.440
G1 F1575 X189.076 Y131.383 E1088.3206
G0 F9000 X188.501 Y131.393
G1 F1575 X194.807 Y125.087 E1088.6914
G0 F9000 X194.595 Y124.733
G1 F1575 X187.925 Y131.403 E1089.0835
G0 F9000 X187.350 Y131.413
G1 F1575 X194.383 Y124.380 E1089.4970
G0 F9000 X194.170 Y124.027
G1 F1575 X186.774 Y131.423 E1089.9319
G0 F9000 X186.198 Y131.434
G1 F1575 X193.958 Y123.673 E1090.3882
G0 F9000 X193.746 Y123.320
G1 F1575 X185.622 Y131.444 E1090.8658
G0 F9000 X185.047 Y131.453
G1 F1575 X193.534 Y122.966 E1091.3649
G0 F9000 X193.321 Y122.613
G1 F1575 X184.471 Y131.463 E1091.8852
G0 F9000 X183.895 Y131.473
G1 F1575 X193.109 Y122.260 E1092.4269
G0 F9000 X192.897 Y121.906
G1 F1575 X183.319 Y131.484 E1092.9901
G0 F9000 X182.743 Y131.494
G1 F1575 X192.685 Y121.553 E1093.5746
G0 F9000 X192.472 Y121.200
G1 F1575 X182.168 Y131.504 E1094.1804
G0 F9000 X181.592 Y131.514
G1 F1575 X192.260 Y120.846 E1094.8077
G0 F9000 X192.048 Y120.493
G1 F1575 X187.685 Y124.855 E1095.0642
G1 F2400 E1094.5642
G0 F9000 X187.735 Y124.240
G1 F1500 E1095.0642
G1 F1575 X191.835 Y120.140 E1095.3052
G0 F9000 X191.623 Y119.786
G1 F1575 X187.618 Y123.791 E1095.5407
G0 F9000 X187.396 Y123.448
G1 F1575 X191.410 Y119.433 E1095.7767
G0 F9000 X191.198 Y119.079
G1 F1575 X187.101 Y123.176 E1096.0176
G0 F9000 X186.734 Y122.977
G1 F1575 X190.986 Y118.726 E1096.2676
G0 F9000 X190.773 Y118.373
G1 F1575 X186.259 Y122.887 E1096.5330
G1 F2400 E1096.0330
G0 F9000 X185.535 Y123.045
G1 F1500 E1096.5330
G1 F1575 X190.561 Y118.019 E1096.8285
G0 F9000 X190.349 Y117.666
G1 F1575 X176.411 Y131.604 E1097.6480
G0 F9000 X176.986 Y131.594
G1 F1575 X184.847 Y123.733 E1098.1102
G1 F2400 E1097.6102
G0 F9000 X184.689 Y124.457
G1 F1500 E1098.1102
G1 F1575 X177.562 Y131.584 E1098.5293
G0 F9000 X178.137 Y131.574
G1 F1575 X184.782 Y124.930 E1098.9199
G0 F9000 X184.976 Y125.302
G1 F1575 X178.714 Y131.564 E1099.2881
G0 F9000 X179.289 Y131.554
G1 F1575 X185.254 Y125.589 E1099.6388
G0 F9000 X185.598 Y125.811
G1 F1575 X179.865 Y131.544 E1099.9759
G0 F9000 X180.440 Y131.534
G1 F1575 X186.048 Y125.927 E1100.3056
G1 F2400 E1099.8056
G0 F9000 X186.663 Y125.877
G1 F1500 E1100.3056
G1 F1575 X181.016 Y131.524 E1100.6376
G1 F2400 E1100.1376
G0 F9000 X175.834 Y131.615
G1 F1500 E1100.6376
G1 F1575 X190.136 Y117.313 E1101.4785
G0 F9000 X189.924 Y116.959
G1 F1575 X175.259 Y131.625 E1102.3408
G0 F9000 X174.683 Y131.634
G1 F1575 X189.712 Y116.606 E1103.2244
G0 F9000 X189.500 Y116.252
G1 F1575 X174.108 Y131.644 E1104.1294
G0 F9000 X173.532 Y131.654
G1 F1575 X189.287 Y115.899 E1105.0557
G0 F9000 X189.075 Y115.546
G1 F1575 X172.956 Y131.665 E1106.0035
G0 F9000 X172.380 Y131.675
G1 F1575 X188.863 Y115.192 E1106.9726
G0 F9000 X188.651 Y114.839
G1 F1575 X171.896 Y131.593 E1107.9577
G0 F9000 X171.684 Y131.240
G1 F1575 X188.438 Y114.486 E1108.9428
G0 F9000 X188.226 Y114.132
G1 F1575 X171.471 Y130.886 E1109.9279
G0 F9000 X171.259 Y130.533
G1 F1575 X188.014 Y113.779 E1110.9130
G0 F9000 X187.801 Y113.426
G1 F1575 X171.047 Y130.180 E1111.8981
G0 F9000 X170.834 Y129.826
G1 F1575 X187.589 Y113.072 E1112.8832
G0 F9000 X187.376 Y112.719
G1 F1575 X170.622 Y129.473 E1113.8682
G0 F9000 X170.409 Y129.120
G1 F1575 X187.164 Y112.365 E1114.8534
G0 F9000 X186.951 Y112.012
G1 F1575 X170.197 Y128.766 E1115.8384
G0 F9000 X169.985 Y128.413
G1 F1575 X186.739 Y111.659 E1116.8235
G0 F9000 X186.527 Y111.305
G1 F1575 X169.773 Y128.059 E1117.8086
G0 F9000 X169.560 Y127.707
G1 F1575 X186.315 Y110.952 E1118.7937
G0 F9000 X186.102 Y110.599
G1 F1575 X169.361 Y127.340 E1119.7780
G1 F2400 E1119.2780
G0 F9000 X170.065 Y126.070
G1 F1500 E1119.7780
G1 F1575 X185.890 Y110.245 E1120.7085
G0 F9000 X185.678 Y109.892
G1 F1575 X170.769 Y124.801 E1121.5851
G1 F2400 E1121.0851
G0 F9000 X171.472 Y123.532
G1 F1500 E1121.5851
G1 F1575 X185.466 Y109.538 E1122.4078
G0 F9000 X185.253 Y109.185
G1 F1575 X172.176 Y122.263 E1123.1768
G1 F2400 E1122.6768
G0 F9000 X172.879 Y120.993
G1 F1500 E1123.1768
G1 F1575 X185.041 Y108.832 E1123.8918
G0 F9000 X184.829 Y108.478
G1 F1575 X173.583 Y119.724 E1124.5530
G1 F2400 E1124.0530
G0 F9000 X174.286 Y118.455
G1 F1500 E1124.5530
G1 F1575 X184.271 Y108.470 E1125.1401
G0 F9000 X183.695 Y108.480
G1 F1575 X174.989 Y117.186 E1125.6520
G1 F2400 E1125.1520
G0 F9000 X175.693 Y115.917
G1 F1500 E1125.6520
G1 F1575 X183.119 Y108.491 E1126.0886
G0 F9000 X182.543 Y108.501
G1 F1575 X176.396 Y114.648 E1126.4500
G1 F2400 E1125.9500
G0 F9000 X177.100 Y113.378
G1 F1500 E1126.4500
G1 F1575 X181.968 Y108.511 E1126.7362
G0 F9000 X181.392 Y108.521
G1 F1575 X177.804 Y112.109 E1126.9472
G1 F2400 E1126.4472
G0 F9000 X178.507 Y110.840
G1 F1500 E1126.9472
G1 F1575 X180.816 Y108.531 E1127.0829
G0 F9000 X180.240 Y108.541
G1 F1575 X179.211 Y109.571 E1127.1435
G1 F2400 E1126.6435
G0 F9000 X177.568 Y108.659
G0 X170.675 Y115.610
;TYPE:WALL-INNER
;WIDTH:0.400
G1 F1500 E1127.1435
G1 F1425 X170.543 Y115.833 E1127.1542
G1 X170.435 Y116.210 E1127.1705
G1 X170.460 Y116.626 E1127.1879
G1 X170.622 Y117.009 E1127.2052
G1 X170.885 Y117.299 E1127.2214
G1 X171.105 Y117.442 E1127.2323
G1 X171.474 Y117.563 E1127.2485
G1 X171.897 Y117.557 E1127.2661
G1 X172.212 Y117.432 E1127.2802
G1 X172.304 Y117.537 E1127.2860
G1 X166.835 Y127.403 E1127.7550
G1 X170.729 Y133.884 E1128.0693
G1 X194.748 Y133.465 E1129.0680
G1 X198.414 Y126.852 E1129.3824
G1 X186.041 Y106.260 E1130.3812
G1 X184.664 Y106.284 E1130.4384
G1 X178.481 Y106.392 E1130.6955
G1 X173.023 Y116.239 E1131.1636
G1 X172.888 Y116.221 E1131.1693
G1 X172.823 Y115.940 E1131.1813
G1 X172.652 Y115.617 E1131.1965
G1 X172.478 Y115.424 E1131.2073
G1 X172.150 Y115.213 E1131.2235
G1 X171.744 Y115.113 E1131.2409
G1 X171.328 Y115.158 E1131.2583
G1 X170.953 Y115.335 E1131.2755
G1 X170.675 Y115.610 E1131.2918
G1 F2400 E1130.7918
G0 F9000 X170.993 Y115.858
;TYPE:WALL-OUTER
;WIDTH:0.400
G1 F1500 E1131.2918
G1 F1425 X170.913 Y115.993 E1131.2983
G1 X170.838 Y116.254 E1131.3096
G1 X170.855 Y116.533 E1131.3212
G1 X170.964 Y116.791 E1131.3328
G1 X171.146 Y116.992 E1131.3441
G1 X171.279 Y117.078 E1131.3507
G1 X171.535 Y117.162 E1131.3619
G1 X171.818 Y117.158 E1131.3737
G1 X172.093 Y117.049 E1131.3860
G1 X172.286 Y116.885 E1131.3965
G1 X172.377 Y116.758 E1131.4030
G1 X172.473 Y116.506 E1131.4142
G1 X172.481 Y116.235 E1131.4255
G1 X172.445 Y116.081 E1131.4320
G1 X172.322 Y115.848 E1131.4430
G1 X172.217 Y115.732 E1131.4495
G1 X171.989 Y115.585 E1131.4608
G1 X171.717 Y115.518 E1131.4724
G1 X171.438 Y115.548 E1131.4841
G1 X171.186 Y115.667 E1131.4957
G1 X170.993 Y115.858 E1131.5070
G0 F3600 X170.913 Y115.993
G0 X170.901 Y116.035
G1 F2400 E1131.0070
G0 F9000 X170.806 Y116.007
G0 X174.386 Y103.554
;TYPE:WALL-INNER
;WIDTH:0.400
G1 F1500 E1131.5070
G1 F1425 X174.733 Y103.030 E1131.5331
G1 X175.137 Y102.578 E1131.5583
G1 X175.605 Y102.192 E1131.5835
G1 X176.123 Y101.879 E1131.6087
G1 X176.684 Y101.649 E1131.6339
G1 X177.272 Y101.504 E1131.6591
G1 X177.899 Y101.446 E1131.6852
G1 X186.451 Y101.295 E1132.0409
G1 X187.079 Y101.332 E1132.0670
G1 X187.672 Y101.456 E1132.0922
G1 X188.239 Y101.667 E1132.1173
G1 X188.770 Y101.962 E1132.1426
G1 X189.250 Y102.331 E1132.1678
G1 X189.670 Y102.768 E1132.1930
G1 X190.033 Y103.281 E1132.2191
G1 X202.919 Y124.723 E1133.2592
G1 X203.201 Y125.286 E1133.2853
G1 X203.389 Y125.862 E1133.3105
G1 X203.490 Y126.460 E1133.3357
G1 X203.501 Y127.066 E1133.3609
G1 X203.421 Y127.667 E1133.3861
G1 X203.254 Y128.247 E1133.4112
G1 X202.990 Y128.819 E1133.4374
G1 X198.844 Y136.303 E1133.7931
G1 X198.497 Y136.827 E1133.8193
G1 X198.093 Y137.279 E1133.8445
G1 X197.625 Y137.665 E1133.8697
G1 X197.107 Y137.977 E1133.8948
G1 X196.545 Y138.208 E1133.9201
G1 X195.958 Y138.353 E1133.9452
G1 X195.331 Y138.411 E1133.9714
G1 X170.319 Y138.849 E1135.0114
G1 X169.691 Y138.812 E1135.0376
G1 X169.098 Y138.688 E1135.0628
G1 X168.531 Y138.477 E1135.0879
G1 X168.000 Y138.182 E1135.1132
G1 X167.521 Y137.813 E1135.1383
G1 X167.101 Y137.376 E1135.1635
G1 X166.737 Y136.862 E1135.1897
G1 X162.329 Y129.531 E1135.5454
G1 X162.048 Y128.969 E1135.5715
G1 X161.859 Y128.391 E1135.5968
G1 X161.784 Y127.950 E1135.6154
G1 X161.758 Y127.795 E1135.6219
G1 X161.747 Y127.190 E1135.6471
G1 X161.828 Y126.588 E1135.6723
G1 X161.996 Y126.006 E1135.6975
G1 X162.260 Y125.434 E1135.7237
G1 X174.386 Y103.554 E1136.7637
G1 F2400 E1136.2637
G0 F9000 X174.044 Y103.347
;TYPE:WALL-OUTER
;WIDTH:0.400
G1 F1500 E1136.7637
G1 F3000 X174.415 Y102.785 E1136.7917
G1 X174.859 Y102.289 E1136.8194
G1 X175.373 Y101.865 E1136.8471
G1 X175.943 Y101.521 E1136.8748
G1 X176.559 Y101.268 E1136.9024
G1 X177.205 Y101.108 E1136.9301
G1 X177.877 Y101.046 E1136.9582
G1 X186.459 Y100.895 E1137.3150
G1 X187.132 Y100.934 E1137.3431
G1 X187.783 Y101.071 E1137.3707
G1 X188.407 Y101.303 E1137.3984
G1 X188.990 Y101.627 E1137.4261
G1 X189.518 Y102.032 E1137.4538
G1 X189.979 Y102.513 E1137.4815
G1 X190.368 Y103.062 E1137.5095
G1 X203.270 Y124.530 E1138.5508
G1 X203.572 Y125.133 E1138.5788
G1 X203.779 Y125.766 E1138.6065
G1 X203.889 Y126.423 E1138.6342
G1 X203.902 Y127.089 E1138.6619
G1 X203.814 Y127.749 E1138.6896
G1 X203.682 Y128.209 E1138.7095
G1 X203.629 Y128.388 E1138.7172
G1 X203.347 Y129.000 E1138.7452
G1 X199.186 Y136.510 E1139.1022
G1 X198.815 Y137.072 E1139.1302
G1 X198.371 Y137.568 E1139.1579
G1 X197.857 Y137.992 E1139.1856
G1 X197.287 Y138.335 E1139.2132
G1 X196.670 Y138.589 E1139.2410
G1 X196.025 Y138.749 E1139.2686
G1 X195.353 Y138.811 E1139.2967
G1 X170.311 Y139.249 E1140.3379
G1 X169.638 Y139.210 E1140.3660
G1 X168.987 Y139.073 E1140.3936
G1 X168.363 Y138.841 E1140.4213
G1 X167.780 Y138.517 E1140.4490
G1 X167.253 Y138.112 E1140.4767
G1 X166.792 Y137.631 E1140.5044
G1 X166.402 Y137.081 E1140.5324
G1 X161.978 Y129.724 E1140.8893
G1 X161.677 Y129.121 E1140.9173
G1 X161.470 Y128.488 E1140.9450
G1 X161.389 Y128.016 E1140.9649
G1 X161.359 Y127.831 E1140.9727
G1 X161.347 Y127.167 E1141.0003
G1 X161.435 Y126.506 E1141.0281
G1 X161.620 Y125.866 E1141.0558
G1 X161.903 Y125.253 E1141.0838
G1 X174.044 Y103.347 E1142.1251
G0 F3600 X174.154 Y103.180
G1 F2400 E1141.6251
G0 F9000 X174.237 Y103.235
G0 X164.577 Y124.906
;TYPE:WALL-INNER
;WIDTH:0.400
G1 F1500 E1142.1251
G1 F1425 X164.352 Y125.224 E1142.1413
G1 X164.259 Y125.465 E1142.1520
G1 X164.216 Y125.858 E1142.1685
G1 X164.319 Y126.275 E1142.1863
G1 X164.537 Y126.612 E1142.2030
G1 X164.864 Y126.867 E1142.2203
G1 X165.261 Y127.000 E1142.2377
G1 X165.651 Y126.992 E1142.2539
G1 X165.899 Y126.924 E1142.2646
G1 X166.240 Y126.727 E1142.2809
G1 X166.492 Y126.429 E1142.2972
G1 X166.606 Y126.195 E1142.3080
G1 X166.681 Y125.811 E1142.3243
G1 X166.625 Y125.425 E1142.3405
G1 X166.530 Y125.198 E1142.3507
G1 X166.376 Y124.978 E1142.3619
G1 X166.137 Y124.763 E1142.3752
G1 X165.934 Y124.653 E1142.3848
G1 X165.727 Y124.585 E1142.3939
G1 X165.451 Y124.551 E1142.4055
G1 X165.136 Y124.591 E1142.4187
G1 X164.898 Y124.679 E1142.4292
G1 X164.577 Y124.906 E1142.4455
G1 F2400 E1141.9455
G0 F9000 X164.864 Y125.193
;TYPE:WALL-OUTER
;WIDTH:0.400
G1 F1500 E1142.4455
G1 F1425 X164.707 Y125.414 E1142.4568
G1 X164.651 Y125.560 E1142.4633
G1 X164.621 Y125.831 E1142.4747
G1 X164.691 Y126.114 E1142.4868
G1 X164.836 Y126.338 E1142.4979
G1 X165.056 Y126.510 E1142.5095
G1 X165.322 Y126.599 E1142.5211
G1 X165.593 Y126.593 E1142.5324
G1 X165.744 Y126.552 E1142.5389
G1 X165.979 Y126.416 E1142.5502
G1 X166.154 Y126.209 E1142.5615
G1 X166.223 Y126.067 E1142.5680
G1 X166.275 Y125.801 E1142.5793
G1 X166.236 Y125.533 E1142.5906
G1 X166.177 Y125.392 E1142.5969
G1 X166.074 Y125.244 E1142.6044
G1 X165.905 Y125.092 E1142.6139
G1 X165.775 Y125.022 E1142.6200
G1 X165.639 Y124.977 E1142.6260
G1 X165.452 Y124.954 E1142.6338
G1 X165.232 Y124.982 E1142.6430
G1 X165.086 Y125.036 E1142.6495
G1 X164.864 Y125.193 E1142.6608
G0 F3600 X164.749 Y125.356
G1 F2400 E1142.1608
G0 F9000 X164.668 Y125.298
G0 X170.431 Y116.484
G0 X178.628 Y106.748
G0 X178.719 Y106.788
G1 F1500 E1142.6608
G1 F1425 X167.297 Y127.395 E1143.6403
G1 X170.953 Y133.480 E1143.9355
G1 X194.510 Y133.069 E1144.9150
G1 X197.952 Y126.860 E1145.2102
G1 X185.817 Y106.664 E1146.1897
G1 X184.671 Y106.684 E1146.2374
G1 X178.719 Y106.788 E1146.4849
G0 F3600 X178.623 Y106.962
G1 F2400 E1145.9849
G0 F9000 X178.537 Y106.913
G0 X174.837 Y103.197
;TYPE:SOLID-FILL
;WIDTH:0.400
G1 F1500 E1146.4849
G1 F1575 X175.627 Y102.406 E1146.5313
G1 F2400 E1146.0313
G0 F9000 X176.792 Y101.807
G1 F1500 E1146.5313
G1 F1575 X174.026 Y104.573 E1146.6940
G1 F2400 E1146.1940
G0 F9000 X173.323 Y105.842
G1 F1500 E1146.6940
G1 F1575 X177.502 Y101.662 E1146.9397
G1 F2400 E1146.4397
G0 F9000 X178.109 Y101.621
G1 F1500 E1146.9397
G1 F1575 X172.620 Y107.111 E1147.2625
G1 F2400 E1146.7625
G0 F9000 X171.916 Y108.380
G1 F1500 E1147.2625
G1 F1575 X178.685 Y101.611 E1147.6605
G0 F9000 X179.260 Y101.602
G1 F1575 X171.213 Y109.648 E1148.1336
G1 F2400 E1147.6336
G0 F9000 X170.510 Y110.918
G1 F1500 E1148.1336
G1 F1575 X179.837 Y101.591 E1148.6820
G0 F9000 X180.412 Y101.581
G1 F1575 X169.807 Y112.186 E1149.3055
G1 F2400 E1148.8055
G0 F9000 X169.104 Y113.455
G1 F1500 E1149.3055
G1 F1575 X180.988 Y101.570 E1150.0043
G0 F9000 X181.564 Y101.561
G1 F1575 X168.401 Y114.724 E1150.7782
G1 F2400 E1150.2782
G0 F9000 X167.698 Y115.993
G1 F1500 E1150.7782
G1 F1575 X182.140 Y101.550 E1151.6274
G0 F9000 X182.716 Y101.540
G1 F1575 X166.994 Y117.262 E1152.5518
G1 F2400 E1152.0518
G0 F9000 X166.291 Y118.530
G1 F1500 E1152.5518
G1 F1575 X178.081 Y106.741 E1153.2449
G1 F2400 E1152.7449
G0 F9000 X178.611 Y106.210
G1 F1500 E1153.2449
G1 F1575 X183.291 Y101.530 E1153.5201
G0 F9000 X183.868 Y101.520
G1 F1575 X179.187 Y106.200 E1153.7953
G0 F9000 X179.763 Y106.190
G1 F1575 X184.443 Y101.510 E1154.0705
G0 F9000 X185.020 Y101.499
G1 F1575 X180.339 Y106.179 E1154.3457
G0 F9000 X180.915 Y106.169
G1 F1575 X185.595 Y101.489 E1154.6208
G0 F9000 X186.172 Y101.479
G1 F1575 X181.490 Y106.160 E1154.8961
G0 F9000 X182.067 Y106.149
G1 F1575 X186.725 Y101.491 E1155.1699
G0 F9000 X187.234 Y101.548
G1 F1575 X182.642 Y106.139 E1155.4399
G0 F9000 X183.219 Y106.128
G1 F1575 X187.692 Y101.655 E1155.7029
G0 F9000 X188.104 Y101.809
G1 F1575 X183.794 Y106.119 E1155.9563
G0 F9000 X184.370 Y106.109
G1 F1575 X188.475 Y102.004 E1156.1977
G0 F9000 X188.818 Y102.226
G1 F1575 X184.945 Y106.099 E1156.4254
G0 F9000 X185.521 Y106.089
G1 F1575 X189.136 Y102.474 E1156.6379
G0 F9000 X189.413 Y102.763
G1 F1575 X186.097 Y106.079 E1156.8329
G0 F9000 X186.337 Y106.404
G1 F1575 X189.665 Y103.076 E1157.0286
G0 F9000 X189.898 Y103.409
G1 F1575 X186.550 Y106.757 E1157.2254
G0 F9000 X186.762 Y107.111
G1 F1575 X190.110 Y103.762 E1157.4223
G0 F9000 X190.323 Y104.115
G1 F1575 X186.974 Y107.464 E1157.6192
G0 F9000 X187.186 Y107.818
G1 F1575 X190.535 Y104.469 E1157.8161
G0 F9000 X190.747 Y104.822
G1 F1575 X187.399 Y108.171 E1158.0130
G0 F9000 X187.611 Y108.524
G1 F1575 X190.960 Y105.175 E1158.2099
G0 F9000 X191.172 Y105.529
G1 F1575 X187.823 Y108.878 E1158.4068
G0 F9000 X188.035 Y109.231
G1 F1575 X191.384 Y105.882 E1158.6037
G0 F9000 X191.597 Y106.235
G1 F1575 X188.248 Y109.584 E1158.8006
G0 F9000 X188.460 Y109.938
G1 F1575 X191.809 Y106.589 E1158.9975
G0 F9000 X192.021 Y106.942
G1 F1575 X188.673 Y110.291 E1159.1944
G0 F9000 X188.885 Y110.644
G1 F1575 X192.234 Y107.295 E1159.3913
G0 F9000 X192.446 Y107.649
G1 F1575 X189.098 Y110.998 E1159.5882
G0 F9000 X189.310 Y111.351
G1 F1575 X192.659 Y108.002 E1159.7851
G0 F9000 X192.871 Y108.355
G1 F1575 X189.522 Y111.705 E1159.9821
G0 F9000 X189.735 Y112.058
G1 F1575 X193.083 Y108.709 E1160.1789
G0 F9000 X193.296 Y109.062
G1 F1575 X189.947 Y112.411 E1160.3758
G0 F9000 X190.159 Y112.765
G1 F1575 X193.508 Y109.415 E1160.5728
G0 F9000 X193.721 Y109.769
G1 F1575 X190.371 Y113.118 E1160.7697
G0 F9000 X190.584 Y113.471
G1 F1575 X193.933 Y110.122 E1160.9666
G0 F9000 X194.146 Y110.475
G1 F1575 X190.796 Y113.825 E1161.1636
G0 F9000 X191.008 Y114.178
G1 F1575 X194.358 Y110.829 E1161.3605
G0 F9000 X194.570 Y111.182
G1 F1575 X191.221 Y114.531 E1161.5574
G0 F9000 X191.433 Y114.885
G1 F1575 X194.783 Y111.535 E1161.7544
G0 F9000 X194.995 Y111.889
G1 F1575 X191.645 Y115.238 E1161.9513
G0 F9000 X191.857 Y115.592
G1 F1575 X195.207 Y112.242 E1162.1483
G0 F9000 X195.420 Y112.595
G1 F1575 X192.070 Y115.945 E1162.3453
G0 F9000 X192.282 Y116.298
G1 F1575 X195.632 Y112.948 E1162.5422
G0 F9000 X195.844 Y113.302
G1 F1575 X192.494 Y116.652 E1162.7392
G0 F9000 X192.707 Y117.005
G1 F1575 X196.057 Y113.655 E1162.9362
G0 F9000 X196.269 Y114.008
G1 F1575 X192.919 Y117.358 E1163.1331
G0 F9000 X193.132 Y117.712
G1 F1575 X196.481 Y114.362 E1163.3301
G0 F9000 X196.694 Y114.715
G1 F1575 X193.344 Y118.065 E1163.5271
G0 F9000 X193.557 Y118.418
G1 F1575 X196.906 Y115.068 E1163.7240
G0 F9000 X197.118 Y115.422
G1 F1575 X193.769 Y118.772 E1163.9209
G0 F9000 X193.981 Y119.125
G1 F1575 X197.331 Y115.775 E1164.1179
G0 F9000 X197.543 Y116.128
G1 F1575 X194.193 Y119.479 E1164.3149
G0 F9000 X194.406 Y119.831
G1 F1575 X197.755 Y116.482 E1164.5118
G0 F9000 X197.968 Y116.835
G1 F1575 X194.618 Y120.185 E1164.7088
G0 F9000 X194.830 Y120.539
G1 F1575 X198.180 Y117.188 E1164.9058
G0 F9000 X198.392 Y117.542
G1 F1575 X195.042 Y120.892 E1165.1027
G0 F9000 X195.255 Y121.245
G1 F1575 X198.605 Y117.895 E1165.2997
G0 F9000 X198.817 Y118.248
G1 F1575 X195.467 Y121.599 E1165.4967
G0 F9000 X195.679 Y121.952
G1 F1575 X199.030 Y118.602 E1165.6937
G0 F9000 X199.242 Y118.955
G1 F1575 X195.892 Y122.305 E1165.8907
G0 F9000 X196.104 Y122.658
G1 F1575 X199.455 Y119.308 E1166.0877
G0 F9000 X199.667 Y119.662
G1 F1575 X196.316 Y123.012 E1166.2847
G0 F9000 X196.529 Y123.366
G1 F1575 X199.879 Y120.015 E1166.4816
G0 F9000 X200.092 Y120.368
G1 F1575 X196.741 Y123.718 E1166.6786
G0 F9000 X196.953 Y124.072
G1 F1575 X200.304 Y120.722 E1166.8756
G0 F9000 X200.517 Y121.075
G1 F1575 X197.166 Y124.426 E1167.0727
G0 F9000 X197.378 Y124.779
G1 F1575 X200.729 Y121.428 E1167.2697
G0 F9000 X200.941 Y121.782
G1 F1575 X197.591 Y125.132 E1167.4667
G0 F9000 X197.803 Y125.485
G1 F1575 X201.154 Y122.135 E1167.6637
G0 F9000 X201.366 Y122.488
G1 F1575 X198.015 Y125.839 E1167.8607
G0 F9000 X198.227 Y126.193
G1 F1575 X201.578 Y122.842 E1168.0577
G0 F9000 X201.791 Y123.194
G1 F1575 X198.440 Y126.545 E1168.2547
G0 F9000 X198.519 Y127.032
G1 F1575 X202.003 Y123.548 E1168.4596
G0 F9000 X202.215 Y123.902
G1 F1575 X197.815 Y128.301 E1168.7183
G1 F2400 E1168.2183
G0 F9000 X197.112 Y129.570
G1 F1500 E1168.7183
G1 F1575 X202.428 Y124.254 E1169.0308
G0 F9000 X202.640 Y124.608
G1 F1575 X196.408 Y130.840 E1169.3972
G1 F2400 E1168.8972
G0 F9000 X195.704 Y132.110
G1 F1500 E1169.3972
G1 F1575 X202.842 Y124.971 E1169.8170
G0 F9000 X203.030 Y125.349
G1 F1575 X195.000 Y133.379 E1170.2891
G0 F9000 X194.735 Y133.644
G1 F1575 X190.056 Y138.323 E1170.5642
G0 F9000 X189.481 Y138.333
G1 F1575 X194.159 Y133.655 E1170.8392
G0 F9000 X193.583 Y133.665
G1 F1575 X188.904 Y138.344 E1171.1143
G0 F9000 X188.329 Y138.353
G1 F1575 X193.008 Y133.675 E1171.3894
G0 F9000 X192.432 Y133.684
G1 F1575 X187.753 Y138.363 E1171.6645
G0 F9000 X187.178 Y138.373
G1 F1575 X191.856 Y133.695 E1171.9396
G0 F9000 X191.280 Y133.705
G1 F1575 X186.601 Y138.384 E1172.2147
G0 F9000 X186.026 Y138.394
G1 F1575 X190.705 Y133.715 E1172.4898
G0 F9000 X190.129 Y133.725
G1 F1575 X185.450 Y138.404 E1172.7649
G0 F9000 X184.874 Y138.414
G1 F1575 X189.554 Y133.735 E1173.0400
G0 F9000 X188.977 Y133.745
G1 F1575 X184.298 Y138.424 E1173.3151
G0 F9000 X183.723 Y138.434
G1 F1575 X188.402 Y133.755 E1173.5903
G0 F9000 X187.826 Y133.765
G1 F1575 X183.147 Y138.444 E1173.8654
G0 F9000 X182.571 Y138.455
G1 F1575 X187.251 Y133.775 E1174.1405
G0 F9000 X186.675 Y133.785
G1 F1575 X181.995 Y138.464 E1174.4157
G0 F9000 X181.420 Y138.474
G1 F1575 X186.099 Y133.795 E1174.6908
G0 F9000 X185.523 Y133.805
G1 F1575 X180.843 Y138.485 E1174.9659
G0 F9000 X180.268 Y138.495
G1 F1575 X184.948 Y133.815 E1175.2411
G0 F9000 X184.372 Y133.825
G1 F1575 X179.692 Y138.505 E1175.5163
G0 F9000 X179.117 Y138.515
G1 F1575 X183.796 Y133.835 E1175.7914
G0 F9000 X183.220 Y133.846
G1 F1575 X178.540 Y138.525 E1176.0665
G0 F9000 X177.965 Y138.535
G1 F1575 X182.644 Y133.856 E1176.3416
G0 F9000 X182.069 Y133.865
G1 F1575 X177.389 Y138.545 E1176.6168
G0 F9000 X176.814 Y138.555
G1 F1575 X181.493 Y133.875 E1176.8920
G0 F9000 X180.917 Y133.886
G1 F1575 X176.237 Y138.566 E1177.1671
G0 F9000 X175.662 Y138.575
G1 F1575 X180.341 Y133.896 E1177.4422
G0 F9000 X179.766 Y133.906
G1 F1575 X175.086 Y138.585 E1177.7174
G0 F9000 X174.510 Y138.596
G1 F1575 X179.190 Y133.916 E1177.9925
G0 F9000 X178.615 Y133.926
G1 F1575 X173.934 Y138.606 E1178.2677
G0 F9000 X173.359 Y138.616
G1 F1575 X178.038 Y133.936 E1178.5429
G0 F9000 X177.463 Y133.946
G1 F1575 X172.783 Y138.626 E1178.8180
G0 F9000 X172.207 Y138.636
G1 F1575 X176.887 Y133.956 E1179.0932
G0 F9000 X176.312 Y133.966
G1 F1575 X171.631 Y138.646 E1179.3684
G0 F9000 X171.056 Y138.656
G1 F1575 X175.736 Y133.976 E1179.6436
G0 F9000 X175.160 Y133.986
G1 F1575 X170.479 Y138.667 E1179.9188
G0 F9000 X169.934 Y138.646
G1 F1575 X174.584 Y133.996 E1180.1922
G0 F9000 X174.009 Y134.006
G1 F1575 X169.439 Y138.575 E1180.4609
G0 F9000 X168.992 Y138.457
G1 F1575 X173.433 Y134.016 E1180.7220
G0 F9000 X172.857 Y134.026
G1 F1575 X168.583 Y138.300 E1180.9733
G0 F9000 X168.219 Y138.098
G1 F1575 X172.281 Y134.037 E1181.2121
G0 F9000 X171.706 Y134.046
G1 F1575 X167.885 Y137.867 E1181.4367
G0 F9000 X167.576 Y137.610
G1 F1575 X171.130 Y134.056 E1181.6457
G0 F9000 X170.600 Y134.021
G1 F1575 X167.300 Y137.321 E1181.8397
G0 F9000 X167.055 Y137.000
G1 F1575 X170.387 Y133.667 E1182.0356
G0 F9000 X170.175 Y133.314
G1 F1575 X166.826 Y136.663 E1182.2326
G0 F9000 X166.614 Y136.310
G1 F1575 X169.963 Y132.961 E1182.4295
G0 F9000 X169.750 Y132.607
G1 F1575 X166.402 Y135.956 E1182.6263
G0 F9000 X166.189 Y135.603
G1 F1575 X169.538 Y132.254 E1182.8233
G0 F9000 X169.325 Y131.901
G1 F1575 X165.977 Y135.250 E1183.0201
G0 F9000 X165.764 Y134.896
G1 F1575 X169.113 Y131.548 E1183.2170
G0 F9000 X168.901 Y131.194
G1 F1575 X165.552 Y134.544 E1183.4139
G0 F9000 X165.339 Y134.190
G1 F1575 X168.689 Y130.840 E1183.6109
G0 F9000 X168.476 Y130.488
G1 F1575 X165.127 Y133.837 E1183.8078
G0 F9000 X164.914 Y133.484
G1 F1575 X168.264 Y130.134 E1184.0048
G0 F9000 X168.052 Y129.780
G1 F1575 X164.702 Y133.130 E1184.2018
G0 F9000 X164.490 Y132.777
G1 F1575 X167.839 Y129.428 E1184.3987
G0 F9000 X167.627 Y129.074
G1 F1575 X164.277 Y132.424 E1184.5956
G0 F9000 X164.065 Y132.071
G1 F1575 X167.415 Y128.721 E1184.7926
G0 F9000 X167.203 Y128.367
G1 F1575 X163.852 Y131.717 E1184.9896
G0 F9000 X163.640 Y131.364
G1 F1575 X166.990 Y128.014 E1185.1866
G0 F9000 X166.778 Y127.661
G1 F1575 X163.427 Y131.011 E1185.3836
G0 F9000 X163.215 Y130.658
G1 F1575 X166.823 Y127.050 E1185.5957
G0 F9000 X166.776 Y126.531
G1 F1575 X163.002 Y130.304 E1185.8176
G0 F9000 X162.790 Y129.951
G1 F1575 X165.569 Y127.173 E1185.9809
G0 F9000 X165.055 Y127.120
G1 F1575 X162.577 Y129.598 E1186.1266
G0 F9000 X162.379 Y129.231
G1 F1575 X164.668 Y126.942 E1186.2612
G0 F9000 X164.365 Y126.679
G1 F1575 X162.196 Y128.848 E1186.3887
G0 F9000 X162.058 Y128.421
G1 F1575 X164.146 Y126.333 E1186.5115
G0 F9000 X164.033 Y125.880
G1 F1575 X161.965 Y127.948 E1186.6331
G0 F9000 X161.930 Y127.417
G1 F1575 X164.179 Y125.168 E1186.7653
G1 F2400 E1186.2653
G0 F9000 X164.839 Y124.508
G1 F1500 E1186.7653
G1 F1575 X171.607 Y117.741 E1187.1632
G0 F9000 X171.749 Y118.164
G1 F1575 X165.534 Y124.379 E1187.5286
G0 F9000 X165.994 Y124.485
G1 F1575 X171.045 Y119.433 E1187.8257
G1 F2400 E1187.3257
G0 F9000 X170.342 Y120.703
G1 F1500 E1187.8257
G1 F1575 X166.339 Y124.705 E1188.0610
G0 F9000 X166.611 Y124.999
G1 F1575 X169.638 Y121.972 E1188.2390
G1 F2400 E1187.7390
G0 F9000 X168.934 Y123.241
G1 F1500 E1188.2390
G1 F1575 X166.798 Y125.377 E1188.3646
G0 F9000 X166.846 Y125.895
G1 F1575 X168.231 Y124.510 E1188.4460
G1 F2400 E1187.9460
G0 F9000 X167.527 Y125.780
G1 F1500 E1188.4460
G1 F1575 X166.840 Y126.467 E1188.4864
G1 F2400 E1187.9864
G0 F9000 X165.150 Y126.664
G0 X162.775 Y124.875
G1 F1500 E1188.4864
G1 F1575 X170.503 Y117.147 E1188.9408
G0 F9000 X170.774 Y117.441
G1 F1575 X162.179 Y126.037 E1189.4461
G1 F2400 E1188.9461
G0 F9000 X161.979 Y126.802
G1 F1500 E1189.4461
G1 F1575 X171.140 Y117.642 E1189.9847
G1 F2400 E1189.4847
G0 F9000 X170.321 Y116.763
G1 F1500 E1189.9847
G1 F1575 X163.478 Y123.606 E1190.3871
G1 F2400 E1189.8871
G0 F9000 X164.182 Y122.337
G1 F1500 E1190.3871
G1 F1575 X170.256 Y116.263 E1190.7442
G1 F2400 E1190.2442
G0 F9000 X171.568 Y114.951
G1 F1500 E1190.7442
G1 F1575 X175.971 Y110.548 E1191.0031
G1 F2400 E1190.5031
G0 F9000 X176.674 Y109.279
G1 F1500 E1191.0031
G1 F1575 X164.885 Y121.068 E1191.6962
G1 F2400 E1191.1962
G0 F9000 X165.588 Y119.800
G1 F1500 E1191.6962
G1 F1575 X177.377 Y108.010 E1192.3894
G1 F2400 E1191.8894
G0 F9000 X175.267 Y111.817
G1 F1500 E1192.3894
G1 F1575 X172.075 Y115.010 E1192.5771
G0 F9000 X172.454 Y115.196
G1 F1575 X174.564 Y113.086 E1192.7012
G1 F2400 E1192.2012
G0 F9000 X173.861 Y114.355
G1 F1500 E1192.7012
G1 F1575 X172.754 Y115.462 E1192.7663
G1 F2400 E1192.2663
G0 F9000 X172.126 Y118.303
G0 X167.097 Y127.398
G0 X170.856 Y133.654
G0 X190.632 Y138.313
G1 F1500 E1192.7663
G1 F1575 X203.170 Y125.775 E1193.5035
G0 F9000 X203.269 Y126.242
G1 F1575 X191.208 Y138.303 E1194.2126
G0 F9000 X191.784 Y138.293
G1 F1575 X203.314 Y126.763 E1194.8905
G1 F2400 E1194.3905
G0 F9000 X203.279 Y127.364
G1 F1500 E1194.8905
G1 F1575 X192.359 Y138.283 E1195.5325
G0 F9000 X192.935 Y138.273
G1 F1575 X203.107 Y128.100 E1196.1306
G1 F2400 E1195.6306
G0 F9000 X202.569 Y129.204
G1 F1500 E1196.1306
G1 F1575 X193.511 Y138.262 E1196.6632
G0 F9000 X194.087 Y138.252
G1 F1575 X201.866 Y130.473 E1197.1206
G1 F2400 E1196.6206
G0 F9000 X201.164 Y131.741
G1 F1500 E1197.1206
G1 F1575 X194.662 Y138.242 E1197.5029
G0 F9000 X195.239 Y138.232
G1 F1575 X200.461 Y133.009 E1197.8099
G1 F2400 E1197.3099
G0 F9000 X199.759 Y134.278
G1 F1500 E1197.8099
G1 F1575 X195.855 Y138.182 E1198.0395
G1 F2400 E1197.5395
G0 F9000 X196.621 Y137.981
G1 F1500 E1198.0395
G1 F1575 X199.056 Y135.546 E1198.1826
G1 F2400 E1197.6826
G0 F9000 X170.856 Y133.654
G0 X167.097 Y127.398
G0 X172.725 Y117.188
;TYPE:SOLID-FILL
;WIDTH:0.400
G1 F1500 E1198.1826
G1 F1425 X172.539 Y117.091 E1198.1967
G1 X172.912 Y116.435 E1198.2280
;PRINTING_TIME: 747
;REMAINING_TIME: 740
;LAYER:2
;Z:2.420
;HEIGHT:0.250
;PRINTING: top_cover.stl
;PRINTING_ID: 0
G1 F2400 E1197.7280
G0 F900 Z2.420
G0 F9000 X172.912 Y116.435
G0 X173.974 Y103.307
G0 X173.886 Y103.260
;TYPE:WALL-OUTER
;WIDTH:0.400
G1 F1500 E1198.2280
G1 F3000 X174.272 Y102.675 E1198.2572
G1 X174.734 Y102.159 E1198.2860
G1 X175.269 Y101.717 E1198.3148
G1 X175.862 Y101.360 E1198.3436
G1 X176.502 Y101.096 E1198.3724
G1 X177.175 Y100.930 E1198.4012
G1 X177.873 Y100.866 E1198.4304
G1 X186.456 Y100.715 E1198.7872
G1 X187.156 Y100.756 E1198.8164
G1 X187.833 Y100.898 E1198.8452
G1 X188.483 Y101.140 E1198.8740
G1 X189.089 Y101.476 E1198.9028
G1 X189.638 Y101.898 E1198.9316
G1 X190.118 Y102.398 E1198.9604
G1 X190.522 Y102.970 E1198.9895
G1 X203.424 Y124.439 E1200.0309
G1 X203.739 Y125.065 E1200.0600
G1 X203.954 Y125.724 E1200.0888
G1 X204.069 Y126.407 E1200.1176
G1 X204.081 Y127.098 E1200.1464
G1 X203.990 Y127.786 E1200.1752
G1 X203.797 Y128.451 E1200.2040
G1 X203.504 Y129.088 E1200.2332
G1 X199.344 Y136.597 E1200.5900
G1 X198.958 Y137.182 E1200.6192
G1 X198.496 Y137.697 E1200.6480
G1 X197.961 Y138.139 E1200.6768
G1 X197.368 Y138.496 E1200.7056
G1 X196.727 Y138.760 E1200.7344
G1 X196.054 Y138.926 E1200.7632
G1 X195.356 Y138.991 E1200.7924
G1 X170.314 Y139.429 E1201.8337
G1 X169.615 Y139.388 E1201.8628
G1 X168.937 Y139.245 E1201.8916
G1 X168.288 Y139.004 E1201.9204
G1 X167.681 Y138.668 E1201.9492
G1 X167.132 Y138.246 E1201.9780
G1 X166.652 Y137.746 E1202.0068
G1 X166.248 Y137.174 E1202.0359
G1 X161.825 Y129.815 E1202.3929
G1 X161.510 Y129.190 E1202.4220
G1 X161.295 Y128.531 E1202.4508
G1 X161.180 Y127.848 E1202.4796
G1 X161.168 Y127.156 E1202.5084
G1 X161.259 Y126.469 E1202.5372
G1 X161.452 Y125.803 E1202.5660
G1 X161.745 Y125.167 E1202.5951
G1 X173.886 Y103.260 E1203.6364
G0 F3600 X173.996 Y103.093
G1 F2400 E1203.1364
G0 F9000 X174.079 Y103.148
G0 X171.698 Y115.420
G0 X171.717 Y115.518
;TYPE:WALL-OUTER
;WIDTH:0.400
G1 F1500 E1203.6364
G1 F1950 X171.438 Y115.548 E1203.6481
G1 X171.186 Y115.667 E1203.6597
G1 X170.993 Y115.858 E1203.6710
G1 X170.913 Y115.993 E1203.6775
G1 X170.838 Y116.254 E1203.6888
G1 X170.855 Y116.533 E1203.7004
G1 X170.964 Y116.791 E1203.7120
G1 X171.146 Y116.992 E1203.7233
G1 X171.279 Y117.078 E1203.7299
G1 X171.535 Y117.162 E1203.7411
G1 X171.818 Y117.158 E1203.7529
G1 X172.104 Y117.043 E1203.7657
G1 X172.287 Y116.884 E1203.7758
G1 X172.378 Y116.756 E1203.7823
G1 X172.475 Y116.486 E1203.7942
G1 X172.480 Y116.234 E1203.8047
G1 X172.445 Y116.081 E1203.8112
G1 X172.322 Y115.848 E1203.8222
G1 X172.217 Y115.732 E1203.8287
G1 X171.989 Y115.585 E1203.8400
G1 X171.717 Y115.518 E1203.8516
G0 F3600 X171.518 Y115.539
G1 F2400 E1203.3516
G0 F9000 X171.158 Y115.512
G0 X164.780 Y125.139
G0 X164.866 Y125.191
G1 F1500 E1203.8516
G1 F1950 X164.742 Y125.355 E1203.8602
G1 X164.652 Y125.554 E1203.8692
G1 X164.622 Y125.829 E1203.8807
G1 X164.680 Y126.093 E1203.8920
G1 X164.836 Y126.337 E1203.9040
G1 X165.049 Y126.505 E1203.9153
G1 X165.195 Y126.567 E1203.9219
G1 X165.464 Y126.608 E1203.9332
G1 X165.759 Y126.548 E1203.9457
G1 X165.995 Y126.400 E1203.9573
G1 X166.154 Y126.208 E1203.9677
G1 X166.223 Y126.067 E1203.9742
G1 X166.275 Y125.801 E1203.9855
G1 X166.236 Y125.533 E1203.9967
G1 X166.177 Y125.391 E1204.0031
G1 X166.060 Y125.229 E1204.0114
G1 X165.904 Y125.092 E1204.0201
G1 X165.775 Y125.022 E1204.0262
G1 X165.639 Y124.977 E1204.0321
G1 X165.462 Y124.954 E1204.0395
G1 X165.233 Y124.982 E1204.0491
G1 X165.086 Y125.036 E1204.0556
G1 X164.866 Y125.191 E1204.0668
G0 F3600 X164.746 Y125.351
G1 F2400 E1203.5668
G0 F9000 X164.669 Y125.287
G0 X165.310 Y124.856
G0 X185.274 Y123.970
G0 X185.370 Y123.996
G1 F1500 E1204.0668
G1 F1950 X185.307 Y124.163 E1204.0742
G1 X185.272 Y124.474 E1204.0873
G1 X185.346 Y124.788 E1204.1007
G1 X185.519 Y125.059 E1204.1140
G1 X185.766 Y125.252 E1204.1271
G1 X185.930 Y125.322 E1204.1345
G1 X186.237 Y125.369 E1204.1474
G1 X186.471 Y125.333 E1204.1572
G1 X186.705 Y125.239 E1204.1677
G1 X186.950 Y125.033 E1204.1810
G1 X187.114 Y124.756 E1204.1944
G1 X187.174 Y124.450 E1204.2074
G1 X187.164 Y124.275 E1204.2147
G1 X187.101 Y124.055 E1204.2242
G1 X186.982 Y123.842 E1204.2343
G1 X186.863 Y123.712 E1204.2416
G1 X186.608 Y123.546 E1204.2543
G1 X186.443 Y123.492 E1204.2615
G1 X186.208 Y123.465 E1204.2714
G1 X185.972 Y123.499 E1204.2813
G1 X185.809 Y123.561 E1204.2885
G1 X185.552 Y123.740 E1204.3015
G1 X185.370 Y123.996 E1204.3146
G0 F3600 X185.307 Y124.163
G0 X185.305 Y124.184
G1 F2400 E1203.8146
G0 F9000 X185.206 Y124.172
G0 X186.176 Y107.263
;TYPE:SOLID-FILL
;WIDTH:0.400
G1 F1500 E1204.3146
G1 F1800 X185.581 Y106.668 E1204.3496
G0 F9000 X185.025 Y106.678
G1 F1800 X187.028 Y108.680 E1204.4673
G1 F2400 E1203.9673
G0 F9000 X186.074 Y109.424
G1 F1500 E1204.4673
G1 F1800 X189.582 Y112.932 E1204.6736
G1 F2400 E1204.1736
G0 F9000 X188.629 Y113.675
G1 F1500 E1204.6736
G1 F1800 X192.137 Y117.183 E1204.8798
G1 F2400 E1204.3798
G0 F9000 X191.183 Y117.927
G1 F1500 E1204.8798
G1 F1800 X194.691 Y121.435 E1205.0861
G1 F2400 E1204.5861
G0 F9000 X193.738 Y122.178
G1 F1500 E1205.0861
G1 F1800 X197.246 Y125.687 E1205.2924
G1 F2400 E1204.7924
G0 F9000 X196.292 Y126.429
G1 F1500 E1205.2924
G1 F1800 X197.513 Y127.651 E1205.3642
G0 F9000 X197.311 Y128.014
G1 F1800 X196.427 Y127.131 E1205.4161
G0 F9000 X196.225 Y127.494
G1 F1800 X197.109 Y128.378 E1205.4681
G0 F9000 X196.908 Y128.742
G1 F1800 X196.024 Y127.859 E1205.5201
G0 F9000 X195.822 Y128.223
G1 F1800 X196.706 Y129.107 E1205.5720
G0 F9000 X196.504 Y129.470
G1 F1800 X195.621 Y128.587 E1205.6240
G0 F9000 X195.419 Y128.951
G1 F1800 X196.302 Y129.834 E1205.6759
G0 F9000 X196.101 Y130.198
G1 F1800 X195.217 Y129.314 E1205.7278
G0 F9000 X195.015 Y129.679
G1 F1800 X195.898 Y130.562 E1205.7798
G0 F9000 X195.697 Y130.926
G1 F1800 X194.814 Y130.043 E1205.8317
G0 F9000 X194.612 Y130.407
G1 F1800 X195.495 Y131.290 E1205.8836
G0 F9000 X195.294 Y131.654
G1 F1800 X194.411 Y130.771 E1205.9355
G0 F9000 X194.208 Y131.135
G1 F1800 X195.092 Y132.018 E1205.9875
G0 F9000 X194.890 Y132.382
G1 F1800 X194.007 Y131.499 E1206.0394
G0 F9000 X193.805 Y131.863
G1 F1800 X194.689 Y132.746 E1206.0913
G0 F9000 X194.446 Y133.069
G1 F1800 X193.267 Y131.890 E1206.1606
G0 F9000 X192.711 Y131.900
G1 F1800 X193.890 Y133.079 E1206.2300
G0 F9000 X193.334 Y133.088
G1 F1800 X192.155 Y131.910 E1206.2993
G0 F9000 X191.599 Y131.919
G1 F1800 X192.778 Y133.098 E1206.3686
G0 F9000 X192.222 Y133.108
G1 F1800 X191.043 Y131.929 E1206.4379
G0 F9000 X190.487 Y131.939
G1 F1800 X191.666 Y133.118 E1206.5072
G0 F9000 X191.110 Y133.127
G1 F1800 X189.931 Y131.948 E1206.5765
G0 F9000 X189.375 Y131.958
G1 F1800 X190.554 Y133.137 E1206.6459
G0 F9000 X189.998 Y133.147
G1 F1800 X188.819 Y131.968 E1206.7152
G0 F9000 X188.263 Y131.977
G1 F1800 X189.442 Y133.156 E1206.7845
G0 F9000 X188.886 Y133.166
G1 F1800 X187.707 Y131.987 E1206.8538
G0 F9000 X187.151 Y131.997
G1 F1800 X188.330 Y133.176 E1206.9231
G0 F9000 X187.775 Y133.186
G1 F1800 X186.595 Y132.006 E1206.9925
G0 F9000 X186.039 Y132.016
G1 F1800 X187.218 Y133.195 E1207.0618
G0 F9000 X186.662 Y133.205
G1 F1800 X185.484 Y132.026 E1207.1311
G0 F9000 X184.927 Y132.035
G1 F1800 X186.106 Y133.215 E1207.2005
G0 F9000 X185.550 Y133.224
G1 F1800 X184.371 Y132.045 E1207.2698
G0 F9000 X183.815 Y132.055
G1 F1800 X184.994 Y133.234 E1207.3391
G0 F9000 X184.438 Y133.244
G1 F1800 X183.259 Y132.064 E1207.4085
G0 F9000 X182.703 Y132.074
G1 F1800 X183.883 Y133.254 E1207.4779
G0 F9000 X183.326 Y133.263
G1 F1800 X182.147 Y132.084 E1207.5472
G0 F9000 X181.592 Y132.094
G1 F1800 X182.770 Y133.273 E1207.6165
G0 F9000 X182.215 Y133.283
G1 F1800 X181.035 Y132.103 E1207.6858
G0 F9000 X180.479 Y132.113
G1 F1800 X181.658 Y133.292 E1207.7552
G0 F9000 X181.102 Y133.302
G1 F1800 X179.924 Y132.123 E1207.8245
G0 F9000 X179.367 Y132.132
G1 F1800 X180.546 Y133.312 E1207.8938
G0 F9000 X179.991 Y133.322
G1 F1800 X178.811 Y132.142 E1207.9632
G0 F9000 X178.255 Y132.152
G1 F1800 X179.434 Y133.331 E1208.0325
G0 F9000 X178.878 Y133.341
G1 F1800 X177.700 Y132.162 E1208.1018
G0 F9000 X177.143 Y132.171
G1 F1800 X178.323 Y133.351 E1208.1712
G0 F9000 X177.766 Y133.360
G1 F1800 X176.587 Y132.181 E1208.2405
G0 F9000 X176.032 Y132.191
G1 F1800 X177.210 Y133.370 E1208.3098
G0 F9000 X176.655 Y133.380
G1 F1800 X175.475 Y132.200 E1208.3792
G0 F9000 X174.919 Y132.210
G1 F1800 X176.099 Y133.390 E1208.4486
G0 F9000 X175.542 Y133.399
G1 F1800 X174.364 Y132.220 E1208.5178
G0 F9000 X173.808 Y132.230
G1 F1800 X174.987 Y133.409 E1208.5872
G0 F9000 X174.431 Y133.419
G1 F1800 X173.251 Y132.239 E1208.6565
G0 F9000 X172.695 Y132.249
G1 F1800 X173.874 Y133.428 E1208.7259
G0 F9000 X173.318 Y133.438
G1 F1800 X172.140 Y132.259 E1208.7952
G1 F2400 E1208.2952
G0 F9000 X172.207 Y133.457
G1 F1500 E1208.7952
G1 F1800 X169.028 Y130.279 E1208.9820
G1 F2400 E1208.4820
G0 F9000 X169.982 Y129.536
G1 F1500 E1208.9820
G1 F1800 X167.490 Y127.043 E1209.1286
G0 F9000 X167.691 Y126.679
G1 F1800 X169.131 Y128.119 E1209.2133
G1 F2400 E1208.7133
G0 F9000 X168.777 Y127.199
G1 F1500 E1209.2133
G1 F1800 X167.893 Y126.315 E1209.2652
G0 F9000 X168.095 Y125.951
G1 F1800 X168.979 Y126.835 E1209.3172
G0 F9000 X169.180 Y126.471
G1 F1800 X168.297 Y125.587 E1209.3692
G0 F9000 X168.498 Y125.223
G1 F1800 X169.382 Y126.107 E1209.4211
G0 F9000 X169.584 Y125.743
G1 F1800 X168.700 Y124.860 E1209.4731
G0 F9000 X168.902 Y124.496
G1 F1800 X169.786 Y125.379 E1209.5250
G0 F9000 X169.987 Y125.015
G1 F1800 X169.103 Y124.131 E1209.5770
G0 F9000 X169.305 Y123.767
G1 F1800 X170.189 Y124.651 E1209.6290
G0 F9000 X170.391 Y124.288
G1 F1800 X169.507 Y123.404 E1209.6809
G0 F9000 X169.709 Y123.040
G1 F1800 X170.593 Y123.923 E1209.7329
G0 F9000 X170.794 Y123.559
G1 F1800 X169.910 Y122.675 E1209.7849
G0 F9000 X170.112 Y122.312
G1 F1800 X170.996 Y123.195 E1209.8368
G0 F9000 X171.198 Y122.832
G1 F1800 X170.314 Y121.948 E1209.8888
G0 F9000 X170.515 Y121.584
G1 F1800 X171.399 Y122.468 E1209.9408
G0 F9000 X171.601 Y122.103
G1 F1800 X170.717 Y121.220 E1209.9927
G0 F9000 X170.919 Y120.856
G1 F1800 X171.803 Y121.740 E1210.0447
G0 F9000 X172.005 Y121.376
G1 F1800 X171.121 Y120.492 E1210.0967
G0 F9000 X171.322 Y120.128
G1 F1800 X172.206 Y121.012 E1210.1486
G0 F9000 X172.408 Y120.647
G1 F1800 X171.525 Y119.764 E1210.2006
G0 F9000 X171.726 Y119.400
G1 F1800 X172.610 Y120.284 E1210.2525
G0 F9000 X172.811 Y119.920
G1 F1800 X171.928 Y119.036 E1210.3045
G0 F9000 X172.129 Y118.672
G1 F1800 X173.013 Y119.556 E1210.3565
G0 F9000 X173.215 Y119.192
G1 F1800 X172.331 Y118.308 E1210.4084
G0 F9000 X172.533 Y117.944
G1 F1800 X173.417 Y118.828 E1210.4604
G0 F9000 X173.618 Y118.464
G1 F1800 X172.734 Y117.580 E1210.5124
G0 F9000 X172.937 Y117.217
G1 F1800 X173.820 Y118.100 E1210.5643
G0 F9000 X174.022 Y117.736
G1 F1800 X173.138 Y116.852 E1210.6163
G0 F9000 X173.340 Y116.488
G1 F1800 X174.224 Y117.372 E1210.6683
G0 F9000 X174.425 Y117.008
G1 F1800 X173.541 Y116.124 E1210.7202
G0 F9000 X173.743 Y115.761
G1 F1800 X174.627 Y116.645 E1210.7722
G0 F9000 X174.829 Y116.280
G1 F1800 X173.945 Y115.396 E1210.8242
G0 F9000 X174.146 Y115.032
G1 F1800 X175.030 Y115.916 E1210.8762
G0 F9000 X175.233 Y115.553
G1 F1800 X174.349 Y114.669 E1210.9281
G0 F9000 X174.550 Y114.305
G1 F1800 X175.434 Y115.189 E1210.9801
G0 F9000 X175.636 Y114.824
G1 F1800 X174.752 Y113.941 E1211.0321
G0 F9000 X174.953 Y113.576
G1 F1800 X175.837 Y114.460 E1211.0840
G0 F9000 X176.039 Y114.097
G1 F1800 X175.156 Y113.213 E1211.1360
G0 F9000 X175.357 Y112.849
G1 F1800 X176.241 Y113.733 E1211.1880
G0 F9000 X176.442 Y113.369
G1 F1800 X175.559 Y112.485 E1211.2399
G0 F9000 X175.761 Y112.121
G1 F1800 X176.645 Y113.005 E1211.2919
G0 F9000 X176.846 Y112.641
G1 F1800 X175.962 Y111.757 E1211.3439
G0 F9000 X176.164 Y111.393
G1 F1800 X177.048 Y112.277 E1211.3958
G0 F9000 X177.249 Y111.913
G1 F1800 X176.365 Y111.029 E1211.4478
G0 F9000 X176.568 Y110.665
G1 F1800 X177.451 Y111.549 E1211.4997
G0 F9000 X177.653 Y111.185
G1 F1800 X176.769 Y110.301 E1211.5517
G0 F9000 X176.971 Y109.937
G1 F1800 X177.855 Y110.821 E1211.6037
G0 F9000 X178.057 Y110.457
G1 F1800 X177.173 Y109.573 E1211.6557
G0 F9000 X177.374 Y109.209
G1 F1800 X178.258 Y110.093 E1211.7077
G0 F9000 X178.460 Y109.729
G1 F1800 X177.576 Y108.845 E1211.7596
G0 F9000 X177.777 Y108.481
G1 F1800 X178.661 Y109.365 E1211.8116
G0 F9000 X178.864 Y109.001
G1 F1800 X177.980 Y108.118 E1211.8636
G0 F9000 X178.181 Y107.753
G1 F1800 X179.065 Y108.637 E1211.9155
G0 F9000 X179.267 Y108.273
G1 F1800 X178.383 Y107.389 E1211.9675
G0 F9000 X178.585 Y107.026
G1 F1800 X179.532 Y107.973 E1212.0232
G0 F9000 X180.088 Y107.963
G1 F1800 X178.910 Y106.785 E1212.0924
G0 F9000 X179.465 Y106.775
G1 F1800 X180.645 Y107.954 E1212.1618
G0 F9000 X181.201 Y107.944
G1 F1800 X180.021 Y106.765 E1212.2311
G0 F9000 X180.578 Y106.756
G1 F1800 X181.756 Y107.934 E1212.3004
G0 F9000 X182.312 Y107.925
G1 F1800 X181.133 Y106.746 E1212.3697
G0 F9000 X181.689 Y106.736
G1 F1800 X182.869 Y107.915 E1212.4391
G0 F9000 X183.424 Y107.905
G1 F1800 X182.245 Y106.726 E1212.5084
G0 F9000 X182.801 Y106.717
G1 F1800 X183.980 Y107.896 E1212.5777
G0 F9000 X184.536 Y107.886
G1 F1800 X183.357 Y106.707 E1212.6470
G0 F9000 X183.913 Y106.697
G1 F1800 X185.092 Y107.876 E1212.7164
G0 F9000 X185.223 Y108.007
G1 F1800 X188.731 Y111.514 E1212.9226
G1 F2400 E1212.4226
G0 F9000 X187.777 Y112.258
G1 F1500 E1212.9226
G1 F1800 X191.285 Y115.766 E1213.1288
G1 F2400 E1212.6288
G0 F9000 X190.331 Y116.509
G1 F1500 E1213.1288
G1 F1800 X193.840 Y120.018 E1213.3352
G1 F2400 E1212.8352
G0 F9000 X192.886 Y120.761
G1 F1500 E1213.3352
G1 F1800 X196.395 Y124.270 E1213.5415
G1 F2400 E1213.0415
G0 F9000 X195.440 Y125.012
G1 F1500 E1213.5415
G1 F1800 X197.714 Y127.286 E1213.6752
G0 F9000 X197.916 Y126.922
G1 F1800 X194.589 Y123.595 E1213.8708
G1 F2400 E1213.3708
G0 F9000 X195.543 Y122.852
G1 F1500 E1213.8708
G1 F1800 X192.034 Y119.344 E1214.0771
G1 F2400 E1213.5771
G0 F9000 X192.989 Y118.601
G1 F1500 E1214.0771
G1 F1800 X189.480 Y115.092 E1214.2834
G1 F2400 E1213.7834
G0 F9000 X190.434 Y114.349
G1 F1500 E1214.2834
G1 F1800 X186.925 Y110.841 E1214.4897
G1 F2400 E1213.9897
G0 F9000 X187.879 Y110.097
G1 F1500 E1214.4897
G1 F1800 X184.469 Y106.687 E1214.6902
G1 F2400 E1214.1902
G0 F9000 X167.325 Y127.444
G1 F1500 E1214.6902
G1 F1800 X170.834 Y130.953 E1214.8965
G1 F2400 E1214.3965
G0 F9000 X169.880 Y131.697
G1 F1500 E1214.8965
G1 F1800 X171.650 Y133.467 E1215.0006
G0 F9000 X171.095 Y133.477
G1 F1800 X170.732 Y133.114 E1215.0219
G1 F2400 E1214.5219
G0 F9000 X172.763 Y133.448
G1 F1500 E1215.0219
G1 F1800 X168.176 Y128.861 E1215.2916
G1 F2400 E1214.7916
G0 F9000 X169.982 Y129.535
;TYPE:SOLID-FILL
;WIDTH:0.400
G1 F1500 E1215.2916
G1 F1950 X170.040 Y129.593 E1215.2950
G1 F2400 E1214.7950
G0 F9000 X191.126 Y117.869
G1 F1500 E1215.2950
G1 F1950 X191.183 Y117.927 E1215.2984
G1 F2400 E1214.7984
G0 F9000 X189.481 Y115.093
G1 F1500 E1215.2984
G1 F1950 X189.422 Y115.034 E1215.3019
G1 F2400 E1214.8019
G0 F9000 X188.629 Y113.676
G1 F1500 E1215.3019
G1 F1950 X188.571 Y113.617 E1215.3053
G1 F2400 E1214.8053
G0 F9000 X194.532 Y123.538
G1 F1500 E1215.3053
G1 F1950 X194.590 Y123.596 E1215.3087
G1 F2400 E1214.8087
G0 F9000 X197.246 Y125.686
G1 F1500 E1215.3087
G1 F1950 X197.304 Y125.744 E1215.3121
G1 F2400 E1214.8121
G0 F9000 X170.733 Y133.114
G1 F1500 E1215.3121
G1 F1950 X170.675 Y133.056 E1215.3155
G1 F2400 E1214.8155
G0 F9000 X169.781 Y111.516
;TYPE:SOLID-FILL
;WIDTH:0.400
G1 F1500 E1215.3155
G1 F2250 X171.051 Y112.220 E1215.3759
G1 X169.959 Y111.128 E1215.4401
G1 X170.161 Y110.764 E1215.4574
G1 X172.321 Y112.924 E1215.5844
G1 X173.274 Y113.453 E1215.6297
G1 X173.325 Y113.362 E1215.6341
G1 X170.363 Y110.400 E1215.8082
G1 X170.564 Y110.036 E1215.8255
G1 X173.526 Y112.998 E1215.9997
G1 X173.729 Y112.635 E1216.0170
G1 X170.766 Y109.672 E1216.1912
G1 X170.967 Y109.308 E1216.2085
G1 X174.114 Y112.454 E1216.3935
G1 X174.315 Y112.090 E1216.4107
G1 X171.170 Y108.944 E1216.5957
G1 X171.371 Y108.580 E1216.6130
G1 X174.517 Y111.726 E1216.7979
G1 X174.719 Y111.362 E1216.8153
G1 X171.573 Y108.216 E1217.0002
G1 X171.774 Y107.852 E1217.0175
G1 X174.921 Y110.998 E1217.2025
G1 X175.122 Y110.634 E1217.2198
G1 X171.976 Y107.488 E1217.4048
G1 X172.178 Y107.124 E1217.4221
G1 X175.325 Y110.271 E1217.6071
G1 X175.526 Y109.907 E1217.6244
G1 X172.379 Y106.760 E1217.8094
G1 X172.581 Y106.396 E1217.8267
G1 X175.728 Y109.542 E1218.0117
G1 X175.930 Y109.179 E1218.0290
G1 X172.783 Y106.032 E1218.2140
G1 X172.985 Y105.668 E1218.2314
G1 X176.131 Y108.815 E1218.4164
G1 X176.333 Y108.451 E1218.4337
G1 X173.186 Y105.304 E1218.6187
G1 X173.388 Y104.940 E1218.6360
G1 X176.535 Y108.087 E1218.8210
G1 X176.737 Y107.723 E1218.8383
G1 X173.589 Y104.576 E1219.0234
G1 X173.791 Y104.212 E1219.0407
G1 X176.938 Y107.359 E1219.2257
G1 X177.140 Y106.995 E1219.2431
G1 X173.993 Y103.848 E1219.4281
G0 F9000 X174.038 Y103.768
G1 F2250 X175.029 Y104.318 E1219.4752
G1 X177.342 Y106.631 E1219.6112
G1 X177.543 Y106.267 E1219.6285
G1 X176.299 Y105.023 E1219.7016
G1 X177.569 Y105.727 E1219.7620
G1 X177.745 Y105.903 E1219.7723
G1 F2400 E1219.2723
G0 F9000 X189.146 Y101.748
;TYPE:SOLID-FILL
;WIDTH:0.400
G1 F1500 E1219.7723
G1 F1950 X190.138 Y102.739 E1219.8306
G0 F9000 X190.107 Y103.275
G1 F1950 X191.077 Y104.245 E1219.8877
G0 F9000 X190.959 Y104.692
G1 F1950 X191.929 Y105.662 E1219.9447
G0 F9000 X191.811 Y106.109
G1 F1950 X192.782 Y107.080 E1220.0018
G0 F9000 X192.663 Y107.527
G1 F1950 X193.634 Y108.498 E1220.0589
G0 F9000 X193.515 Y108.945
G1 F1950 X194.486 Y109.916 E1220.1160
G0 F9000 X194.367 Y110.363
G1 F1950 X195.338 Y111.333 E1220.1730
G0 F9000 X195.219 Y111.780
G1 F1950 X196.190 Y112.751 E1220.2301
G0 F9000 X196.071 Y113.198
G1 F1950 X197.042 Y114.169 E1220.2872
G0 F9000 X196.923 Y114.616
G1 F1950 X197.894 Y115.587 E1220.3443
G0 F9000 X197.775 Y116.034
G1 F1950 X198.746 Y117.004 E1220.4014
G0 F9000 X198.627 Y117.451
G1 F1950 X199.598 Y118.422 E1220.4585
G0 F9000 X199.479 Y118.868
G1 F1950 X200.450 Y119.840 E1220.5156
G0 F9000 X200.331 Y120.286
G1 F1950 X201.302 Y121.258 E1220.5727
G0 F9000 X201.183 Y121.704
G1 F1950 X202.154 Y122.675 E1220.6298
G0 F9000 X202.035 Y123.122
G1 F1950 X203.006 Y124.093 E1220.6869
G0 F9000 X202.887 Y124.539
G1 F1950 X203.615 Y125.268 E1220.7297
G0 F9000 X203.370 Y125.589
G1 F1950 X203.679 Y126.180 E1220.7563
G1 X203.729 Y126.795 E1220.7774
G1 X203.700 Y127.332 E1220.7959
G1 X203.619 Y127.817 E1220.8134
G1 X203.488 Y128.252 E1220.8291
G1 X203.447 Y128.777 E1220.8439
G1 X203.011 Y128.906 E1220.8585
G1 X203.058 Y129.519 E1220.8729
G1 X202.611 Y129.638 E1220.8873
G1 X202.654 Y130.247 E1220.9016
G1 X202.208 Y130.366 E1220.9160
G1 X202.251 Y130.975 E1220.9303
G1 X201.804 Y131.094 E1220.9448
G1 X201.847 Y131.703 E1220.9591
G1 X201.401 Y131.822 E1220.9735
G1 X201.444 Y132.431 E1220.9878
G1 X200.998 Y132.550 E1221.0022
G1 X201.041 Y133.159 E1221.0166
G1 X200.594 Y133.278 E1221.0310
G1 X200.638 Y133.887 E1221.0453
G1 X200.191 Y134.006 E1221.0597
G1 X200.235 Y134.615 E1221.0741
G1 X199.788 Y134.734 E1221.0885
G1 X199.831 Y135.343 E1221.1028
G1 X199.384 Y135.462 E1221.1172
G1 X199.428 Y136.071 E1221.1316
G1 X198.980 Y136.189 E1221.1459
G1 X199.006 Y136.780 E1221.1600
G1 X198.529 Y136.869 E1221.1741
G1 X198.507 Y137.413 E1221.1879
G1 X197.984 Y137.455 E1221.2017
G1 X197.902 Y137.939 E1221.2154
G1 X197.323 Y137.926 E1221.2295
G1 X197.193 Y138.362 E1221.2436
G1 X196.668 Y138.403 E1221.2584
G1 X196.226 Y138.526 E1221.2744
G1 X195.741 Y138.607 E1221.2912
G1 X195.215 Y138.646 E1221.3091
G1 X194.659 Y138.656 E1221.3281
G1 X194.103 Y138.666 E1221.3473
G1 X193.547 Y138.675 E1221.3663
G1 X192.991 Y138.685 E1221.3854
G1 X192.435 Y138.695 E1221.4045
G1 X191.879 Y138.704 E1221.4236
G1 X191.323 Y138.714 E1221.4426
G1 X190.767 Y138.724 E1221.4617
G1 X190.212 Y138.734 E1221.4807
G1 X189.655 Y138.743 E1221.4999
G1 X189.099 Y138.753 E1221.5190
G1 X188.544 Y138.763 E1221.5380
G1 X187.988 Y138.773 E1221.5571
G1 X187.431 Y138.782 E1221.5763
G1 X186.876 Y138.792 E1221.5953
G1 X186.320 Y138.802 E1221.6144
G1 X185.764 Y138.812 E1221.6335
G1 X185.207 Y138.821 E1221.6527
G1 X184.652 Y138.831 E1221.6717
G1 X184.096 Y138.841 E1221.6908
G1 X183.540 Y138.851 E1221.7099
G1 X182.984 Y138.861 E1221.7290
G1 X182.428 Y138.870 E1221.7482
G1 X181.872 Y138.880 E1221.7672
G1 X181.316 Y138.890 E1221.7864
G1 X180.760 Y138.900 E1221.8055
G1 X180.204 Y138.909 E1221.8246
G1 X179.648 Y138.919 E1221.8437
G1 X179.092 Y138.929 E1221.8628
G1 X178.536 Y138.938 E1221.8819
G1 X177.980 Y138.948 E1221.9010
G1 X177.424 Y138.958 E1221.9201
G1 X176.868 Y138.967 E1221.9392
G1 X176.313 Y138.977 E1221.9583
G1 X175.757 Y138.987 E1221.9774
G1 X175.201 Y138.996 E1221.9966
G1 X174.645 Y139.006 E1222.0156
G1 X174.089 Y139.016 E1222.0348
G1 X173.533 Y139.026 E1222.0539
G1 X172.977 Y139.035 E1222.0730
G1 X172.421 Y139.045 E1222.0922
G1 X171.865 Y139.055 E1222.1113
G1 X171.309 Y139.065 E1222.1304
G1 X170.753 Y139.074 E1222.1495
G1 X170.187 Y139.074 E1222.1687
G1 X169.569 Y139.022 E1222.1894
G1 X168.980 Y138.716 E1222.2170
G0 F9000 X168.641 Y138.942
G1 F1950 X167.855 Y138.156 E1222.2632
G1 F2400 E1221.7632
G0 F9000 X166.875 Y137.177
G1 F1500 E1222.2632
G1 F1950 X165.831 Y136.132 E1222.3246
G0 F9000 X165.950 Y135.686
G1 F1950 X164.979 Y134.715 E1222.3817
G0 F9000 X165.098 Y134.268
G1 F1950 X164.127 Y133.297 E1222.4388
G0 F9000 X164.245 Y132.849
G1 F1950 X163.274 Y131.878 E1222.4959
G0 F9000 X163.393 Y131.432
G1 F1950 X162.422 Y130.461 E1222.5529
G0 F9000 X162.540 Y130.013
G1 F1950 X161.704 Y129.177 E1222.6021
G0 F9000 X161.934 Y128.841
G1 F1950 X161.591 Y128.215 E1222.6307
G1 X161.520 Y127.578 E1222.6530
G1 X161.532 Y127.025 E1222.6725
G1 X161.608 Y126.535 E1222.6898
G1 X161.727 Y126.089 E1222.7055
G1 X161.761 Y125.557 E1222.7203
G1 X162.195 Y125.425 E1222.7349
G1 X162.146 Y124.811 E1222.7493
G1 X162.592 Y124.692 E1222.7637
G1 X162.549 Y124.083 E1222.7780
G1 X162.996 Y123.964 E1222.7924
G1 X162.953 Y123.355 E1222.8067
G1 X163.399 Y123.236 E1222.8211
G1 X163.356 Y122.627 E1222.8355
G1 X163.803 Y122.508 E1222.8499
G1 X163.760 Y121.899 E1222.8642
G1 X164.206 Y121.780 E1222.8786
G1 X164.163 Y121.171 E1222.8929
G1 X164.610 Y121.052 E1222.9073
G1 X164.567 Y120.443 E1222.9216
G1 X165.013 Y120.324 E1222.9359
G1 X164.970 Y119.715 E1222.9503
G1 X165.417 Y119.596 E1222.9646
G1 X165.374 Y118.987 E1222.9790
G1 X165.820 Y118.868 E1222.9933
G1 X165.777 Y118.260 E1223.0076
G1 X166.223 Y118.140 E1223.0220
G1 X166.180 Y117.532 E1223.0363
G1 X166.627 Y117.412 E1223.0507
G1 X166.584 Y116.804 E1223.0650
G1 X167.030 Y116.684 E1223.0794
G1 X166.988 Y116.076 E1223.0937
G1 X167.433 Y115.956 E1223.1081
G1 X167.391 Y115.348 E1223.1224
G1 X167.837 Y115.228 E1223.1368
G1 X167.794 Y114.620 E1223.1511
G1 X168.241 Y114.500 E1223.1654
G1 X168.198 Y113.892 E1223.1798
G1 X168.644 Y113.773 E1223.1942
G1 X168.601 Y113.164 E1223.2085
G1 X169.047 Y113.044 E1223.2229
G1 X169.005 Y112.436 E1223.2372
G1 X169.451 Y112.317 E1223.2516
G1 X169.408 Y111.709 E1223.2659
G1 X169.683 Y111.701 E1223.2759
G1 X169.753 Y111.770 E1223.2800
G1 F2400 E1222.7800
G0 F9000 X174.093 Y103.666
G1 F1500 E1223.2800
G1 F1950 X174.054 Y103.343 E1223.2886
G1 X174.513 Y103.237 E1223.3026
G1 X174.516 Y102.674 E1223.3167
G1 X175.021 Y102.613 E1223.3305
G1 X175.080 Y102.106 E1223.3442
G1 X175.639 Y102.099 E1223.3579
G1 X175.744 Y101.640 E1223.3720
G1 X176.372 Y101.701 E1223.3867
G1 X176.530 Y101.294 E1223.4016
G1 X177.105 Y101.303 E1223.4175
G1 X177.605 Y101.237 E1223.4352
G1 X178.140 Y101.207 E1223.4537
G1 X178.696 Y101.197 E1223.4728
G1 X179.252 Y101.187 E1223.4919
G1 X179.808 Y101.178 E1223.5110
G1 X180.364 Y101.168 E1223.5301
G1 X180.919 Y101.158 E1223.5493
G1 X181.475 Y101.148 E1223.5685
G1 X182.031 Y101.138 E1223.5877
G1 X182.587 Y101.128 E1223.6069
G1 X183.143 Y101.118 E1223.6260
G1 X183.699 Y101.109 E1223.6451
G1 X184.255 Y101.099 E1223.6643
G1 X184.811 Y101.089 E1223.6834
G1 X185.366 Y101.079 E1223.7026
G1 X185.923 Y101.070 E1223.7217
G1 X186.484 Y101.066 E1223.7408
G1 X187.089 Y101.105 E1223.7615
G1 X187.649 Y101.382 E1223.7875
G0 F9000 X187.977 Y101.145
G1 F1950 X188.651 Y101.819 E1223.8271
G1 F2400 E1223.3271
G0 F9000 X184.482 Y101.242
;TYPE:FILL
;WIDTH:0.400
G1 F1500 E1223.8271
G1 F3150 X178.940 Y106.784 E1224.1530
G1 F2400 E1223.6530
G0 F9000 X178.444 Y107.280
G1 F1500 E1224.1530
G1 F3150 X175.627 Y110.097 E1224.3186
G1 F2400 E1223.8186
G0 F9000 X176.581 Y108.374
G1 F1500 E1224.3186
G1 F3150 X177.390 Y109.182 E1224.3661
G1 F2400 E1223.8661
G0 F9000 X172.496 Y113.228
G1 F1500 E1224.3661
G1 F3150 X164.481 Y121.243 E1224.8374
G1 F2400 E1224.3374
G0 F9000 X165.315 Y119.735
G1 F1500 E1224.8374
G1 F3150 X169.321 Y123.741 E1225.0729
G1 F2400 E1224.5729
G0 F9000 X168.176 Y128.861
G1 F1500 E1225.0729
G1 F3150 X164.209 Y132.829 E1225.3062
G1 F2400 E1224.8062
G0 F9000 X161.661 Y127.395
G1 F1500 E1225.3062
G1 F3150 X173.152 Y138.886 E1225.9818
G1 F2400 E1225.4818
G0 F9000 X169.492 Y138.859
G1 F1500 E1225.9818
G1 F3150 X174.942 Y133.409 E1226.3023
G1 F2400 E1225.8023
G0 F9000 X178.921 Y133.341
G1 F1500 E1226.3023
G1 F3150 X184.272 Y138.692 E1226.6169
G1 F2400 E1226.1169
G0 F9000 X180.913 Y138.752
G1 F1500 E1226.6169
G1 F3150 X186.456 Y133.209 E1226.9428
G1 F2400 E1226.4428
G0 F9000 X190.041 Y133.147
G1 F1500 E1226.9428
G1 F3150 X195.389 Y138.495 E1227.2572
G1 F2400 E1226.7572
G0 F9000 X192.429 Y138.550
G1 F1500 E1227.2572
G1 F3150 X203.539 Y127.439 E1227.9105
G1 F2400 E1227.4105
G0 F9000 X200.927 Y132.720
G1 F1500 E1227.9105
G1 F3150 X196.922 Y128.714 E1228.1460
G1 F2400 E1227.6460
G0 F9000 X196.020 Y123.645
G1 F1500 E1228.1460
G1 F3150 X199.988 Y119.677 E1228.3793
G1 F2400 E1227.8793
G0 F9000 X201.178 Y121.657
G1 F1500 E1228.3793
G1 F3150 X180.827 Y101.306 E1229.5759
G1 F2400 E1229.0759
G0 F9000 X187.527 Y109.511
G1 F1500 E1229.5759
G1 F3150 X191.494 Y105.544 E1229.8091
G1 F2400 E1229.3091
G0 F9000 X195.741 Y112.610
G1 F1500 E1229.8091
G1 F3150 X191.773 Y116.578 E1230.0424
G1 F2400 E1229.5424
G0 F9000 X173.356 Y116.462
G1 F1500 E1230.0424
G1 F3150 X169.350 Y112.456 E1230.2779
G1 F2400 E1229.7779
G0 F9000 X174.238 Y117.344
G1 F1500 E1230.2779
G1 F3150 X188.860 Y131.966 E1231.1377
G1 F2400 E1230.6377
G0 F9000 X187.678 Y131.987
G1 F1500 E1231.1377
G1 F3150 X195.145 Y124.520 E1231.5767
G1 F2400 E1231.0767
G0 F9000 X196.040 Y127.832
G1 F1500 E1231.5767
G1 F3150 X178.272 Y110.065 E1232.6213
G1 F2400 E1232.1213
G0 F9000 X186.652 Y110.386
G1 F1500 E1232.6213
G1 F3150 X169.052 Y127.986 E1233.6562
G1 F2400 E1233.1562
G0 F9000 X170.204 Y124.624
G1 F1500 E1233.6562
G1 F3150 X177.741 Y132.161 E1234.0993
G1 F2400 E1233.5993
G0 F9000 X176.162 Y132.189
G1 F1500 E1234.0993
G1 F3150 X190.898 Y117.453 E1234.9657
;PRINTING_TIME: 807
;REMAINING_TIME: 679
;LAYER:3
;Z:2.670
;HEIGHT:0.250
;PRINTING: top_cover.stl
;PRINTING_ID: 0
G1 F2400 E1234.4657
G0 F900 Z2.670
G0 F9000 X174.136 Y103.415
;TYPE:WALL-INNER
;WIDTH:0.400
G1 F1500 E1234.9657
G1 F2475 X174.506 Y102.855 E1234.9936
G1 X174.939 Y102.372 E1235.0206
G1 X175.440 Y101.958 E1235.0476
G1 X175.996 Y101.624 E1235.0746
G1 X176.594 Y101.376 E1235.1015
G1 X177.224 Y101.222 E1235.1285
G1 X177.893 Y101.160 E1235.1564
G1 X186.446 Y101.008 E1235.5120
G1 X187.115 Y101.049 E1235.5399
G1 X187.751 Y101.181 E1235.5669
G1 X188.359 Y101.408 E1235.5939
G1 X188.927 Y101.723 E1235.6209
G1 X189.442 Y102.118 E1235.6479
G1 X189.891 Y102.585 E1235.6748
G1 X190.278 Y103.134 E1235.7027
G1 X203.164 Y124.576 E1236.7428
G1 X203.465 Y125.177 E1236.7707
G1 X203.667 Y125.794 E1236.7977
G1 X203.775 Y126.434 E1236.8247
G1 X203.787 Y127.082 E1236.8517
G1 X203.701 Y127.726 E1236.8787
G1 X203.549 Y128.256 E1236.9016
G1 X203.237 Y128.963 E1236.9337
G1 X199.094 Y136.441 E1237.2892
G1 X198.724 Y137.001 E1237.3171
G1 X198.291 Y137.485 E1237.3441
G1 X197.790 Y137.899 E1237.3711
G1 X197.235 Y138.233 E1237.3980
G1 X196.635 Y138.480 E1237.4250
G1 X196.005 Y138.635 E1237.4520
G1 X195.337 Y138.697 E1237.4798
G1 X170.324 Y139.135 E1238.5199
G1 X169.655 Y139.095 E1238.5478
G1 X169.019 Y138.962 E1238.5748
G1 X168.411 Y138.736 E1238.6018
G1 X167.843 Y138.421 E1238.6288
G1 X167.329 Y138.025 E1238.6558
G1 X166.879 Y137.558 E1238.6827
G1 X166.492 Y137.010 E1238.7106
G1 X162.085 Y129.678 E1239.0663
G1 X161.784 Y129.077 E1239.0942
G1 X161.582 Y128.460 E1239.1212
G1 X161.474 Y127.821 E1239.1481
G1 X161.462 Y127.172 E1239.1751
G1 X161.548 Y126.529 E1239.2021
G1 X161.728 Y125.906 E1239.2291
G1 X161.967 Y125.387 E1239.2528
G1 X174.136 Y103.415 E1240.2971
G1 F2400 E1239.7971
G0 F9000 X173.794 Y103.208
;TYPE:WALL-OUTER
;WIDTH:0.400
G1 F1500 E1240.2971
G1 F2475 X174.188 Y102.610 E1240.3268
G1 X174.661 Y102.083 E1240.3563
G1 X175.208 Y101.631 E1240.3858
G1 X175.815 Y101.266 E1240.4152
G1 X176.469 Y100.995 E1240.4446
G1 X177.158 Y100.826 E1240.4741
G1 X177.871 Y100.760 E1240.5039
G1 X186.454 Y100.608 E1240.8608
G1 X187.168 Y100.651 E1240.8905
G1 X187.862 Y100.796 E1240.9200
G1 X188.527 Y101.044 E1240.9495
G1 X189.147 Y101.388 E1240.9790
G1 X189.709 Y101.819 E1241.0085
G1 X190.200 Y102.330 E1241.0379
G1 X190.613 Y102.915 E1241.0677
G1 X203.515 Y124.383 E1242.1090
G1 X203.836 Y125.024 E1242.1388
G1 X204.057 Y125.698 E1242.1683
G1 X204.174 Y126.397 E1242.1978
G1 X204.187 Y127.105 E1242.2272
G1 X204.094 Y127.808 E1242.2567
G1 X203.926 Y128.393 E1242.2820
G1 X203.596 Y129.141 E1242.3160
G1 X199.436 Y136.648 E1242.6728
G1 X199.042 Y137.246 E1242.7026
G1 X198.569 Y137.774 E1242.7320
G1 X198.022 Y138.226 E1242.7616
G1 X197.415 Y138.591 E1242.7910
G1 X196.760 Y138.861 E1242.8205
G1 X196.072 Y139.031 E1242.8499
G1 X195.359 Y139.097 E1242.8797
G1 X170.316 Y139.535 E1243.9210
G1 X169.602 Y139.493 E1243.9507
G1 X168.908 Y139.347 E1243.9802
G1 X168.243 Y139.100 E1244.0097
G1 X167.623 Y138.756 E1244.0392
G1 X167.061 Y138.324 E1244.0687
G1 X166.570 Y137.813 E1244.0981
G1 X166.157 Y137.229 E1244.1279
G1 X161.734 Y129.871 E1244.4848
G1 X161.413 Y129.230 E1244.5146
G1 X161.192 Y128.556 E1244.5441
G1 X161.075 Y127.858 E1244.5735
G1 X161.062 Y127.149 E1244.6030
G1 X161.155 Y126.447 E1244.6324
G1 X161.352 Y125.766 E1244.6619
G1 X161.610 Y125.206 E1244.6875
G1 X173.794 Y103.208 E1245.7330
G0 F3600 X173.904 Y103.041
G1 F2400 E1245.2330
G0 F9000 X173.987 Y103.096
G0 X170.675 Y115.610
;TYPE:WALL-INNER
;WIDTH:0.400
G1 F1500 E1245.7330
G1 F2475 X170.543 Y115.833 E1245.7438
G1 X170.435 Y116.210 E1245.7601
G1 X170.460 Y116.626 E1245.7774
G1 X170.622 Y117.009 E1245.7947
G1 X170.885 Y117.299 E1245.8110
G1 X171.105 Y117.442 E1245.8219
G1 X171.473 Y117.563 E1245.8380
G1 X171.865 Y117.558 E1245.8543
G1 X172.102 Y117.491 E1245.8646
G1 X172.347 Y117.364 E1245.8760
G1 X172.587 Y117.154 E1245.8893
G1 X172.733 Y116.948 E1245.8998
G1 X172.865 Y116.600 E1245.9153
G1 X172.889 Y116.314 E1245.9272
G1 X172.833 Y115.959 E1245.9421
G1 X172.647 Y115.608 E1245.9586
G1 X172.448 Y115.403 E1245.9705
G1 X172.147 Y115.211 E1245.9854
G1 X171.744 Y115.113 E1246.0026
G1 X171.328 Y115.158 E1246.0200
G1 X170.953 Y115.335 E1246.0372
G1 X170.675 Y115.610 E1246.0535
G1 F2400 E1245.5535
G0 F9000 X170.993 Y115.858
;TYPE:WALL-OUTER
;WIDTH:0.400
G1 F1500 E1246.0535
G1 F2475 X170.913 Y115.993 E1246.0600
G1 X170.838 Y116.254 E1246.0713
G1 X170.855 Y116.533 E1246.0829
G1 X170.964 Y116.791 E1246.0946
G1 X171.146 Y116.992 E1246.1059
G1 X171.279 Y117.078 E1246.1124
G1 X171.535 Y117.162 E1246.1236
G1 X171.807 Y117.159 E1246.1350
G1 X171.954 Y117.117 E1246.1413
G1 X172.120 Y117.031 E1246.1491
G1 X172.288 Y116.884 E1246.1584
G1 X172.377 Y116.758 E1246.1648
G1 X172.471 Y116.511 E1246.1758
G1 X172.486 Y116.329 E1246.1834
G1 X172.448 Y116.087 E1246.1935
G1 X172.320 Y115.845 E1246.2049
G1 X172.194 Y115.715 E1246.2124
G1 X171.988 Y115.584 E1246.2226
G1 X171.717 Y115.518 E1246.2342
G1 X171.438 Y115.548 E1246.2459
G1 X171.186 Y115.667 E1246.2574
G1 X170.993 Y115.858 E1246.2687
G0 F3600 X170.913 Y115.993
G0 X170.901 Y116.035
G1 F2400 E1245.7687
G0 F9000 X170.806 Y116.007
G0 X164.577 Y124.906
;TYPE:WALL-INNER
;WIDTH:0.400
G1 F1500 E1246.2687
G1 F2475 X164.352 Y125.224 E1246.2849
G1 X164.259 Y125.465 E1246.2957
G1 X164.217 Y125.851 E1246.3118
G1 X164.303 Y126.243 E1246.3285
G1 X164.534 Y126.609 E1246.3465
G1 X164.864 Y126.868 E1246.3639
G1 X165.245 Y126.995 E1246.3806
G1 X165.533 Y127.006 E1246.3926
G1 X165.882 Y126.934 E1246.4074
G1 X166.239 Y126.728 E1246.4246
G1 X166.492 Y126.429 E1246.4408
G1 X166.606 Y126.195 E1246.4517
G1 X166.681 Y125.803 E1246.4683
G1 X166.611 Y125.384 E1246.4859
G1 X166.504 Y125.155 E1246.4964
G1 X166.338 Y124.937 E1246.5078
G1 X166.131 Y124.759 E1246.5192
G1 X165.905 Y124.638 E1246.5298
G1 X165.502 Y124.550 E1246.5470
G1 X165.142 Y124.590 E1246.5620
G1 X164.899 Y124.679 E1246.5728
G1 X164.577 Y124.906 E1246.5892
G1 F2400 E1246.0892
G0 F9000 X164.864 Y125.193
;TYPE:WALL-OUTER
;WIDTH:0.400
G1 F1500 E1246.5892
G1 F2475 X164.707 Y125.414 E1246.6005
G1 X164.651 Y125.560 E1246.6070
G1 X164.622 Y125.829 E1246.6182
G1 X164.679 Y126.089 E1246.6293
G1 X164.835 Y126.337 E1246.6414
G1 X165.056 Y126.510 E1246.6531
G1 X165.317 Y126.597 E1246.6646
G1 X165.500 Y126.604 E1246.6722
G1 X165.738 Y126.555 E1246.6823
G1 X165.979 Y126.416 E1246.6938
G1 X166.154 Y126.209 E1246.7051
G1 X166.223 Y126.067 E1246.7117
G1 X166.275 Y125.798 E1246.7231
G1 X166.226 Y125.504 E1246.7355
G1 X166.160 Y125.364 E1246.7419
G1 X166.045 Y125.213 E1246.7498
G1 X165.903 Y125.091 E1246.7576
G1 X165.765 Y125.017 E1246.7641
G1 X165.481 Y124.955 E1246.7762
G1 X165.234 Y124.982 E1246.7865
G1 X165.086 Y125.036 E1246.7930
G1 X164.864 Y125.193 E1246.8043
G0 F3600 X164.749 Y125.356
G1 F2400 E1246.3043
G0 F9000 X164.668 Y125.298
G0 X165.333 Y124.860
G0 X185.050 Y123.746
;TYPE:WALL-INNER
;WIDTH:0.400
G1 F1500 E1246.8043
G1 F2475 X184.917 Y124.054 E1246.8183
G1 X184.867 Y124.498 E1246.8369
G1 X184.966 Y124.922 E1246.8550
G1 X185.094 Y125.163 E1246.8663
G1 X185.319 Y125.422 E1246.8806
G1 X185.572 Y125.603 E1246.8935
G1 X185.819 Y125.710 E1246.9047
G1 X186.248 Y125.776 E1246.9227
G1 X186.673 Y125.694 E1246.9407
G1 X186.927 Y125.575 E1246.9524
G1 X187.260 Y125.295 E1246.9705
G1 X187.493 Y124.901 E1246.9895
G1 X187.576 Y124.478 E1247.0074
G1 X187.561 Y124.204 E1247.0189
G1 X187.462 Y123.873 E1247.0332
G1 X187.306 Y123.603 E1247.0462
G1 X187.124 Y123.405 E1247.0574
G1 X186.782 Y123.182 E1247.0743
G1 X186.529 Y123.099 E1247.0854
G1 X186.202 Y123.062 E1247.0991
G1 X185.871 Y123.109 E1247.1130
G1 X185.621 Y123.205 E1247.1241
G1 X185.272 Y123.448 E1247.1418
G1 X185.050 Y123.746 E1247.1573
G1 F2400 E1246.6573
G0 F9000 X185.399 Y123.947
;TYPE:WALL-OUTER
;WIDTH:0.400
G1 F1500 E1247.1573
G1 F2475 X185.308 Y124.158 E1247.1668
G1 X185.272 Y124.474 E1247.1800
G1 X185.344 Y124.780 E1247.1931
G1 X185.426 Y124.935 E1247.2004
G1 X185.590 Y125.124 E1247.2108
G1 X185.770 Y125.253 E1247.2200
G1 X185.930 Y125.322 E1247.2272
G1 X186.241 Y125.370 E1247.2403
G1 X186.548 Y125.311 E1247.2533
G1 X186.710 Y125.235 E1247.2608
G1 X186.950 Y125.033 E1247.2738
G1 X187.114 Y124.756 E1247.2872
G1 X187.174 Y124.450 E1247.3002
G1 X187.164 Y124.274 E1247.3075
G1 X187.092 Y124.033 E1247.3179
G1 X186.981 Y123.841 E1247.3272
G1 X186.863 Y123.712 E1247.3344
G1 X186.608 Y123.546 E1247.3471
G1 X186.443 Y123.492 E1247.3543
G1 X186.208 Y123.465 E1247.3641
G1 X185.972 Y123.499 E1247.3740
G1 X185.809 Y123.561 E1247.3813
G1 X185.554 Y123.739 E1247.3942
G1 X185.399 Y123.947 E1247.4050
G0 F3600 X185.320 Y124.131
G1 F2400 E1246.9050
G0 F9000 X185.228 Y124.092
G0 X185.254 Y124.865
G0 X193.739 Y131.529
;TYPE:SOLID-FILL
;WIDTH:0.400
G1 F1500 E1247.4050
G1 F2925 X197.946 Y127.322 E1247.6524
G1 X198.205 Y126.855 E1247.6746
G1 X198.071 Y126.632 E1247.6854
G1 X194.442 Y130.261 E1247.8988
G1 X195.145 Y128.992 E1247.9591
G1 X197.858 Y126.279 E1248.1186
G1 X197.646 Y125.925 E1248.1357
G1 X195.848 Y127.723 E1248.2415
G1 X196.311 Y126.887 E1248.2812
G1 X196.239 Y126.767 E1248.2870
G1 X197.434 Y125.572 E1248.3573
G1 X197.221 Y125.219 E1248.3744
G1 X196.026 Y126.413 E1248.4446
G1 X195.814 Y126.060 E1248.4618
G1 X197.009 Y124.865 E1248.5320
G1 X196.797 Y124.512 E1248.5491
G1 X195.602 Y125.706 E1248.6194
G1 X195.389 Y125.353 E1248.6365
G1 X196.584 Y124.158 E1248.7068
G1 X196.372 Y123.805 E1248.7239
G1 X195.177 Y125.000 E1248.7941
G1 X194.965 Y124.646 E1248.8113
G1 X196.159 Y123.452 E1248.8815
G1 X195.947 Y123.098 E1248.8987
G1 X194.753 Y124.293 E1248.9689
G1 X194.540 Y123.940 E1248.9860
G1 X195.735 Y122.745 E1249.0563
G1 X195.522 Y122.392 E1249.0734
G1 X194.328 Y123.586 E1249.1436
G1 X194.116 Y123.233 E1249.1608
G1 X195.310 Y122.038 E1249.2310
G1 X195.098 Y121.685 E1249.2481
G1 X193.903 Y122.880 E1249.3184
G1 X193.691 Y122.526 E1249.3355
G1 X194.885 Y121.332 E1249.4057
G1 X194.673 Y120.978 E1249.4229
G1 X193.479 Y122.173 E1249.4931
G1 X193.267 Y121.819 E1249.5103
G1 X194.461 Y120.625 E1249.5805
G1 X194.249 Y120.271 E1249.5976
G1 X193.054 Y121.466 E1249.6679
G1 X192.842 Y121.113 E1249.6850
G1 X194.036 Y119.918 E1249.7552
G1 X193.824 Y119.565 E1249.7724
G1 X192.630 Y120.759 E1249.8426
G1 X192.417 Y120.406 E1249.8597
G1 X193.612 Y119.211 E1249.9300
G1 X193.399 Y118.858 E1249.9471
G1 X192.205 Y120.053 E1250.0173
G1 X191.992 Y119.699 E1250.0345
G1 X193.187 Y118.505 E1250.1047
G1 X192.975 Y118.151 E1250.1219
G1 X191.780 Y119.346 E1250.1922
G1 X191.568 Y118.992 E1250.2093
G1 X192.762 Y117.798 E1250.2795
G1 X192.550 Y117.445 E1250.2966
G1 X191.355 Y118.639 E1250.3669
G1 X191.143 Y118.286 E1250.3840
G1 X192.337 Y117.091 E1250.4542
G1 X192.125 Y116.738 E1250.4713
G1 X190.931 Y117.932 E1250.5415
G1 X190.718 Y117.579 E1250.5587
G1 X191.913 Y116.384 E1250.6289
G1 X191.700 Y116.031 E1250.6461
G1 X190.506 Y117.226 E1250.7163
G1 X190.294 Y116.872 E1250.7335
G1 X191.488 Y115.678 E1250.8037
G1 X191.276 Y115.324 E1250.8208
G1 X190.082 Y116.519 E1250.8911
G1 X189.869 Y116.166 E1250.9082
G1 X191.063 Y114.972 E1250.9784
G1 X190.851 Y114.618 E1250.9956
G1 X189.657 Y115.812 E1251.0658
G1 X189.445 Y115.459 E1251.0829
G1 X190.639 Y114.264 E1251.1531
G1 X190.427 Y113.911 E1251.1702
G1 X189.233 Y115.105 E1251.2404
G1 X189.020 Y114.752 E1251.2576
G1 X190.214 Y113.558 E1251.3278
G1 X190.002 Y113.204 E1251.3449
G1 X188.808 Y114.399 E1251.4152
G1 X188.595 Y114.045 E1251.4323
G1 X189.790 Y112.851 E1251.5026
G1 X189.577 Y112.498 E1251.5197
G1 X188.383 Y113.692 E1251.5899
G1 X188.171 Y113.339 E1251.6070
G1 X189.365 Y112.145 E1251.6772
G1 X189.153 Y111.791 E1251.6944
G1 X187.958 Y112.985 E1251.7646
G1 X187.746 Y112.632 E1251.7818
G1 X188.941 Y111.437 E1251.8520
G1 X188.728 Y111.085 E1251.8691
G1 X187.533 Y112.279 E1251.9393
G1 X187.321 Y111.925 E1251.9565
G1 X188.516 Y110.731 E1252.0267
G1 X188.303 Y110.377 E1252.0439
G1 X187.109 Y111.572 E1252.1141
G1 X186.897 Y111.218 E1252.1313
G1 X188.091 Y110.024 E1252.2015
G1 X187.878 Y109.671 E1252.2186
G1 X186.684 Y110.865 E1252.2888
G1 X186.472 Y110.512 E1252.3060
G1 X187.666 Y109.318 E1252.3762
G1 X187.454 Y108.964 E1252.3933
G1 X186.260 Y110.158 E1252.4635
G1 X186.048 Y109.805 E1252.4806
G1 X187.241 Y108.611 E1252.5508
G1 X187.029 Y108.258 E1252.5679
G1 X185.835 Y109.452 E1252.6381
G1 X185.623 Y109.098 E1252.6553
G1 X186.817 Y107.904 E1252.7255
G1 X186.605 Y107.550 E1252.7427
G1 X185.411 Y108.745 E1252.8129
G1 X185.198 Y108.392 E1252.8300
G1 X186.392 Y107.198 E1252.9002
G1 X186.180 Y106.844 E1252.9174
G1 X184.924 Y108.100 E1252.9912
G1 X184.349 Y108.110 E1253.0151
G1 X185.968 Y106.490 E1253.1104
G1 X185.939 Y106.442 E1253.1127
G0 F9000 X185.442 Y106.450
G1 F2925 X183.773 Y108.120 E1253.2109
G1 X183.197 Y108.130 E1253.2348
G1 X184.867 Y106.460 E1253.3330
G1 X184.665 Y106.464 E1253.3414
G1 X184.291 Y106.470 E1253.3569
G1 X182.621 Y108.140 E1253.4551
G1 X182.046 Y108.150 E1253.4790
G1 X183.716 Y106.480 E1253.5772
G1 X183.140 Y106.490 E1253.6012
G1 X181.470 Y108.160 E1253.6994
G1 X180.894 Y108.171 E1253.7233
G1 X182.565 Y106.500 E1253.8216
G1 X181.988 Y106.510 E1253.8456
G1 X180.318 Y108.180 E1253.9438
G1 X179.743 Y108.190 E1253.9677
G1 X181.413 Y106.520 E1254.0659
G1 X180.837 Y106.530 E1254.0898
G1 X175.838 Y111.529 E1254.3837
G1 X176.541 Y110.260 E1254.4440
G1 X180.262 Y106.540 E1254.6628
G1 X179.686 Y106.550 E1254.6867
G1 X177.245 Y108.991 E1254.8303
G1 X177.949 Y107.722 E1254.8906
G1 X179.110 Y106.560 E1254.9589
G1 F2400 E1254.4589
G0 F9000 X179.343 Y108.590
G1 F1500 E1254.9589
G1 F2925 X175.134 Y112.799 E1255.2064
G1 X174.430 Y114.069 E1255.2667
G1 X178.639 Y109.860 E1255.5142
G1 X177.935 Y111.129 E1255.5745
G1 X173.726 Y115.338 E1255.8220
G1 X173.253 Y116.192 E1255.8626
G1 X173.270 Y116.302 E1255.8672
G1 X173.265 Y116.365 E1255.8699
G1 X177.232 Y112.398 E1256.1031
G1 X176.528 Y113.668 E1256.1635
G1 X173.072 Y117.124 E1256.3667
G1 F2400 E1255.8667
G0 F9000 X172.467 Y117.729
G1 F1500 E1256.3667
G1 F2925 X172.321 Y117.874 E1256.3752
G1 X171.618 Y119.143 E1256.4355
G1 X175.824 Y114.937 E1256.6828
G1 X175.121 Y116.206 E1256.7431
G1 X170.914 Y120.413 E1256.9905
G1 X170.211 Y121.682 E1257.0508
G1 X174.417 Y117.475 E1257.2981
G1 X173.714 Y118.745 E1257.3585
G1 X169.506 Y122.952 E1257.6059
G1 X168.803 Y124.221 E1257.6662
G1 X173.010 Y120.014 E1257.9135
G1 X172.307 Y121.283 E1257.9739
G1 X168.099 Y125.490 E1258.2212
G1 X167.396 Y126.760 E1258.2816
G1 X171.602 Y122.553 E1258.5289
G1 X170.899 Y123.822 E1258.5892
G1 X167.148 Y127.574 E1258.8098
G1 X167.360 Y127.927 E1258.8269
G1 X170.195 Y125.092 E1258.9936
G1 X169.492 Y126.361 E1259.0539
G1 X167.572 Y128.281 E1259.1668
G1 X167.785 Y128.634 E1259.1840
G1 X168.978 Y127.440 E1259.2541
G1 X169.190 Y127.793 E1259.2713
G1 X167.997 Y128.987 E1259.3414
G1 X168.209 Y129.341 E1259.3586
G1 X169.402 Y128.147 E1259.4288
G1 X169.615 Y128.500 E1259.4459
G1 X168.421 Y129.694 E1259.5161
G1 X168.634 Y130.047 E1259.5332
G1 X169.827 Y128.853 E1259.6034
G1 X170.040 Y129.207 E1259.6206
G1 X168.846 Y130.401 E1259.6908
G1 X169.058 Y130.754 E1259.7079
G1 X170.252 Y129.560 E1259.7781
G1 X170.465 Y129.913 E1259.7953
G1 X169.271 Y131.107 E1259.8655
G1 X169.483 Y131.461 E1259.8826
G1 X170.677 Y130.267 E1259.9528
G1 X170.890 Y130.620 E1259.9700
G1 X169.695 Y131.814 E1260.0402
G1 X169.907 Y132.168 E1260.0573
G1 X171.102 Y130.973 E1260.1276
G1 X171.314 Y131.327 E1260.1448
G1 X170.120 Y132.521 E1260.2150
G1 X170.332 Y132.874 E1260.2321
G1 X171.527 Y131.680 E1260.3023
G1 X171.739 Y132.033 E1260.3194
G1 X170.544 Y133.228 E1260.3897
G1 X170.757 Y133.581 E1260.4068
G1 X172.302 Y132.035 E1260.4977
G1 X172.878 Y132.026 E1260.5217
G1 X171.208 Y133.695 E1260.6198
G1 X171.784 Y133.685 E1260.6438
G1 X173.454 Y132.015 E1260.7420
G1 X174.030 Y132.005 E1260.7659
G1 X172.360 Y133.675 E1260.8641
G1 X172.935 Y133.665 E1260.8880
G1 X174.605 Y131.995 E1260.9862
G1 X175.181 Y131.985 E1261.0101
G1 X173.511 Y133.655 E1261.1083
G1 X174.087 Y133.645 E1261.1323
G1 X175.757 Y131.975 E1261.2305
G1 X176.333 Y131.965 E1261.2544
G1 X174.663 Y133.635 E1261.3526
G1 X175.238 Y133.625 E1261.3765
G1 X176.908 Y131.955 E1261.4747
G1 X177.484 Y131.945 E1261.4987
G1 X175.814 Y133.615 E1261.5969
G1 X176.389 Y133.605 E1261.6208
G1 X178.060 Y131.935 E1261.7190
G1 X178.636 Y131.924 E1261.7429
G1 X176.966 Y133.595 E1261.8412
G1 X177.541 Y133.585 E1261.8651
G1 X179.211 Y131.915 E1261.9633
G1 X179.787 Y131.905 E1261.9872
G1 X178.117 Y133.575 E1262.0854
G1 X178.692 Y133.565 E1262.1093
G1 X180.363 Y131.895 E1262.2075
G1 X180.938 Y131.885 E1262.2314
G1 X179.268 Y133.555 E1262.3296
G1 X179.844 Y133.545 E1262.3536
G1 X181.515 Y131.874 E1262.4518
G1 X182.090 Y131.864 E1262.4757
G1 X180.420 Y133.534 E1262.5739
G1 X180.996 Y133.525 E1262.5979
G1 X182.666 Y131.854 E1262.6961
G1 X183.241 Y131.845 E1262.7200
G1 X181.571 Y133.515 E1262.8182
G1 X182.147 Y133.505 E1262.8421
G1 X183.817 Y131.835 E1262.9403
G1 X184.393 Y131.824 E1262.9643
G1 X182.722 Y133.495 E1263.0625
G1 X183.298 Y133.485 E1263.0865
G1 X184.969 Y131.814 E1263.1847
G1 X185.544 Y131.804 E1263.2086
G1 X183.874 Y133.474 E1263.3068
G1 X184.450 Y133.464 E1263.3308
G1 X186.120 Y131.794 E1263.4290
G1 X186.695 Y131.784 E1263.4529
G1 X185.025 Y133.455 E1263.5511
G1 X185.601 Y133.445 E1263.5750
G1 X187.272 Y131.774 E1263.6733
G1 X187.847 Y131.764 E1263.6972
G1 X186.176 Y133.435 E1263.7954
G1 X186.752 Y133.425 E1263.8194
G1 X188.423 Y131.754 E1263.9176
G1 X188.999 Y131.744 E1263.9416
G1 X187.328 Y133.414 E1264.0398
G1 X187.904 Y133.404 E1264.0638
G1 X189.575 Y131.733 E1264.1620
G1 X190.150 Y131.724 E1264.1859
G1 X188.480 Y133.394 E1264.2841
G1 X189.055 Y133.385 E1264.3080
G1 X190.726 Y131.714 E1264.4063
G1 X191.302 Y131.704 E1264.4302
G1 X189.631 Y133.375 E1264.5285
G1 X190.206 Y133.365 E1264.5524
G1 X191.877 Y131.694 E1264.6506
G1 X192.453 Y131.683 E1264.6746
G1 X190.783 Y133.354 E1264.7728
G1 X191.358 Y133.344 E1264.7967
G1 X193.029 Y131.673 E1264.8950
G1 X193.605 Y131.663 E1264.9189
G1 X191.934 Y133.334 E1265.0172
G1 X192.509 Y133.324 E1265.0411
G1 X197.243 Y128.591 E1265.3194
G1 X196.539 Y129.860 E1265.3797
G1 X193.085 Y133.315 E1265.5828
G1 X193.660 Y133.305 E1265.6067
G1 X195.836 Y131.130 E1265.7346
G1 X195.132 Y132.399 E1265.7950
G1 X194.237 Y133.294 E1265.8476
G0 F9000 X194.378 Y133.435
;TYPE:SOLID-FILL
;WIDTH:0.400
G1 F2475 X194.321 Y133.493 E1265.8510
G1 F2400 E1265.3510
G0 F9000 X185.826 Y106.350
G1 F1500 E1265.8510
G1 F2475 X185.647 Y106.246 E1265.8574
G1 X185.300 Y106.309 E1265.8720
G1 F2400 E1265.3720
G0 F9000 X179.026 Y106.362
G1 F1500 E1265.8720
G1 F2475 X178.968 Y106.420 E1265.8754
G1 F2400 E1265.3754
G0 F9000 X174.316 Y103.717
;TYPE:SOLID-FILL
;WIDTH:0.400
G1 F1500 E1265.8754
G1 F1800 X173.997 Y104.037 E1265.8937
G0 F9000 X174.680 Y103.919
G1 F1800 X173.294 Y105.305 E1265.9727
G1 F2400 E1265.4727
G0 F9000 X172.592 Y106.573
G1 F1500 E1265.9727
G1 F1800 X175.044 Y104.121 E1266.1126
G0 F9000 X175.408 Y104.322
G1 F1800 X171.890 Y107.840 E1266.3132
G1 F2400 E1265.8132
G0 F9000 X171.188 Y109.108
G1 F1500 E1266.3132
G1 F1800 X175.772 Y104.524 E1266.5746
G0 F9000 X176.136 Y104.726
G1 F1800 X170.486 Y110.376 E1266.8969
G1 F2400 E1266.3969
G0 F9000 X169.784 Y111.644
G1 F1500 E1266.8969
G1 F1800 X176.500 Y104.928 E1267.2799
G0 F9000 X176.864 Y105.129
G1 F1800 X170.096 Y111.897 E1267.6659
G0 F9000 X170.460 Y112.099
G1 F1800 X177.228 Y105.331 E1268.0519
G0 F9000 X177.592 Y105.532
G1 F1800 X170.824 Y112.301 E1268.4379
G0 F9000 X171.187 Y112.503
G1 F1800 X177.956 Y105.735 E1268.8239
G1 F2400 E1268.3239
G0 F9000 X177.449 Y106.807
G1 F1500 E1268.8239
G1 F1800 X171.551 Y112.705 E1269.1603
G0 F9000 X171.916 Y112.906
G1 F1800 X176.746 Y108.075 E1269.4358
G1 F2400 E1268.9358
G0 F9000 X176.043 Y109.344
G1 F1500 E1269.4358
G1 F1800 X172.279 Y113.108 E1269.6505
G0 F9000 X172.643 Y113.310
G1 F1800 X175.340 Y110.613 E1269.8043
G1 F2400 E1269.3043
G0 F9000 X174.636 Y111.882
G1 F1500 E1269.8043
G1 F1800 X173.007 Y113.512 E1269.8972
G0 F9000 X173.043 Y113.759
;TYPE:SOLID-FILL
;WIDTH:0.400
G1 F2925 X172.671 Y113.564 E1269.9145
G1 X172.307 Y113.362 E1269.9318
G1 X171.943 Y113.161 E1269.9491
G1 X171.579 Y112.959 E1269.9664
G1 X171.215 Y112.757 E1269.9836
G1 X170.851 Y112.555 E1270.0009
G1 X170.488 Y112.354 E1270.0182
G1 X170.117 Y112.159 E1270.0356
G1 F2400 E1269.5356
G0 F9000 X173.028 Y113.774
G1 F1500 E1270.0356
G1 F2925 X173.391 Y113.976 E1270.0529
G0 F9000 X173.452 Y113.915
G1 F2925 X173.907 Y113.096 E1270.0918
G1 X174.125 Y113.216 E1270.1022
G1 X174.797 Y112.005 E1270.1598
G0 F9000 X174.849 Y111.952
G1 F2925 X175.552 Y110.684 E1270.2200
G0 F9000 X175.501 Y110.735
G1 F2925 X176.204 Y109.466 E1270.2804
G0 F9000 X176.256 Y109.414
G1 F2925 X176.959 Y108.146 E1270.3406
G0 F9000 X176.907 Y108.197
G1 F2925 X177.611 Y106.928 E1270.4010
G0 F9000 X177.662 Y106.877
G1 F2925 X178.322 Y105.687 E1270.4575
G1 X178.299 Y105.674 E1270.4586
G0 F9000 X178.284 Y105.689
G1 F2925 X177.928 Y105.479 E1270.4759
G1 X177.564 Y105.278 E1270.4932
G1 X177.200 Y105.076 E1270.5105
G1 X176.836 Y104.874 E1270.5278
G1 X176.472 Y104.672 E1270.5451
G1 X176.108 Y104.471 E1270.5624
G1 X175.744 Y104.269 E1270.5797
G1 X175.381 Y104.067 E1270.5970
G1 X175.016 Y103.865 E1270.6143
G1 X174.661 Y103.656 E1270.6315
G1 F2400 E1270.1315
G0 F9000 X176.139 Y101.894
;TYPE:SOLID-FILL
;WIDTH:0.400
G1 F1500 E1270.6315
G1 F2475 X176.691 Y101.625 E1270.6450
G1 X177.430 Y101.451 E1270.6551
G1 X178.044 Y101.403 E1270.6633
G1 X178.623 Y101.390 E1270.6708
G1 X179.199 Y101.379 E1270.6784
G1 X179.775 Y101.369 E1270.6859
G1 X180.351 Y101.359 E1270.6935
G1 X180.927 Y101.349 E1270.7011
G1 X181.503 Y101.339 E1270.7087
G1 X182.079 Y101.328 E1270.7164
G1 X182.655 Y101.318 E1270.7240
G1 X183.230 Y101.308 E1270.7315
G1 X183.807 Y101.298 E1270.7390
G1 X184.382 Y101.288 E1270.7466
G1 X184.958 Y101.277 E1270.7542
G1 X185.534 Y101.267 E1270.7618
G1 X186.110 Y101.257 E1270.7694
G1 X186.668 Y101.264 E1270.7769
G1 X187.181 Y101.317 E1270.7838
G1 X187.645 Y101.419 E1270.7900
G1 X188.070 Y101.559 E1270.7957
G1 X188.456 Y101.739 E1270.8011
G1 X188.807 Y101.954 E1270.8065
G1 X189.179 Y102.147 E1270.8118
G1 X189.388 Y102.504 E1270.8169
G1 X189.742 Y102.715 E1270.8221
G1 X189.943 Y103.081 E1270.8272
G1 X190.167 Y103.422 E1270.8325
G1 X190.380 Y103.775 E1270.8378
G1 X190.592 Y104.129 E1270.8431
G1 X190.804 Y104.482 E1270.8485
G1 X191.017 Y104.836 E1270.8539
G1 X191.229 Y105.189 E1270.8592
G1 X191.442 Y105.542 E1270.8645
G1 X191.654 Y105.896 E1270.8699
G1 X191.866 Y106.249 E1270.8752
G1 X192.079 Y106.602 E1270.8806
G1 X192.291 Y106.956 E1270.8860
G1 X192.503 Y107.309 E1270.8913
G1 X192.716 Y107.662 E1270.8966
G1 X192.928 Y108.016 E1270.9020
G1 X193.140 Y108.369 E1270.9073
G1 X193.352 Y108.722 E1270.9126
G1 X193.565 Y109.075 E1270.9180
G1 X193.777 Y109.429 E1270.9234
G1 X193.989 Y109.782 E1270.9287
G1 X194.202 Y110.135 E1270.9340
G1 X194.414 Y110.489 E1270.9394
G1 X194.626 Y110.843 E1270.9448
G1 X194.839 Y111.195 E1270.9501
G1 X195.051 Y111.549 E1270.9555
G1 X195.263 Y111.902 E1270.9609
G1 X195.476 Y112.255 E1270.9663
G1 X195.688 Y112.609 E1270.9717
G1 X195.901 Y112.962 E1270.9771
G1 X196.113 Y113.315 E1270.9825
G1 X196.326 Y113.669 E1270.9878
G1 X196.538 Y114.022 E1270.9932
G1 X196.750 Y114.376 E1270.9986
G1 X196.963 Y114.729 E1271.0039
G1 X197.175 Y115.082 E1271.0093
G1 X197.387 Y115.436 E1271.0147
G1 X197.600 Y115.789 E1271.0200
G1 X197.812 Y116.142 E1271.0254
G1 X198.024 Y116.496 E1271.0308
G1 X198.237 Y116.849 E1271.0361
G1 X198.449 Y117.202 E1271.0415
G1 X198.661 Y117.556 E1271.0469
G1 X198.873 Y117.909 E1271.0523
G1 X199.086 Y118.262 E1271.0577
G1 X199.298 Y118.616 E1271.0631
G1 X199.510 Y118.969 E1271.0685
G1 X199.723 Y119.322 E1271.0739
G1 X199.935 Y119.676 E1271.0793
G1 X200.147 Y120.029 E1271.0847
G1 X200.360 Y120.382 E1271.0901
G1 X200.572 Y120.736 E1271.0955
G1 X200.785 Y121.089 E1271.1009
G1 X200.997 Y121.442 E1271.1063
G1 X201.210 Y121.796 E1271.1116
G1 X201.422 Y122.149 E1271.1170
G1 X201.634 Y122.502 E1271.1224
G1 X201.847 Y122.856 E1271.1277
G1 X202.059 Y123.209 E1271.1331
G1 X202.271 Y123.562 E1271.1385
G1 X202.483 Y123.916 E1271.1440
G1 X202.696 Y124.269 E1271.1493
G1 X202.905 Y124.625 E1271.1547
G1 X203.102 Y124.994 E1271.1602
G1 X203.273 Y125.389 E1271.1657
G1 X203.407 Y125.821 E1271.1714
G1 X203.501 Y126.292 E1271.1776
G1 X203.538 Y126.821 E1271.1848
G1 X203.494 Y127.431 E1271.1930
G1 X203.281 Y128.210 E1271.2036
G1 X202.978 Y128.795 E1271.2310
G1 F2400 E1270.7310
G0 F9000 X202.600 Y129.739
G1 F1500 E1271.2310
G1 F2475 X202.278 Y130.061 E1271.2499
G0 F9000 X201.897 Y131.008
G1 F2475 X201.574 Y131.330 E1271.2689
G1 F2400 E1270.7689
G0 F9000 X201.193 Y132.277
G1 F1500 E1271.2689
G1 F2475 X200.872 Y132.599 E1271.2878
G0 F9000 X200.490 Y133.546
G1 F2475 X200.169 Y133.868 E1271.3067
G1 F2400 E1270.8067
G0 F9000 X199.787 Y134.815
G1 F1500 E1271.3067
G1 F2475 X199.465 Y135.137 E1271.3256
G0 F9000 X199.084 Y136.084
G1 F2475 X198.727 Y136.441 E1271.3466
G1 F2400 E1270.8466
G0 F9000 X197.378 Y137.789
G1 F1500 E1271.3466
G1 F2475 X196.715 Y138.170 E1271.3655
G1 X195.940 Y138.379 E1271.3756
G1 X195.307 Y138.446 E1271.3837
G1 X194.724 Y138.464 E1271.3913
G1 X194.148 Y138.474 E1271.3989
G1 X193.572 Y138.484 E1271.4065
G1 X192.996 Y138.494 E1271.4141
G1 X192.420 Y138.504 E1271.4216
G1 X191.845 Y138.514 E1271.4292
G1 X191.269 Y138.524 E1271.4367
G1 X190.693 Y138.535 E1271.4443
G1 X190.117 Y138.544 E1271.4519
G1 X189.542 Y138.554 E1271.4594
G1 X188.966 Y138.564 E1271.4670
G1 X188.390 Y138.575 E1271.4746
G1 X187.814 Y138.585 E1271.4822
G1 X187.238 Y138.595 E1271.4898
G1 X186.663 Y138.605 E1271.4973
G1 X186.087 Y138.615 E1271.5049
G1 X185.511 Y138.625 E1271.5125
G1 X184.935 Y138.635 E1271.5200
G1 X184.359 Y138.645 E1271.5276
G1 X183.784 Y138.655 E1271.5351
G1 X183.208 Y138.666 E1271.5427
G1 X182.632 Y138.675 E1271.5502
G1 X182.056 Y138.686 E1271.5578
G1 X181.481 Y138.696 E1271.5654
G1 X180.905 Y138.706 E1271.5730
G1 X180.329 Y138.716 E1271.5805
G1 X179.753 Y138.726 E1271.5881
G1 X179.178 Y138.736 E1271.5956
G1 X178.601 Y138.746 E1271.6032
G1 X178.026 Y138.756 E1271.6107
G1 X177.450 Y138.766 E1271.6182
G1 X176.874 Y138.777 E1271.6257
G1 X176.298 Y138.786 E1271.6332
G1 X175.723 Y138.796 E1271.6407
G1 X175.147 Y138.807 E1271.6483
G1 X174.571 Y138.817 E1271.6559
G1 X173.995 Y138.827 E1271.6635
G1 X173.420 Y138.837 E1271.6709
G1 X172.844 Y138.847 E1271.6785
G1 X172.268 Y138.857 E1271.6861
G1 X171.692 Y138.867 E1271.6936
G1 X171.117 Y138.877 E1271.7011
G1 X170.541 Y138.887 E1271.7087
G1 X169.991 Y138.872 E1271.7157
G1 X169.486 Y138.811 E1271.7225
G1 X169.034 Y138.698 E1271.7287
G1 X168.618 Y138.548 E1271.7344
G1 X168.238 Y138.362 E1271.7398
G1 X167.845 Y138.189 E1271.7452
G1 X167.617 Y137.852 E1271.7506
G1 X167.236 Y137.668 E1271.7557
G1 X167.062 Y137.275 E1271.7608
G1 X166.734 Y137.038 E1271.7661
G1 X166.557 Y136.649 E1271.7714
G1 X166.345 Y136.296 E1271.7767
G1 X166.132 Y135.942 E1271.7820
G1 X165.920 Y135.589 E1271.7873
G1 X165.708 Y135.236 E1271.7927
G1 X165.495 Y134.882 E1271.7980
G1 X165.283 Y134.529 E1271.8033
G1 X165.070 Y134.176 E1271.8086
G1 X164.858 Y133.822 E1271.8139
G1 X164.645 Y133.470 E1271.8192
G1 X164.433 Y133.116 E1271.8246
G1 X164.221 Y132.763 E1271.8299
G1 X164.008 Y132.410 E1271.8352
G1 X163.796 Y132.056 E1271.8406
G1 X163.583 Y131.703 E1271.8458
G1 X163.371 Y131.350 E1271.8511
G1 X163.159 Y130.996 E1271.8564
G1 X162.946 Y130.643 E1271.8617
G1 X162.734 Y130.290 E1271.8670
G1 X162.521 Y129.936 E1271.8723
G1 X162.314 Y129.578 E1271.8776
G1 X162.118 Y129.208 E1271.8829
G1 X161.951 Y128.810 E1271.8884
G1 X161.824 Y128.371 E1271.8941
G1 X161.738 Y127.891 E1271.9004
G1 X161.709 Y127.354 E1271.9075
G1 X161.772 Y126.725 E1271.9160
G1 X162.008 Y125.925 E1271.9268
G1 X162.361 Y125.289 E1271.9570
G1 F2400 E1271.4570
G0 F9000 X162.761 Y124.323
G1 F1500 E1271.9570
G1 F2475 X163.065 Y124.020 E1271.9749
G0 F9000 X163.463 Y123.055
G1 F2475 X163.768 Y122.750 E1271.9928
G1 F2400 E1271.4928
G0 F9000 X164.166 Y121.787
G1 F1500 E1271.9928
G1 F2475 X164.471 Y121.482 E1272.0107
G0 F9000 X164.868 Y120.519
G1 F2475 X165.175 Y120.213 E1272.0288
G1 F2400 E1271.5288
G0 F9000 X165.570 Y119.252
G1 F1500 E1272.0288
G1 F2475 X165.878 Y118.943 E1272.0469
G0 F9000 X166.272 Y117.984
G1 F2475 X166.581 Y117.675 E1272.0651
G1 F2400 E1271.5651
G0 F9000 X166.974 Y116.716
G1 F1500 E1272.0651
G1 F2475 X167.285 Y116.406 E1272.0833
G0 F9000 X167.676 Y115.448
G1 F2475 X167.988 Y115.136 E1272.1017
G1 F2400 E1271.6017
G0 F9000 X168.379 Y114.180
G1 F1500 E1272.1017
G1 F2475 X168.691 Y113.868 E1272.1200
G0 F9000 X169.081 Y112.912
G1 F2475 X169.591 Y112.402 E1272.1385
G1 X170.097 Y111.896 E1272.1682
G1 F2400 E1271.6682
G0 F9000 X174.315 Y103.718
G1 F1500 E1272.1682
G1 F2475 X174.626 Y103.408 E1272.1865
G1 F2400 E1271.6865
G0 F9000 X179.347 Y106.377
;TYPE:FILL
;WIDTH:0.400
G1 F1500 E1272.1865
G1 F4275 X184.393 Y101.331 E1272.4832
G1 F2400 E1271.9832
G0 F9000 X180.913 Y101.392
G1 F1500 E1272.4832
G1 F4275 X185.785 Y106.264 E1272.7696
G1 F2400 E1272.2696
G0 F9000 X186.429 Y106.908
G1 F1500 E1272.7696
G1 F4275 X200.922 Y121.401 E1273.6217
G1 F2400 E1273.1217
G0 F9000 X199.924 Y119.741
G1 F1500 E1273.6217
G1 F4275 X196.311 Y123.354 E1273.8342
G1 F2400 E1273.3342
G0 F9000 X197.216 Y129.008
G1 F1500 E1273.8342
G1 F4275 X200.864 Y132.656 E1274.0487
G1 F2400 E1273.5487
G0 F9000 X203.436 Y127.542
G1 F1500 E1274.0487
G1 F4275 X192.519 Y138.460 E1274.6906
G1 F2400 E1274.1906
G0 F9000 X195.305 Y138.411
G1 F1500 E1274.6906
G1 F4275 X190.434 Y133.540 E1274.9770
G1 F2400 E1274.4770
G0 F9000 X186.049 Y133.616
G1 F1500 E1274.9770
G1 F4275 X181.003 Y138.662 E1275.2737
G1 F2400 E1274.7737
G0 F9000 X184.185 Y138.605
G1 F1500 E1275.2737
G1 F4275 X179.314 Y133.734 E1275.5600
G1 F2400 E1275.0600
G0 F9000 X174.535 Y133.817
G1 F1500 E1275.5600
G1 F4275 X169.566 Y138.785 E1275.8522
G1 F2400 E1275.3522
G0 F9000 X173.066 Y138.800
G1 F1500 E1275.8522
G1 F4275 X161.751 Y127.484 E1276.5175
G1 F2400 E1276.0175
G0 F9000 X164.272 Y132.765
G1 F1500 E1276.5175
G1 F4275 X167.885 Y129.153 E1276.7299
G1 F2400 E1276.2299
G0 F9000 X169.027 Y123.447
G1 F1500 E1276.7299
G1 F4275 X165.380 Y119.800 E1276.9443
G1 F2400 E1276.4443
G0 F9000 X164.706 Y121.018
G1 F1500 E1276.9443
G1 F4275 X172.203 Y113.521 E1277.3851
G1 F2400 E1276.8851
G0 F9000 X171.846 Y114.952
G1 F1500 E1277.3851
G1 F4275 X169.415 Y112.521 E1277.5280
G1 F2400 E1277.0280
G0 F9000 X176.653 Y109.071
G1 F1500 E1277.5280
G1 F4275 X177.419 Y108.305 E1277.5731
G1 F2400 E1277.0731
G0 F9000 X176.875 Y108.668
G1 F1500 E1277.5731
G1 F4275 X177.097 Y108.889 E1277.5861
G1 F2400 E1277.0861
G0 F9000 X187.818 Y109.219
G1 F1500 E1277.5861
G1 F4275 X191.430 Y105.607 E1277.7985
G1 F2400 E1277.2985
G0 F9000 X195.677 Y112.674
G1 F1500 E1277.7985
G1 F4275 X192.065 Y116.287 E1278.0109
G1 F2400 E1277.5109
G0 F9000 X190.606 Y117.745
G1 F1500 E1278.0109
G1 F4275 X176.570 Y131.782 E1278.8362
G1 F2400 E1278.3362
G0 F9000 X177.348 Y131.767
G1 F1500 E1278.8362
G1 F4275 X170.498 Y124.918 E1279.2389
G1 F2400 E1278.7389
G0 F9000 X169.343 Y127.694
G1 F1500 E1279.2389
G1 F4275 X186.360 Y110.677 E1280.2394
G1 F2400 E1279.7394
G0 F9000 X178.567 Y110.360
G1 F1500 E1280.2394
G1 F4275 X195.745 Y127.538 E1281.2494
G1 F2400 E1280.7494
G0 F9000 X194.853 Y124.812
G1 F1500 E1281.2494
G1 F4275 X188.084 Y131.581 E1281.6474
G0 F9000 X188.467 Y131.573
G1 F4275 X174.533 Y117.639 E1282.4667
;PRINTING_TIME: 869
;REMAINING_TIME: 618
;LAYER:4
;Z:2.920
;HEIGHT:0.250
;PRINTING: top_cover.stl
;PRINTING_ID: 0
G1 F2400 E1281.9667
G0 F900 Z2.920
G0 F9000 X174.533 Y117.639
G0 X178.216 Y105.718
G0 X173.841 Y103.232
G0 X173.753 Y103.186
;TYPE:WALL-OUTER
;WIDTH:0.400
G1 F1500 E1282.4667
G1 F3000 X174.151 Y102.581 E1282.4968
G1 X174.628 Y102.048 E1282.5265
G1 X175.180 Y101.593 E1282.5563
G1 X175.794 Y101.223 E1282.5861
G1 X176.455 Y100.951 E1282.6158
G1 X177.150 Y100.779 E1282.6456
G1 X177.870 Y100.712 E1282.6756
G1 X186.454 Y100.561 E1283.0326
G1 X187.175 Y100.604 E1283.0626
G1 X187.876 Y100.751 E1283.0924
G1 X188.547 Y101.001 E1283.1221
G1 X189.173 Y101.348 E1283.1519
G1 X189.740 Y101.784 E1283.1816
G1 X190.236 Y102.301 E1283.2114
G1 X190.654 Y102.890 E1283.2414
G1 X203.556 Y124.358 E1284.2828
G1 X203.880 Y125.006 E1284.3129
G1 X204.102 Y125.687 E1284.3427
G1 X204.222 Y126.393 E1284.3724
G1 X204.235 Y127.107 E1284.4021
G1 X204.140 Y127.818 E1284.4319
G1 X204.017 Y128.243 E1284.4503
G1 X203.940 Y128.505 E1284.4617
G1 X203.638 Y129.162 E1284.4918
G1 X199.478 Y136.671 E1284.8487
G1 X199.079 Y137.275 E1284.8788
G1 X198.602 Y137.808 E1284.9085
G1 X198.050 Y138.264 E1284.9383
G1 X197.436 Y138.633 E1284.9680
G1 X196.773 Y138.906 E1284.9978
G1 X196.080 Y139.078 E1285.0275
G1 X195.359 Y139.144 E1285.0576
G1 X170.317 Y139.583 E1286.0989
G1 X169.595 Y139.540 E1286.1290
G1 X168.895 Y139.392 E1286.1587
G1 X168.224 Y139.143 E1286.1885
G1 X167.597 Y138.795 E1286.2183
G1 X167.030 Y138.360 E1286.2480
G1 X166.534 Y137.843 E1286.2778
G1 X166.116 Y137.253 E1286.3079
G1 X161.693 Y129.896 E1286.6648
G1 X161.369 Y129.248 E1286.6949
G1 X161.146 Y128.568 E1286.7246
G1 X161.027 Y127.862 E1286.7544
G1 X161.014 Y127.147 E1286.7841
G1 X161.109 Y126.437 E1286.8139
G1 X161.308 Y125.750 E1286.8436
G1 X161.611 Y125.092 E1286.8738
G1 X173.753 Y103.186 E1287.9151
G0 F3600 X173.862 Y103.019
G1 F2400 E1287.4151
G0 F9000 X173.945 Y103.074
G0 X174.085 Y103.600
G0 X174.176 Y103.640
G1 F1500 E1287.9151
G1 F3000 X169.716 Y111.686 E1288.2975
G1 X173.345 Y113.698 E1288.4700
G1 X173.830 Y112.824 E1288.5116
G1 X174.049 Y112.945 E1288.5220
G1 X178.024 Y105.773 E1288.8629
G1 X174.176 Y103.640 E1289.0458
G0 F3600 X174.080 Y103.814
G1 F2400 E1288.5458
G0 F9000 X173.994 Y103.765
G0 X169.524 Y111.741
G0 X170.902 Y115.815
G0 X170.993 Y115.858
G1 F1500 E1289.0458
G1 F3000 X170.913 Y115.993 E1289.0523
G1 X170.838 Y116.254 E1289.0636
G1 X170.855 Y116.533 E1289.0753
G1 X170.964 Y116.791 E1289.0869
G1 X171.146 Y116.992 E1289.0982
G1 X171.279 Y117.078 E1289.1048
G1 X171.535 Y117.162 E1289.1160
G1 X171.807 Y117.159 E1289.1273
G1 X171.955 Y117.117 E1289.1337
G1 X172.129 Y117.025 E1289.1418
G1 X172.288 Y116.883 E1289.1507
G1 X172.377 Y116.758 E1289.1571
G1 X172.471 Y116.511 E1289.1681
G1 X172.486 Y116.322 E1289.1760
G1 X172.448 Y116.087 E1289.1859
G1 X172.320 Y115.845 E1289.1972
G1 X172.188 Y115.710 E1289.2051
G1 X171.988 Y115.584 E1289.2149
G1 X171.717 Y115.518 E1289.2265
G1 X171.438 Y115.548 E1289.2382
G1 X171.186 Y115.667 E1289.2498
G1 X170.993 Y115.858 E1289.2611
G0 F3600 X170.913 Y115.993
G0 X170.901 Y116.035
G1 F2400 E1288.7611
G0 F9000 X170.806 Y116.007
G0 X164.779 Y125.142
G0 X164.865 Y125.191
G1 F1500 E1289.2611
G1 F3000 X164.707 Y125.414 E1289.2724
G1 X164.651 Y125.560 E1289.2789
G1 X164.621 Y125.830 E1289.2902
G1 X164.685 Y126.102 E1289.3018
G1 X164.836 Y126.337 E1289.3134
G1 X165.056 Y126.510 E1289.3251
G1 X165.322 Y126.599 E1289.3367
G1 X165.593 Y126.593 E1289.3480
G1 X165.744 Y126.552 E1289.3545
G1 X165.979 Y126.416 E1289.3658
G1 X166.154 Y126.209 E1289.3771
G1 X166.223 Y126.067 E1289.3836
G1 X166.273 Y125.810 E1289.3945
G1 X166.265 Y125.658 E1289.4008
G1 X166.217 Y125.482 E1289.4084
G1 X166.108 Y125.283 E1289.4179
G1 X166.019 Y125.186 E1289.4233
G1 X165.778 Y125.020 E1289.4355
G1 X165.505 Y124.955 E1289.4472
G1 X165.263 Y124.976 E1289.4573
G1 X165.114 Y125.025 E1289.4638
G1 X164.865 Y125.191 E1289.4762
G0 F3600 X164.750 Y125.354
G1 F2400 E1288.9762
G0 F9000 X164.669 Y125.296
G0 X165.356 Y124.860
G0 X185.274 Y123.970
G0 X185.370 Y123.996
G1 F1500 E1289.4762
G1 F3000 X185.307 Y124.163 E1289.4837
G1 X185.272 Y124.474 E1289.4967
G1 X185.346 Y124.788 E1289.5101
G1 X185.519 Y125.059 E1289.5234
G1 X185.766 Y125.252 E1289.5365
G1 X185.930 Y125.322 E1289.5439
G1 X186.241 Y125.370 E1289.5570
G1 X186.548 Y125.311 E1289.5700
G1 X186.710 Y125.235 E1289.5774
G1 X186.950 Y125.033 E1289.5905
G1 X187.114 Y124.756 E1289.6038
G1 X187.176 Y124.441 E1289.6172
G1 X187.130 Y124.123 E1289.6305
G1 X186.984 Y123.844 E1289.6436
G1 X186.863 Y123.712 E1289.6511
G1 X186.608 Y123.546 E1289.6637
G1 X186.443 Y123.492 E1289.6709
G1 X186.208 Y123.465 E1289.6808
G1 X185.972 Y123.499 E1289.6907
G1 X185.809 Y123.561 E1289.6979
G1 X185.552 Y123.740 E1289.7110
G1 X185.370 Y123.996 E1289.7240
G0 F3600 X185.307 Y124.163
G0 X185.305 Y124.184
G1 F2400 E1289.2240
G0 F9000 X185.206 Y124.172
G0 X185.150 Y125.188
;TYPE:SOLID-FILL
;WIDTH:0.400
G1 F1500 E1289.7240
G1 F3600 X174.765 Y114.803 E1290.3346
G1 X174.967 Y114.439 E1290.3519
G1 X184.899 Y124.371 E1290.9359
G1 X184.933 Y124.076 E1290.9482
G1 X184.998 Y123.904 E1290.9559
G1 X175.169 Y114.075 E1291.5338
G1 X175.370 Y113.711 E1291.5511
G1 X185.216 Y123.556 E1292.1300
G1 X185.280 Y123.465 E1292.1346
G1 X185.522 Y123.296 E1292.1469
G1 X174.728 Y112.502 E1292.7815
G1 X174.929 Y112.138 E1292.7988
G1 X185.913 Y123.122 E1293.4446
G1 X186.201 Y123.081 E1293.4567
G0 F9000 X186.469 Y123.112
G1 F3600 X175.131 Y111.774 E1294.1233
G1 X175.332 Y111.410 E1294.1406
G1 X188.830 Y124.908 E1294.9342
G1 X189.032 Y124.544 E1294.9516
G1 X175.535 Y111.046 E1295.7452
G1 X175.736 Y110.682 E1295.7624
G1 X186.365 Y121.311 E1296.3874
G1 X186.568 Y120.948 E1296.4047
G1 X175.938 Y110.318 E1297.0297
G1 X176.139 Y109.954 E1297.0470
G1 X186.769 Y120.584 E1297.6720
G1 X186.945 Y120.266 E1297.6871
G0 F9000 X187.106 Y120.355
G1 F3600 X176.341 Y109.590 E1298.3200
G1 X176.543 Y109.226 E1298.3373
G1 X188.376 Y121.060 E1299.0331
G1 X189.646 Y121.763 E1299.0934
G1 X176.744 Y108.862 E1299.8520
G1 X176.947 Y108.499 E1299.8693
G1 X200.921 Y132.473 E1301.2789
G1 X201.123 Y132.110 E1301.2961
G1 X177.148 Y108.135 E1302.7058
G1 X177.350 Y107.770 E1302.7231
G1 X201.325 Y131.746 E1304.1328
G1 X201.526 Y131.381 E1304.1501
G1 X177.551 Y107.406 E1305.5598
G1 X177.753 Y107.043 E1305.5770
G1 X201.729 Y131.018 E1306.9867
G1 X201.930 Y130.654 E1307.0040
G1 X177.955 Y106.679 E1308.4136
G1 X178.156 Y106.314 E1308.4309
G1 X183.864 Y112.022 E1308.7666
G1 X183.013 Y110.605 E1308.8353
G1 X178.358 Y105.950 E1309.1090
G1 F2400 E1308.6090
G0 F9000 X174.861 Y103.585
G1 F1500 E1309.1090
G1 F3600 X174.587 Y103.311 E1309.1251
G1 X174.760 Y103.048 E1309.1382
G1 X174.821 Y102.979 E1309.1420
G1 X176.131 Y104.289 E1309.2190
G1 X177.400 Y104.992 E1309.2793
G1 X175.088 Y102.681 E1309.4152
G1 X175.160 Y102.602 E1309.4197
G1 X175.387 Y102.414 E1309.4319
G1 X182.162 Y109.188 E1309.8303
G1 X181.310 Y107.771 E1309.8990
G1 X175.707 Y102.168 E1310.2284
G1 X176.061 Y101.956 E1310.2456
G1 X180.458 Y106.353 E1310.5041
G1 X179.607 Y104.936 E1310.5728
G1 X176.451 Y101.780 E1310.7584
G1 X176.695 Y101.679 E1310.7694
G1 X176.872 Y101.636 E1310.7769
G1 X178.755 Y103.519 E1310.8877
G1 X178.153 Y102.517 E1310.9363
G1 X178.315 Y102.513 E1310.9430
G1 X177.333 Y101.532 E1311.0007
G1 X177.852 Y101.484 E1311.0224
G1 X178.871 Y102.504 E1311.0823
G1 X179.427 Y102.494 E1311.1054
G1 X178.406 Y101.473 E1311.1655
G1 X178.962 Y101.463 E1311.1886
G1 X179.983 Y102.484 E1311.2486
G1 X180.539 Y102.474 E1311.2717
G1 X179.518 Y101.454 E1311.3317
G1 X180.074 Y101.444 E1311.3549
G1 X181.095 Y102.465 E1311.4149
G1 X181.651 Y102.455 E1311.4380
G1 X180.630 Y101.434 E1311.4980
G1 X181.186 Y101.424 E1311.5212
G1 X182.207 Y102.445 E1311.5812
G1 X182.763 Y102.435 E1311.6043
G1 X181.742 Y101.415 E1311.6643
G1 X182.298 Y101.405 E1311.6874
G1 X183.318 Y102.425 E1311.7474
G1 X183.875 Y102.416 E1311.7706
G1 X182.854 Y101.395 E1311.8306
G1 X183.410 Y101.385 E1311.8537
G1 X184.431 Y102.406 E1311.9137
G1 X184.986 Y102.396 E1311.9368
G1 X183.966 Y101.376 E1311.9968
G1 X184.522 Y101.366 E1312.0199
G1 X185.542 Y102.386 E1312.0799
G1 F2400 E1311.5799
G0 F9000 X186.189 Y101.336
G1 F1500 E1312.0799
G1 F3600 X192.789 Y107.937 E1312.4680
G1 X193.641 Y109.354 E1312.5367
G1 X185.633 Y101.346 E1313.0075
G1 X185.078 Y101.356 E1313.0306
G1 X194.492 Y110.771 E1313.5842
G1 X195.343 Y112.188 E1313.6529
G1 X192.368 Y109.212 E1313.8278
G1 X193.221 Y110.631 E1313.8967
G1 X196.195 Y113.605 E1314.0715
G1 X197.046 Y115.022 E1314.1402
G1 X194.074 Y112.050 E1314.3150
G1 X194.927 Y113.468 E1314.3838
G1 X197.897 Y116.439 E1314.5584
G1 X198.749 Y117.856 E1314.6272
G1 X194.650 Y113.757 E1314.8682
G1 X194.296 Y113.969 E1314.8853
G1 X199.600 Y119.273 E1315.1972
G1 X200.452 Y120.690 E1315.2659
G1 X193.943 Y114.182 E1315.6486
G1 X193.590 Y114.394 E1315.6657
G1 X201.303 Y122.107 E1316.1192
G1 X202.154 Y123.524 E1316.1879
G1 X193.237 Y114.607 E1316.7122
G1 X192.883 Y114.819 E1316.7294
G1 X202.969 Y124.904 E1317.3224
G1 X203.168 Y125.302 E1317.3409
G1 X203.348 Y125.849 E1317.3648
G1 X192.530 Y115.031 E1318.0009
G1 X192.177 Y115.244 E1318.0180
G1 X203.456 Y126.523 E1318.6812
G1 X203.465 Y127.066 E1318.7038
G1 X203.461 Y127.093 E1318.7049
G1 X191.823 Y115.456 E1319.3891
G1 X191.470 Y115.668 E1319.4062
G1 X203.395 Y127.593 E1320.1074
G1 X203.387 Y127.657 E1320.1101
G1 X203.276 Y128.040 E1320.1267
G1 X191.117 Y115.881 E1320.8416
G1 X190.763 Y116.093 E1320.8587
G1 X203.121 Y128.450 E1321.5853
G1 X202.965 Y128.786 E1321.6007
G1 X202.939 Y128.834 E1321.6030
G1 X190.410 Y116.305 E1322.3396
G1 X190.057 Y116.518 E1322.3568
G1 X202.737 Y129.198 E1323.1023
G1 X202.535 Y129.562 E1323.1196
G1 X189.704 Y116.730 E1323.8740
G1 F2400 E1323.3740
G0 F9000 X187.051 Y121.997
G1 F1500 E1323.8740
G1 F3600 X189.234 Y124.180 E1324.0024
G1 X189.300 Y124.059 E1324.0081
G1 X189.377 Y123.853 E1324.0173
G1 X189.380 Y123.761 E1324.0211
G1 X188.334 Y122.714 E1324.0826
G1 F2400 E1323.5826
G0 F9000 X187.517 Y124.160
G1 F1500 E1324.0826
G1 F3600 X188.629 Y125.272 E1324.1480
G1 X188.427 Y125.636 E1324.1653
G1 X187.508 Y124.717 E1324.2193
G1 X187.473 Y124.894 E1324.2268
G1 X187.341 Y125.116 E1324.2376
G1 X188.225 Y126.000 E1324.2896
G1 X188.023 Y126.364 E1324.3069
G1 X187.079 Y125.420 E1324.3624
G1 X186.915 Y125.558 E1324.3713
G1 X186.737 Y125.642 E1324.3795
G1 X187.822 Y126.728 E1324.4433
G1 X187.620 Y127.092 E1324.4606
G1 X186.277 Y125.749 E1324.5396
G1 X186.247 Y125.754 E1324.5408
G1 X185.822 Y125.689 E1324.5587
G1 X185.570 Y125.583 E1324.5701
G1 X185.456 Y125.493 E1324.5761
G1 X187.418 Y127.455 E1324.6915
G1 X187.217 Y127.820 E1324.7088
G1 X174.564 Y115.167 E1325.4527
G1 X174.362 Y115.531 E1325.4700
G1 X187.015 Y128.184 E1326.2140
G1 X186.814 Y128.548 E1326.2313
G1 X174.161 Y115.895 E1326.9752
G1 X174.038 Y116.116 E1326.9857
G1 X173.820 Y115.995 E1326.9961
G1 X173.775 Y116.075 E1326.9999
G1 X186.611 Y128.911 E1327.7546
G1 F2400 E1327.2546
G0 F9000 X192.850 Y127.796
G1 F1500 E1327.7546
G1 F3600 X190.308 Y125.254 E1327.9041
G1 X190.107 Y125.618 E1327.9214
G1 X192.497 Y128.008 E1328.0619
G1 X192.143 Y128.221 E1328.0791
G1 X189.904 Y125.982 E1328.2107
G1 X189.703 Y126.346 E1328.2280
G1 X191.790 Y128.433 E1328.3507
G1 X191.437 Y128.646 E1328.3679
G1 X189.501 Y126.710 E1328.4817
G1 X189.299 Y127.074 E1328.4990
G1 X191.083 Y128.858 E1328.6039
G1 X190.730 Y129.070 E1328.6210
G1 X189.098 Y127.438 E1328.7170
G1 X188.896 Y127.802 E1328.7343
G1 X190.377 Y129.283 E1328.8213
G1 X190.023 Y129.495 E1328.8385
G1 X188.694 Y128.165 E1328.9167
G1 X188.492 Y128.530 E1328.9340
G1 X189.670 Y129.707 E1329.0032
G1 X189.316 Y129.919 E1329.0204
G1 X188.291 Y128.894 E1329.0807
G1 X188.088 Y129.257 E1329.0980
G1 X188.963 Y130.132 E1329.1494
G1 X188.610 Y130.344 E1329.1665
G1 X187.887 Y129.621 E1329.2090
G1 X187.774 Y129.826 E1329.2188
G1 X187.218 Y129.518 E1329.2452
G1 X188.256 Y130.556 E1329.3062
G1 X187.903 Y130.768 E1329.3233
G1 X181.592 Y124.457 E1329.6944
G1 X181.390 Y124.822 E1329.7117
G1 X187.550 Y130.981 E1330.0739
G1 X187.196 Y131.193 E1330.0911
G1 X181.189 Y125.186 E1330.4442
G1 X180.987 Y125.550 E1330.4616
G1 X186.843 Y131.405 E1330.8058
G1 X186.489 Y131.618 E1330.8230
G1 X180.785 Y125.913 E1331.1584
G1 X180.583 Y126.277 E1331.1757
G1 X186.135 Y131.830 E1331.5022
G1 X185.783 Y132.042 E1331.5193
G1 X180.382 Y126.642 E1331.8368
G1 X180.180 Y127.005 E1331.8541
G1 X185.429 Y132.255 E1332.1627
G1 X185.076 Y132.467 E1332.1798
G1 X179.978 Y127.369 E1332.4796
G1 X179.776 Y127.733 E1332.4969
G1 X184.722 Y132.679 E1332.7877
G1 X184.599 Y132.754 E1332.7937
G1 X185.153 Y133.675 E1332.8384
G1 X179.574 Y128.097 E1333.1664
G1 X179.373 Y128.461 E1333.1836
G1 X186.005 Y135.093 E1333.5736
G1 X186.856 Y136.510 E1333.6423
G1 X178.416 Y128.070 E1334.1385
G1 X177.146 Y127.366 E1334.1989
G1 X188.278 Y138.498 E1334.8534
G1 X187.722 Y138.508 E1334.8766
G1 X175.877 Y126.662 E1335.5730
G1 X174.607 Y125.958 E1335.6334
G1 X187.166 Y138.517 E1336.3718
G1 X186.610 Y138.527 E1336.3949
G1 X173.338 Y125.254 E1337.1753
G1 F2400 E1336.6753
G0 F9000 X166.018 Y124.723
G1 F1500 E1337.1753
G1 F3600 X163.593 Y122.298 E1337.3179
G1 X163.391 Y122.662 E1337.3352
G1 X163.452 Y122.723 E1337.3388
G0 F9000 X163.678 Y122.948
G1 F3600 X165.318 Y124.589 E1337.4352
G1 X165.184 Y124.602 E1337.4408
G1 X164.947 Y124.680 E1337.4512
G1 X164.885 Y124.721 E1337.4543
G1 X163.476 Y123.312 E1337.5371
G1 X163.274 Y123.676 E1337.5544
G1 X164.560 Y124.962 E1337.6301
G1 X164.368 Y125.232 E1337.6438
G1 X164.340 Y125.307 E1337.6472
G1 X163.072 Y124.039 E1337.7217
G1 X162.870 Y124.404 E1337.7391
G1 X164.243 Y125.776 E1337.8198
G1 X164.234 Y125.853 E1337.8230
G1 X164.328 Y126.250 E1337.8399
G1 X164.550 Y126.596 E1337.8570
G1 X164.558 Y126.601 E1337.8574
G1 X164.538 Y126.637 E1337.8591
G1 X162.668 Y124.767 E1337.9691
G1 X162.466 Y125.131 E1337.9864
G1 X164.336 Y127.001 E1338.0963
G1 X164.134 Y127.364 E1338.1136
G1 X162.266 Y125.497 E1338.2234
G1 X162.088 Y125.884 E1338.2411
G1 X163.932 Y127.728 E1338.3495
G1 F2400 E1337.8495
G0 F9000 X166.679 Y136.697
G1 F1500 E1338.3495
G1 F3600 X168.277 Y138.296 E1338.4435
G1 X168.546 Y138.445 E1338.4563
G1 X169.102 Y138.653 E1338.4810
G1 X169.226 Y138.679 E1338.4863
G1 X165.826 Y135.279 E1338.6862
G1 X164.974 Y133.861 E1338.7549
G1 X169.902 Y138.789 E1339.0447
G1 X170.298 Y138.812 E1339.0612
G1 X170.486 Y138.808 E1339.0690
G1 X169.304 Y137.626 E1339.1385
G1 X169.777 Y137.739 E1339.1587
G1 X169.998 Y137.754 E1339.1679
G1 X171.043 Y138.799 E1339.2294
G1 X171.599 Y138.789 E1339.2525
G1 X170.576 Y137.767 E1339.3126
G1 X171.132 Y137.757 E1339.3357
G1 X172.155 Y138.779 E1339.3958
G1 X172.711 Y138.770 E1339.4190
G1 X171.689 Y137.747 E1339.4791
G1 X172.244 Y137.738 E1339.5022
G1 X173.267 Y138.760 E1339.5623
G1 X173.823 Y138.750 E1339.5854
G1 X172.800 Y137.728 E1339.6455
G1 X173.356 Y137.718 E1339.6686
G1 X174.379 Y138.741 E1339.7288
G1 X174.935 Y138.731 E1339.7519
G1 X173.912 Y137.709 E1339.8120
G1 X174.468 Y137.699 E1339.8351
G1 X175.491 Y138.721 E1339.8953
G1 X176.046 Y138.711 E1339.9183
G1 X175.024 Y137.689 E1339.9784
G1 X175.580 Y137.680 E1340.0016
G1 X176.603 Y138.702 E1340.0617
G1 X177.159 Y138.692 E1340.0848
G1 X176.118 Y137.651 E1340.1460
G1 X176.319 Y137.287 E1340.1633
G1 X177.715 Y138.682 E1340.2453
G1 X178.270 Y138.672 E1340.2684
G1 X176.521 Y136.923 E1340.3712
G1 X176.723 Y136.559 E1340.3886
G1 X178.827 Y138.663 E1340.5123
G1 X179.383 Y138.653 E1340.5354
G1 X176.925 Y136.195 E1340.6799
G1 F2400 E1340.1799
G0 F9000 X168.579 Y136.900
G1 F1500 E1340.6799
G1 F3600 X164.122 Y132.443 E1340.9420
G1 X163.269 Y131.025 E1341.0108
G1 X168.780 Y136.536 E1341.3348
G1 X168.982 Y136.172 E1341.3521
G1 X162.417 Y129.607 E1341.7381
G1 X162.351 Y129.498 E1341.7434
G1 X162.078 Y128.951 E1341.7688
G1 X161.955 Y128.580 E1341.7851
G1 X169.183 Y135.808 E1342.2100
G1 X169.386 Y135.444 E1342.2274
G1 X161.803 Y127.862 E1342.6732
G1 X161.792 Y127.793 E1342.6761
G1 X161.783 Y127.277 E1342.6975
G1 X169.587 Y135.080 E1343.1564
G1 X169.789 Y134.716 E1343.1737
G1 X161.837 Y126.765 E1343.6412
G1 X161.860 Y126.595 E1343.6483
G1 X161.943 Y126.305 E1343.6609
G1 X169.990 Y134.352 E1344.1340
G1 X170.192 Y133.988 E1344.1513
G1 X164.295 Y128.091 E1344.4980
G1 X165.566 Y128.796 E1344.5584
G1 X170.394 Y133.624 E1344.8423
G1 X170.595 Y133.260 E1344.8596
G1 X165.777 Y128.442 E1345.1429
G1 X165.979 Y128.078 E1345.1602
G1 X170.798 Y132.897 E1345.4435
G1 X170.999 Y132.533 E1345.4608
G1 X166.181 Y127.714 E1345.7441
G1 X166.382 Y127.350 E1345.7614
G1 X172.228 Y133.196 E1346.1051
G1 X173.498 Y133.900 E1346.1655
G1 X166.584 Y126.986 E1346.5720
G1 X166.786 Y126.623 E1346.5893
G1 X174.768 Y134.604 E1347.0586
G1 X176.038 Y135.309 E1347.1190
G1 X166.988 Y126.258 E1347.6511
G1 X167.110 Y126.038 E1347.6616
G1 X166.652 Y125.784 E1347.6833
G1 X166.642 Y125.594 E1347.6912
G1 X166.572 Y125.341 E1347.7022
G1 X166.493 Y125.198 E1347.7089
G1 X179.938 Y138.643 E1348.4995
G1 X180.494 Y138.633 E1348.5226
G1 X163.795 Y121.934 E1349.5044
G1 X163.997 Y121.570 E1349.5217
G1 X181.051 Y138.624 E1350.5244
G1 X181.606 Y138.614 E1350.5475
G1 X164.198 Y121.206 E1351.5710
G1 X164.400 Y120.842 E1351.5883
G1 X182.162 Y138.604 E1352.6327
G1 X182.719 Y138.595 E1352.6558
G1 X164.602 Y120.478 E1353.7210
G1 X164.803 Y120.114 E1353.7383
G1 X183.275 Y138.585 E1354.8244
G1 X183.830 Y138.575 E1354.8475
G1 X165.005 Y119.750 E1355.9543
G1 X165.207 Y119.387 E1355.9716
G1 X184.386 Y138.566 E1357.0992
G1 X184.943 Y138.556 E1357.1224
G1 X165.409 Y119.023 E1358.2709
G1 X165.610 Y118.658 E1358.2882
G1 X185.498 Y138.546 E1359.4575
G1 X186.054 Y138.537 E1359.4807
G1 X165.813 Y118.295 E1360.6708
G1 X166.014 Y117.931 E1360.6881
G1 X173.243 Y125.160 E1361.1131
G1 X173.446 Y124.797 E1361.1304
G1 X166.216 Y117.567 E1361.5555
G1 X166.418 Y117.203 E1361.5728
G1 X173.647 Y124.433 E1361.9979
G1 X173.849 Y124.068 E1362.0152
G1 X166.619 Y116.839 E1362.4403
G1 X166.821 Y116.475 E1362.4576
G1 X174.051 Y123.705 E1362.8827
G1 X174.253 Y123.341 E1362.9000
G1 X167.023 Y116.111 E1363.3251
G1 X167.225 Y115.747 E1363.3424
G1 X174.454 Y122.977 E1363.7675
G1 X174.656 Y122.613 E1363.7848
G1 X167.712 Y115.669 E1364.1931
G1 X167.913 Y115.305 E1364.2103
G1 X174.858 Y122.249 E1364.6187
G1 X175.059 Y121.885 E1364.6359
G1 X168.116 Y114.941 E1365.0442
G1 X168.317 Y114.577 E1365.0615
G1 X170.564 Y116.824 E1365.1936
G1 X170.478 Y116.621 E1365.2028
G1 X170.453 Y116.212 E1365.2198
G1 X170.467 Y116.162 E1365.2220
G1 X168.519 Y114.213 E1365.3365
G1 X168.720 Y113.849 E1365.3538
G1 X170.617 Y115.745 E1365.4653
G1 X170.689 Y115.621 E1365.4713
G1 X170.711 Y115.599 E1365.4726
G1 X170.828 Y115.391 E1365.4825
G1 X168.922 Y113.485 E1365.5946
G1 X169.124 Y113.121 E1365.6119
G1 X171.030 Y115.027 E1365.7239
G1 X171.231 Y114.663 E1365.7412
G1 X169.325 Y112.757 E1365.8533
G1 X169.528 Y112.393 E1365.8706
G1 X171.433 Y114.299 E1365.9826
G1 X171.635 Y113.935 E1366.0000
G1 X169.952 Y112.252 E1366.0989
G1 X171.223 Y112.957 E1366.1593
G1 X171.836 Y113.571 E1366.1954
G1 F2400 E1365.6954
G0 F9000 X173.243 Y113.858
G0 X174.525 Y112.866
G1 F1500 E1366.1954
G1 F3600 X174.834 Y113.175 E1366.2136
G0 F9000 X172.029 Y117.302
G0 X171.187 Y117.447
G1 F3600 X175.262 Y121.521 E1366.4531
G1 X175.463 Y121.157 E1366.4704
G1 X171.846 Y117.540 E1366.6831
G1 X171.862 Y117.539 E1366.6838
G1 X172.094 Y117.473 E1366.6938
G1 X172.257 Y117.386 E1366.7015
G1 X175.843 Y120.971 E1366.9123
G1 X177.113 Y121.676 E1366.9727
G1 X172.573 Y117.136 E1367.2396
G1 X172.574 Y117.135 E1367.2397
G1 X173.044 Y117.396 E1367.2620
G1 X173.170 Y117.167 E1367.2729
G1 X178.383 Y122.380 E1367.5794
G1 X179.652 Y123.083 E1367.6397
G1 X173.372 Y116.804 E1368.0089
G1 X173.574 Y116.439 E1368.0263
G1 X180.922 Y123.788 E1368.4583
G1 F2400 E1367.9583
G0 F9000 X190.766 Y122.884
G1 F1500 E1368.4583
G1 F3600 X200.720 Y132.837 E1369.0435
G1 X200.518 Y133.201 E1369.0609
G1 X190.915 Y123.598 E1369.6255
G1 X190.920 Y123.705 E1369.6299
G1 X190.885 Y124.017 E1369.6430
G1 X190.859 Y124.108 E1369.6469
G1 X200.316 Y133.565 E1370.2029
G1 X200.114 Y133.929 E1370.2203
G1 X190.707 Y124.522 E1370.7734
G1 X190.674 Y124.596 E1370.7767
G1 X190.510 Y124.890 E1370.7907
G1 X199.913 Y134.293 E1371.3436
G1 X199.710 Y134.657 E1371.3609
G1 X193.967 Y128.914 E1371.6986
G1 X194.819 Y130.331 E1371.7673
G1 X199.509 Y135.021 E1372.0431
G1 X199.307 Y135.385 E1372.0604
G1 X195.670 Y131.748 E1372.2742
G1 X196.521 Y133.165 E1372.3429
G1 X199.105 Y135.748 E1372.4948
G1 X198.904 Y136.113 E1372.5122
G1 X197.373 Y134.582 E1372.6022
G1 X197.992 Y135.613 E1372.6522
G1 X197.937 Y135.712 E1372.6569
G1 X198.692 Y136.466 E1372.7012
G1 X198.467 Y136.806 E1372.7182
G1 X198.467 Y136.808 E1372.7183
G1 X197.735 Y136.075 E1372.7613
G1 X197.709 Y136.124 E1372.7636
G1 X197.483 Y136.389 E1372.7781
G1 X198.200 Y137.106 E1372.8203
G1 X198.068 Y137.254 E1372.8285
G1 X197.911 Y137.383 E1372.8370
G1 X197.190 Y136.662 E1372.8794
G1 X197.078 Y136.760 E1372.8856
G1 X196.861 Y136.898 E1372.8963
G1 X197.601 Y137.639 E1372.9398
G1 X197.248 Y137.851 E1372.9569
G1 X196.491 Y137.094 E1373.0014
G1 X196.273 Y137.188 E1373.0113
G1 X196.072 Y137.241 E1373.0199
G1 X196.864 Y138.033 E1373.0665
G1 X196.532 Y138.176 E1373.0815
G1 X196.459 Y138.194 E1373.0847
G1 X195.598 Y137.332 E1373.1353
G1 X195.333 Y137.357 E1373.1464
G1 X195.062 Y137.362 E1373.1576
G1 X196.005 Y138.305 E1373.2131
G1 X195.951 Y138.319 E1373.2154
G1 X195.495 Y138.361 E1373.2344
G1 X194.506 Y137.372 E1373.2926
G1 X193.950 Y137.382 E1373.3157
G1 X194.950 Y138.381 E1373.3745
G1 X194.394 Y138.391 E1373.3976
G1 X193.394 Y137.391 E1373.4564
G1 X192.838 Y137.401 E1373.4795
G1 X193.838 Y138.401 E1373.5383
G1 X193.282 Y138.411 E1373.5614
G1 X192.282 Y137.411 E1373.6202
G1 X191.727 Y137.421 E1373.6433
G1 X192.726 Y138.420 E1373.7020
G1 X192.170 Y138.430 E1373.7252
G1 X191.170 Y137.430 E1373.7840
G1 X190.614 Y137.440 E1373.8071
G1 X191.614 Y138.440 E1373.8659
G1 X191.058 Y138.450 E1373.8890
G1 X190.058 Y137.450 E1373.9478
G1 X189.503 Y137.460 E1373.9709
G1 X190.502 Y138.459 E1374.0296
G1 X189.946 Y138.469 E1374.0527
G1 X188.946 Y137.469 E1374.1115
G1 X188.390 Y137.479 E1374.1346
G1 X189.390 Y138.479 E1374.1934
G1 X188.834 Y138.488 E1374.2166
G1 X187.835 Y137.489 E1374.2753
G1 F2400 E1373.7753
G0 F9000 X185.113 Y124.117
G0 X184.099 Y112.257
G1 F1500 E1374.2753
G1 F3600 X202.132 Y130.290 E1375.3356
G1 X202.334 Y129.926 E1375.3529
G1 X184.453 Y112.045 E1376.4042
G1 X184.805 Y111.832 E1376.4213
G1 X188.812 Y115.838 E1376.6569
G1 X187.961 Y114.421 E1376.7256
G1 X185.159 Y111.620 E1376.8903
G1 X185.512 Y111.408 E1376.9074
G1 X187.108 Y113.004 E1377.0013
G1 X186.372 Y111.778 E1377.0607
G1 X186.419 Y111.749 E1377.0630
G1 X185.865 Y111.195 E1377.0956
G1 X186.219 Y110.983 E1377.1127
G1 X186.773 Y111.536 E1377.1453
G1 X187.125 Y111.324 E1377.1624
G1 X186.572 Y110.771 E1377.1949
G1 X186.925 Y110.558 E1377.2120
G1 X187.479 Y111.111 E1377.2446
G1 X187.833 Y110.899 E1377.2617
G1 X187.279 Y110.346 E1377.2943
G1 X187.632 Y110.134 E1377.3114
G1 X188.186 Y110.687 E1377.3439
G1 X188.539 Y110.474 E1377.3611
G1 X187.985 Y109.921 E1377.3936
G1 X188.339 Y109.709 E1377.4108
G1 X188.892 Y110.262 E1377.4433
G1 X189.246 Y110.050 E1377.4604
G1 X188.692 Y109.496 E1377.4930
G1 X189.046 Y109.284 E1377.5102
G1 X189.600 Y109.838 E1377.5427
G1 X189.952 Y109.625 E1377.5598
G1 X189.399 Y109.071 E1377.5924
G1 X189.662 Y108.913 E1377.6051
G1 X189.444 Y108.551 E1377.6227
G1 X190.306 Y109.413 E1377.6734
G1 X190.660 Y109.201 E1377.6906
G1 X188.593 Y107.134 E1377.8121
G1 X187.741 Y105.717 E1377.8808
G1 X191.012 Y108.988 E1378.0731
G1 X191.366 Y108.776 E1378.0903
G1 X186.890 Y104.300 E1378.3535
G1 X186.039 Y102.883 E1378.4222
G1 X191.719 Y108.564 E1378.7562
G1 F2400 E1378.2562
G0 F9000 X190.236 Y103.686
G1 F1500 E1378.7562
G1 F3600 X188.279 Y101.730 E1378.8712
G1 X188.222 Y101.698 E1378.8739
G1 X187.666 Y101.491 E1378.8986
G1 X187.424 Y101.440 E1378.9089
G1 X191.087 Y105.103 E1379.1243
G1 X191.939 Y106.520 E1379.1930
G1 X186.767 Y101.348 E1379.4971
G1 X186.470 Y101.331 E1379.5095
G1 F2400 E1379.0095
G0 F9000 X185.399 Y102.526
;TYPE:SOLID-FILL
;WIDTH:0.400
G1 F1500 E1379.5095
G1 F3000 X185.462 Y102.589 E1379.5132
G0 F9000 X173.400 Y113.890
G0 X172.085 Y113.537
G1 F3000 X171.977 Y113.429 E1379.5195
G1 F2400 E1379.0195
G0 F9000 X187.917 Y137.288
G1 F1500 E1379.5195
G1 F3000 X187.975 Y137.347 E1379.5230
G0 F9000 X175.290 Y119.697
G0 X169.344 Y111.927
G1 F3000 X169.380 Y111.680 E1379.5309
G1 X169.582 Y111.316 E1379.5391
G1 X169.784 Y110.953 E1379.5473
G1 X169.986 Y110.589 E1379.5555
G1 X170.187 Y110.224 E1379.5637
G1 X170.389 Y109.861 E1379.5719
G1 X170.591 Y109.497 E1379.5801
G1 X170.793 Y109.133 E1379.5883
G1 X170.994 Y108.769 E1379.5965
G1 X171.196 Y108.405 E1379.6046
G1 X171.398 Y108.041 E1379.6129
G1 X171.599 Y107.677 E1379.6211
G1 X171.802 Y107.313 E1379.6293
G1 X172.003 Y106.949 E1379.6376
G1 X172.205 Y106.585 E1379.6458
G1 X172.406 Y106.221 E1379.6540
G1 X172.608 Y105.857 E1379.6622
G1 X172.810 Y105.493 E1379.6705
G1 X173.011 Y105.129 E1379.6787
G1 X173.214 Y104.766 E1379.6869
G1 X173.415 Y104.401 E1379.6952
G1 X173.617 Y104.037 E1379.7034
G1 X173.818 Y103.673 E1379.7117
G1 X174.026 Y103.316 E1379.7199
G1 X174.339 Y103.345 E1379.7329
G1 F2400 E1379.2329
G0 F9000 X180.369 Y100.848
;TYPE:FILL
;WIDTH:0.400
G1 F1500 E1379.7329
G1 F5400 X180.772 Y101.251 E1379.7566
G1 F2400 E1379.2566
G0 F9000 X184.538 Y101.186
G1 F1500 E1379.7566
G1 F5400 X184.957 Y100.766 E1379.7813
G1 F2400 E1379.2813
G0 F9000 X191.536 Y105.501
G1 F1500 E1379.7813
G1 F5400 X191.833 Y105.204 E1379.7987
G1 F2400 E1379.2987
G0 F9000 X196.080 Y112.271
G1 F1500 E1379.7987
G1 F5400 X195.783 Y112.569 E1379.8162
G1 F2400 E1379.3162
G0 F9000 X200.328 Y119.337
G1 F1500 E1379.8162
G1 F5400 X200.029 Y119.636 E1379.8338
G1 F2400 E1379.3338
G0 F9000 X201.338 Y121.816
G1 F1500 E1379.8338
G1 F5400 X202.544 Y123.023 E1379.9048
G1 F2400 E1379.4048
G0 F9000 X204.050 Y126.929
G1 F1500 E1379.9048
G1 F5400 X203.605 Y127.373 E1379.9309
G1 F2400 E1379.4309
G0 F9000 X200.968 Y132.760
G1 F1500 E1379.9309
G1 F5400 X201.270 Y133.063 E1379.9487
G1 F2400 E1379.4487
G0 F9000 X195.441 Y138.547
G1 F1500 E1379.9487
G1 F5400 X195.814 Y138.921 E1379.9706
G1 F2400 E1379.4706
G0 F9000 X192.373 Y138.606
G1 F1500 E1379.9706
G1 F5400 X191.956 Y139.023 E1379.9952
G1 F2400 E1379.4952
G0 F9000 X184.729 Y139.149
G1 F1500 E1379.9952
G1 F5400 X184.327 Y138.747 E1380.0188
G1 F2400 E1379.5188
G0 F9000 X180.858 Y138.807
G1 F1500 E1380.0188
G1 F5400 X180.440 Y139.225 E1380.0434
G1 F2400 E1379.5434
G0 F9000 X173.610 Y139.344
G1 F1500 E1380.0434
G1 F5400 X173.208 Y138.942 E1380.0670
G1 F2400 E1379.5670
G0 F9000 X169.443 Y138.908
G1 F1500 E1380.0670
G1 F5400 X169.101 Y139.251 E1380.0871
G1 F2400 E1379.5871
G0 F9000 X163.869 Y133.168
G1 F1500 E1380.0871
G1 F5400 X164.168 Y132.870 E1380.1047
G1 F2400 E1379.6047
G0 F9000 X161.605 Y127.338
G1 F1500 E1380.1047
G1 F5400 X161.220 Y126.953 E1380.1273
G1 F2400 E1379.6273
G0 F9000 X174.121 Y103.448
G0 X180.181 Y105.543
G1 F1500 E1380.1273
G1 F5400 X183.115 Y102.609 E1380.2998
G1 F2400 E1379.7998
G0 F9000 X182.148 Y102.627
G1 F1500 E1380.2998
G1 F5400 X188.764 Y109.243 E1380.6888
G1 F2400 E1380.1888
G0 F9000 X188.953 Y108.085
G1 F1500 E1380.6888
G1 F5400 X186.333 Y110.705 E1380.8429
G1 F2400 E1380.3429
G0 F9000 X173.356 Y116.462
G1 F1500 E1380.8429
G1 F5400 X171.479 Y114.585 E1380.9532
G1 F2400 E1380.4532
G0 F9000 X171.906 Y113.818
G1 F1500 E1380.9532
G1 F5400 X172.365 Y113.359 E1380.9802
G1 F2400 E1380.4802
G0 F9000 X169.311 Y112.417
G1 F1500 E1380.9802
G1 F5400 X169.008 Y112.114 E1380.9980
G0 F9000 X171.947 Y115.280
G0 X175.854 Y121.183
G1 F5400 X175.406 Y121.632 E1381.0244
G1 F2400 E1380.5244
G0 F9000 X180.846 Y123.952
G1 F1500 E1381.0244
G1 F5400 X181.374 Y124.480 E1381.0555
G1 F2400 E1380.5555
G0 F9000 X173.979 Y134.372
G1 F1500 E1381.0555
G1 F5400 X170.768 Y137.583 E1381.2443
G1 F2400 E1380.7443
G0 F9000 X171.831 Y137.564
G1 F1500 E1381.2443
G1 F5400 X169.633 Y135.367 E1381.3735
G1 F2400 E1380.8735
G0 F9000 X186.737 Y121.615
G1 F1500 E1381.3735
G1 F5400 X187.546 Y120.805 E1381.4211
G1 F2400 E1380.9211
G0 F9000 X193.661 Y114.140
G1 F1500 E1381.4211
G1 F5400 X189.580 Y110.059 E1381.6610
G1 F2400 E1381.1610
G0 F9000 X189.867 Y129.798
G1 F1500 E1381.6610
G1 F5400 X185.599 Y134.066 E1381.9119
G1 F2400 E1381.4119
G0 F9000 X187.883 Y130.990
G1 F1500 E1381.9119
G1 F5400 X194.093 Y137.199 E1382.2770
G0 F9000 X193.774 Y137.205
G1 F5400 X196.875 Y134.104 E1382.4594
;PRINTING_TIME: 960
;REMAINING_TIME: 526
;LAYER:5
;Z:3.170
;HEIGHT:0.250
;PRINTING: top_cover.stl
;PRINTING_ID: 0
G1 F2400 E1381.9594
G0 F900 Z3.170
G0 F9000 X196.875 Y134.104
G0 X178.216 Y105.718
G0 X174.209 Y103.201
;TYPE:WALL-INNER
;WIDTH:0.400
G1 F1500 E1382.4594
G1 F3000 X174.460 Y102.819 E1382.4784
G1 X174.899 Y102.330 E1382.5057
G1 X175.365 Y101.944 E1382.5308
G1 X175.972 Y101.572 E1382.5604
G1 X176.576 Y101.322 E1382.5876
G1 X177.215 Y101.165 E1382.6150
G1 X177.892 Y101.102 E1382.6432
G1 X186.446 Y100.952 E1382.9989
G1 X187.125 Y100.992 E1383.0272
G1 X187.768 Y101.126 E1383.0545
G1 X188.334 Y101.337 E1383.0796
G1 X188.961 Y101.676 E1383.1093
G1 X189.479 Y102.075 E1383.1365
G1 X189.935 Y102.550 E1383.1638
G1 X190.328 Y103.104 E1383.1921
G1 X203.213 Y124.548 E1384.2322
G1 X203.519 Y125.155 E1384.2604
G1 X203.723 Y125.780 E1384.2878
G1 X203.833 Y126.429 E1384.3151
G1 X203.845 Y127.085 E1384.3424
G1 X203.757 Y127.737 E1384.3698
G1 X203.574 Y128.369 E1384.3971
G1 X203.290 Y128.986 E1384.4254
G1 X199.143 Y136.468 E1384.7810
G1 X198.769 Y137.037 E1384.8093
G1 X198.331 Y137.527 E1384.8366
G1 X197.824 Y137.945 E1384.8640
G1 X197.261 Y138.284 E1384.8913
G1 X196.652 Y138.535 E1384.9187
G1 X196.015 Y138.692 E1384.9459
G1 X195.338 Y138.754 E1384.9742
G1 X170.325 Y139.192 E1386.0143
G1 X169.646 Y139.152 E1386.0426
G1 X169.002 Y139.017 E1386.0699
G1 X168.435 Y138.807 E1386.0951
G1 X167.808 Y138.467 E1386.1247
G1 X167.291 Y138.069 E1386.1518
G1 X166.835 Y137.594 E1386.1792
G1 X166.442 Y137.040 E1386.2075
G1 X162.036 Y129.706 E1386.5632
G1 X161.730 Y129.099 E1386.5914
G1 X161.525 Y128.474 E1386.6188
G1 X161.416 Y127.827 E1386.6460
G1 X161.404 Y127.169 E1386.6734
G1 X161.492 Y126.517 E1386.7008
G1 X161.674 Y125.886 E1386.7281
G1 X161.959 Y125.268 E1386.7564
G1 X169.347 Y111.939 E1387.3899
G1 X173.501 Y114.242 E1387.5874
G1 X173.986 Y113.367 E1387.6290
G1 X174.205 Y113.488 E1387.6394
G1 X178.568 Y105.617 E1388.0136
G1 X174.209 Y103.201 E1388.2208
G1 F2400 E1387.7208
G0 F9000 X173.744 Y103.180
;TYPE:WALL-OUTER
;WIDTH:0.400
G1 F1500 E1388.2208
G1 F3000 X174.142 Y102.574 E1388.2509
G1 X174.621 Y102.041 E1388.2807
G1 X175.132 Y101.618 E1388.3083
G1 X175.790 Y101.214 E1388.3404
G1 X176.451 Y100.941 E1388.3701
G1 X177.148 Y100.769 E1388.4000
G1 X177.870 Y100.702 E1388.4301
G1 X186.454 Y100.552 E1388.7870
G1 X187.178 Y100.594 E1388.8172
G1 X187.879 Y100.741 E1388.8470
G1 X188.500 Y100.972 E1388.8745
G1 X189.180 Y101.339 E1388.9066
G1 X189.747 Y101.776 E1388.9364
G1 X190.244 Y102.294 E1388.9662
G1 X190.663 Y102.885 E1388.9964
G1 X203.564 Y124.355 E1390.0377
G1 X203.890 Y125.002 E1390.0679
G1 X204.112 Y125.684 E1390.0977
G1 X204.232 Y126.392 E1390.1275
G1 X204.245 Y127.108 E1390.1573
G1 X204.150 Y127.820 E1390.1872
G1 X203.950 Y128.509 E1390.2170
G1 X203.647 Y129.167 E1390.2471
G1 X199.486 Y136.675 E1390.6040
G1 X199.087 Y137.282 E1390.6342
G1 X198.609 Y137.816 E1390.6640
G1 X198.056 Y138.273 E1390.6938
G1 X197.441 Y138.642 E1390.7236
G1 X196.777 Y138.916 E1390.7535
G1 X196.082 Y139.088 E1390.7833
G1 X195.360 Y139.154 E1390.8134
G1 X170.317 Y139.592 E1391.8547
G1 X169.593 Y139.550 E1391.8849
G1 X168.891 Y139.402 E1391.9147
G1 X168.270 Y139.172 E1391.9422
G1 X167.590 Y138.804 E1391.9744
G1 X167.023 Y138.368 E1392.0041
G1 X166.526 Y137.850 E1392.0340
G1 X166.107 Y137.259 E1392.0641
G1 X161.685 Y129.899 E1392.4211
G1 X161.359 Y129.252 E1392.4512
G1 X161.136 Y128.570 E1392.4810
G1 X161.017 Y127.864 E1392.5108
G1 X161.004 Y127.146 E1392.5406
G1 X161.099 Y126.435 E1392.5705
G1 X161.298 Y125.746 E1392.6003
G1 X161.602 Y125.087 E1392.6304
G1 X169.982 Y109.967 E1393.3492
G1 X170.126 Y109.789 E1393.3587
G1 X170.536 Y109.051 E1393.3938
G1 X172.784 Y104.993 E1393.5866
G1 X172.859 Y104.777 E1393.5961
G1 X173.744 Y103.180 E1393.6721
G0 F3600 X173.853 Y103.013
G1 F2400 E1393.1721
G0 F9000 X173.936 Y103.068
G0 X169.524 Y111.741
G0 X170.675 Y115.610
;TYPE:WALL-INNER
;WIDTH:0.400
G1 F1500 E1393.6721
G1 F3000 X170.543 Y115.833 E1393.6828
G1 X170.435 Y116.209 E1393.6991
G1 X170.459 Y116.616 E1393.7160
G1 X170.606 Y116.974 E1393.7321
G1 X170.760 Y117.183 E1393.7429
G1 X171.070 Y117.428 E1393.7594
G1 X171.461 Y117.560 E1393.7765
G1 X171.853 Y117.560 E1393.7928
G1 X172.096 Y117.493 E1393.8033
G1 X172.369 Y117.349 E1393.8161
G1 X172.589 Y117.150 E1393.8285
G1 X172.733 Y116.948 E1393.8388
G1 X172.866 Y116.596 E1393.8544
G1 X172.887 Y116.296 E1393.8669
G1 X172.832 Y115.957 E1393.8812
G1 X172.646 Y115.604 E1393.8978
G1 X172.434 Y115.391 E1393.9103
G1 X172.144 Y115.211 E1393.9245
G1 X171.744 Y115.113 E1393.9416
G1 X171.328 Y115.158 E1393.9590
G1 X170.953 Y115.335 E1393.9762
G1 X170.675 Y115.610 E1393.9925
G1 F2400 E1393.4925
G0 F9000 X170.993 Y115.858
;TYPE:WALL-OUTER
;WIDTH:0.400
G1 F1500 E1393.9925
G1 F3000 X170.913 Y115.993 E1393.9990
G1 X170.838 Y116.254 E1394.0103
G1 X170.854 Y116.526 E1394.0216
G1 X170.957 Y116.776 E1394.0329
G1 X171.050 Y116.902 E1394.0394
G1 X171.264 Y117.071 E1394.0507
G1 X171.527 Y117.160 E1394.0623
G1 X171.799 Y117.160 E1394.0736
G1 X171.948 Y117.119 E1394.0800
G1 X172.138 Y117.019 E1394.0889
G1 X172.288 Y116.883 E1394.0973
G1 X172.377 Y116.758 E1394.1037
G1 X172.471 Y116.509 E1394.1148
G1 X172.485 Y116.314 E1394.1229
G1 X172.448 Y116.086 E1394.1325
G1 X172.320 Y115.844 E1394.1439
G1 X172.183 Y115.706 E1394.1520
G1 X171.987 Y115.584 E1394.1616
G1 X171.717 Y115.518 E1394.1731
G1 X171.438 Y115.548 E1394.1848
G1 X171.186 Y115.667 E1394.1964
G1 X170.993 Y115.858 E1394.2077
G0 F3600 X170.913 Y115.993
G0 X170.901 Y116.035
G1 F2400 E1393.7077
G0 F9000 X170.806 Y116.007
G0 X164.586 Y124.898
;TYPE:WALL-INNER
;WIDTH:0.400
G1 F1500 E1394.2077
G1 F3000 X164.358 Y125.213 E1394.2238
G1 X164.262 Y125.456 E1394.2347
G1 X164.217 Y125.844 E1394.2509
G1 X164.309 Y126.258 E1394.2686
G1 X164.536 Y126.610 E1394.2860
G1 X164.843 Y126.852 E1394.3022
G1 X165.085 Y126.955 E1394.3132
G1 X165.469 Y127.014 E1394.3293
G1 X165.852 Y126.942 E1394.3455
G1 X166.077 Y126.836 E1394.3559
G1 X166.300 Y126.664 E1394.3676
G1 X166.495 Y126.423 E1394.3805
G1 X166.606 Y126.195 E1394.3910
G1 X166.681 Y125.811 E1394.4073
G1 X166.624 Y125.425 E1394.4235
G1 X166.524 Y125.185 E1394.4343
G1 X166.290 Y124.881 E1394.4503
G1 X165.967 Y124.666 E1394.4664
G1 X165.722 Y124.583 E1394.4771
G1 X165.331 Y124.552 E1394.4935
G1 X164.928 Y124.661 E1394.5108
G1 X164.586 Y124.898 E1394.5281
G1 F2400 E1394.0281
G0 F9000 X164.870 Y125.188
;TYPE:WALL-OUTER
;WIDTH:0.400
G1 F1500 E1394.5281
G1 F3000 X164.711 Y125.407 E1394.5394
G1 X164.653 Y125.554 E1394.5459
G1 X164.622 Y125.823 E1394.5572
G1 X164.684 Y126.101 E1394.5690
G1 X164.836 Y126.337 E1394.5807
G1 X165.049 Y126.505 E1394.5920
G1 X165.195 Y126.567 E1394.5986
G1 X165.462 Y126.608 E1394.6098
G1 X165.728 Y126.558 E1394.6211
G1 X165.867 Y126.493 E1394.6274
G1 X166.018 Y126.376 E1394.6354
G1 X166.155 Y126.207 E1394.6444
G1 X166.223 Y126.067 E1394.6509
G1 X166.275 Y125.801 E1394.6622
G1 X166.236 Y125.533 E1394.6734
G1 X166.175 Y125.388 E1394.6800
G1 X166.013 Y125.177 E1394.6910
G1 X165.789 Y125.028 E1394.7022
G1 X165.641 Y124.978 E1394.7087
G1 X165.368 Y124.956 E1394.7201
G1 X165.099 Y125.029 E1394.7317
G1 X164.870 Y125.188 E1394.7433
G0 F3600 X164.753 Y125.350
G1 F2400 E1394.2433
G0 F9000 X164.672 Y125.292
G0 X165.220 Y124.860
G0 X185.020 Y123.797
;TYPE:WALL-INNER
;WIDTH:0.400
G1 F1500 E1394.7433
G1 F3000 X184.929 Y124.033 E1394.7538
G1 X184.877 Y124.280 E1394.7643
G1 X184.898 Y124.713 E1394.7823
G1 X185.074 Y125.139 E1394.8015
G1 X185.361 Y125.459 E1394.8193
G1 X185.573 Y125.602 E1394.8300
G1 X185.809 Y125.705 E1394.8407
G1 X186.245 Y125.776 E1394.8590
G1 X186.662 Y125.697 E1394.8767
G1 X186.916 Y125.581 E1394.8883
G1 X187.251 Y125.305 E1394.9063
G1 X187.474 Y124.935 E1394.9243
G1 X187.554 Y124.668 E1394.9359
G1 X187.570 Y124.235 E1394.9539
G1 X187.439 Y123.819 E1394.9720
G1 X187.290 Y123.582 E1394.9837
G1 X186.974 Y123.285 E1395.0017
G1 X186.556 Y123.099 E1395.0207
G1 X186.094 Y123.064 E1395.0400
G1 X185.654 Y123.184 E1395.0589
G1 X185.274 Y123.444 E1395.0781
G1 X185.020 Y123.797 E1395.0962
G1 F2400 E1394.5962
G0 F9000 X185.375 Y123.989
;TYPE:WALL-OUTER
;WIDTH:0.400
G1 F1500 E1395.0962
G1 F3000 X185.314 Y124.147 E1395.1032
G1 X185.279 Y124.312 E1395.1102
G1 X185.294 Y124.625 E1395.1233
G1 X185.417 Y124.923 E1395.1367
G1 X185.626 Y125.155 E1395.1496
G1 X185.766 Y125.250 E1395.1567
G1 X185.923 Y125.318 E1395.1638
G1 X186.240 Y125.370 E1395.1771
G1 X186.540 Y125.313 E1395.1898
G1 X186.702 Y125.239 E1395.1972
G1 X186.944 Y125.040 E1395.2103
G1 X187.105 Y124.772 E1395.2233
G1 X187.156 Y124.602 E1395.2306
G1 X187.168 Y124.289 E1395.2437
G1 X187.073 Y123.988 E1395.2568
G1 X186.979 Y123.838 E1395.2641
G1 X186.750 Y123.623 E1395.2772
G1 X186.457 Y123.493 E1395.2905
G1 X186.132 Y123.468 E1395.3041
G1 X185.824 Y123.552 E1395.3174
G1 X185.558 Y123.734 E1395.3308
G1 X185.375 Y123.989 E1395.3438
G0 F3600 X185.314 Y124.147
G0 X185.308 Y124.177
G1 F2400 E1394.8438
G0 F9000 X185.210 Y124.156
G0 X178.216 Y105.718
G0 X174.462 Y103.746
G0 X174.085 Y103.600
G0 X174.176 Y103.640
G1 F1500 E1395.3438
G1 F3000 X169.716 Y111.686 E1395.7263
G1 X173.345 Y113.698 E1395.8988
G1 X173.830 Y112.824 E1395.9403
G1 X174.049 Y112.945 E1395.9507
G1 X178.024 Y105.773 E1396.2917
G1 X174.176 Y103.640 E1396.4746
G0 F3600 X174.080 Y103.814
G0 F9000 X174.091 Y103.376
;TYPE:SOLID-FILL
;WIDTH:0.400
G1 F3000 X173.483 Y104.267 E1396.5046
G1 X172.970 Y105.064 E1396.5440
G1 F2400 E1396.0440
G0 F9000 X172.684 Y105.915
G1 F1500 E1396.5440
G1 F3000 X172.273 Y106.326 E1396.5682
G1 F2400 E1396.0682
G0 F9000 X171.981 Y107.183
G1 F1500 E1396.5682
G1 F3000 X171.570 Y107.594 E1396.5924
G1 F2400 E1396.0924
G0 F9000 X171.278 Y108.453
G1 F1500 E1396.5924
G1 F3000 X170.868 Y108.862 E1396.6164
G1 F2400 E1396.1164
G0 F9000 X170.574 Y109.722
G1 F1500 E1396.6164
G1 F3000 X169.966 Y110.613 E1396.6465
G1 X169.357 Y111.505 E1396.6914
G1 F2400 E1396.1914
G0 F9000 X174.121 Y103.448
G0 X174.742 Y103.292
;TYPE:SOLID-FILL
;WIDTH:0.400
G1 F1500 E1396.6914
G1 F2100 X176.445 Y101.588 E1396.7885
G1 F2400 E1396.2885
G0 F9000 X177.239 Y101.360
G1 F1500 E1396.7885
G1 F2100 X175.106 Y103.493 E1396.9102
G0 F9000 X175.469 Y103.695
G1 F2100 X177.864 Y101.301 E1397.0468
G0 F9000 X178.440 Y101.290
G1 F2100 X175.834 Y103.897 E1397.1954
G0 F9000 X176.198 Y104.098
G1 F2100 X179.016 Y101.281 E1397.3561
G0 F9000 X179.591 Y101.271
G1 F2100 X176.561 Y104.301 E1397.5289
G0 F9000 X176.925 Y104.502
G1 F2100 X178.568 Y102.859 E1397.6226
G0 F9000 X178.741 Y102.687
G1 F2100 X180.167 Y101.261 E1397.7039
G0 F9000 X180.742 Y101.251
G1 F2100 X179.317 Y102.676 E1397.7852
G0 F9000 X179.892 Y102.666
G1 F2100 X181.319 Y101.240 E1397.8666
G0 F9000 X181.894 Y101.230
G1 F2100 X180.468 Y102.657 E1397.9479
G0 F9000 X181.044 Y102.647
G1 F2100 X182.470 Y101.220 E1398.0293
G0 F9000 X183.045 Y101.211
G1 F2100 X181.620 Y102.636 E1398.1105
G0 F9000 X182.195 Y102.626
G1 F2100 X183.621 Y101.201 E1398.1918
G0 F9000 X184.197 Y101.191
G1 F2100 X182.771 Y102.616 E1398.2731
G0 F9000 X183.347 Y102.606
G1 F2100 X184.773 Y101.180 E1398.3545
G0 F9000 X185.348 Y101.170
G1 F2100 X183.923 Y102.596 E1398.4358
G0 F9000 X184.499 Y102.586
G1 F2100 X185.924 Y101.160 E1398.5171
G0 F9000 X186.498 Y101.152
G1 F2100 X185.075 Y102.575 E1398.5982
G0 F9000 X185.643 Y102.573
G1 F2100 X187.033 Y101.182 E1398.6775
G0 F9000 X187.509 Y101.273
G1 F2100 X185.855 Y102.927 E1398.7719
G0 F9000 X186.068 Y103.280
G1 F2100 X187.945 Y101.402 E1398.8789
G0 F9000 X188.350 Y101.563
G1 F2100 X186.280 Y103.633 E1398.9970
G0 F9000 X186.492 Y103.987
G1 F2100 X188.715 Y101.763 E1399.1238
G0 F9000 X189.051 Y101.993
G1 F2100 X186.704 Y104.340 E1399.2577
G0 F9000 X186.917 Y104.693
G1 F2100 X189.366 Y102.244 E1399.3973
G0 F9000 X189.643 Y102.532
G1 F2100 X187.129 Y105.047 E1399.5407
G0 F9000 X187.341 Y105.400
G1 F2100 X189.899 Y102.842 E1399.6866
G0 F9000 X190.134 Y103.173
G1 F2100 X187.553 Y105.754 E1399.8338
G0 F9000 X187.766 Y106.107
G1 F2100 X190.347 Y103.526 E1399.9810
G0 F9000 X190.560 Y103.878
G1 F2100 X187.978 Y106.460 E1400.1283
G0 F9000 X188.190 Y106.814
G1 F2100 X190.772 Y104.232 E1400.2756
G0 F9000 X190.984 Y104.586
G1 F2100 X188.402 Y107.167 E1400.4228
G0 F9000 X188.615 Y107.520
G1 F2100 X191.196 Y104.939 E1400.5700
G0 F9000 X191.409 Y105.292
G1 F2100 X188.827 Y107.874 E1400.7172
G0 F9000 X189.040 Y108.227
G1 F2100 X191.621 Y105.645 E1400.8645
G0 F9000 X191.833 Y105.999
G1 F2100 X189.252 Y108.581 E1401.0117
G1 F2400 E1400.5117
G0 F9000 X188.324 Y109.508
G1 F1500 E1401.0117
G1 F2100 X176.365 Y121.468 E1401.6938
G0 F9000 X176.728 Y121.670
G1 F2100 X192.045 Y106.353 E1402.5673
G0 F9000 X192.258 Y106.705
G1 F2100 X187.887 Y111.077 E1402.8167
G1 F2400 E1402.3167
G0 F9000 X186.907 Y110.360
G1 F1500 E1402.8167
G1 F2100 X176.000 Y121.266 E1403.4387
G1 F2400 E1402.9387
G0 F9000 X175.120 Y122.147
G1 F1500 E1403.4387
G1 F2100 X164.255 Y133.012 E1404.0583
G0 F9000 X164.467 Y133.365
G1 F2100 X174.417 Y123.416 E1404.6258
G1 F2400 E1404.1258
G0 F9000 X173.713 Y124.685
G1 F1500 E1404.6258
G1 F2100 X164.680 Y133.718 E1405.1409
G0 F9000 X164.892 Y134.072
G1 F2100 X173.709 Y125.254 E1405.6438
G0 F9000 X174.073 Y125.457
G1 F2100 X165.104 Y134.425 E1406.1553
G0 F9000 X165.317 Y134.778
G1 F2100 X174.437 Y125.658 E1406.6755
G0 F9000 X174.801 Y125.860
G1 F2100 X165.529 Y135.132 E1407.2043
G0 F9000 X165.741 Y135.485
G1 F2100 X175.165 Y126.061 E1407.7417
G0 F9000 X175.529 Y126.263
G1 F2100 X165.953 Y135.839 E1408.2879
G0 F9000 X166.166 Y136.192
G1 F2100 X175.893 Y126.465 E1408.8426
G0 F9000 X176.257 Y126.666
G1 F2100 X166.378 Y136.545 E1409.4060
G0 F9000 X166.590 Y136.899
G1 F2100 X176.621 Y126.868 E1409.9781
G0 F9000 X176.985 Y127.070
G1 F2100 X171.214 Y132.841 E1410.3073
G0 F9000 X171.578 Y133.042
G1 F2100 X177.349 Y127.272 E1410.6364
G0 F9000 X177.713 Y127.473
G1 F2100 X171.942 Y133.245 E1410.9655
G0 F9000 X172.306 Y133.446
G1 F2100 X178.077 Y127.675 E1411.2947
G0 F9000 X178.441 Y127.877
G1 F2100 X172.670 Y133.648 E1411.6238
G0 F9000 X173.034 Y133.849
G1 F2100 X178.805 Y128.078 E1411.9529
G0 F9000 X179.169 Y128.280
G1 F2100 X173.398 Y134.051 E1412.2821
G0 F9000 X173.762 Y134.253
G1 F2100 X186.522 Y121.493 E1413.0098
G0 F9000 X186.884 Y121.696
G1 F2100 X185.529 Y123.052 E1413.0871
G1 F2400 E1412.5871
G0 F9000 X186.251 Y122.895
G1 F1500 E1413.0871
G1 F2100 X187.247 Y121.899 E1413.1439
G0 F9000 X187.610 Y122.102
G1 F2100 X186.732 Y122.980 E1413.1940
G0 F9000 X187.110 Y123.168
G1 F2100 X187.973 Y122.305 E1413.2432
G0 F9000 X188.335 Y122.508
G1 F2100 X187.401 Y123.442 E1413.2965
G0 F9000 X187.618 Y123.791
G1 F2100 X188.698 Y122.711 E1413.3581
G0 F9000 X189.061 Y122.914
G1 F2100 X187.750 Y124.225 E1413.4328
G1 F2400 E1412.9328
G0 F9000 X187.685 Y124.855
G1 F1500 E1413.4328
G1 F2100 X189.375 Y123.165 E1413.5292
G0 F9000 X189.551 Y123.555
G1 F2100 X176.482 Y136.624 E1414.2746
G1 F2400 E1413.7746
G0 F9000 X176.673 Y135.867
G1 F1500 E1414.2746
G1 F2100 X186.661 Y125.879 E1414.8442
G1 F2400 E1414.3442
G0 F9000 X186.049 Y125.925
G1 F1500 E1414.8442
G1 F2100 X176.310 Y135.665 E1415.3997
G0 F9000 X175.945 Y135.463
G1 F2100 X185.599 Y125.809 E1415.9503
G0 F9000 X185.246 Y125.597
G1 F2100 X175.581 Y135.262 E1416.5015
G0 F9000 X175.218 Y135.060
G1 F2100 X184.977 Y125.301 E1417.0581
G0 F9000 X184.789 Y124.923
G1 F2100 X174.854 Y134.858 E1417.6247
G0 F9000 X174.489 Y134.657
G1 F2100 X184.704 Y124.443 E1418.2072
G1 F2400 E1417.7072
G0 F9000 X184.853 Y123.728
G1 F1500 E1418.2072
G1 F2100 X174.126 Y134.454 E1418.8190
G1 F2400 E1418.3190
G0 F9000 X174.456 Y137.518
G1 F1500 E1418.8190
G1 F2100 X173.029 Y138.945 E1418.9004
G0 F9000 X172.454 Y138.955
G1 F2100 X173.881 Y137.528 E1418.9818
G0 F9000 X173.305 Y137.538
G1 F2100 X171.878 Y138.965 E1419.0632
G0 F9000 X171.302 Y138.976
G1 F2100 X172.729 Y137.548 E1419.1446
G0 F9000 X172.154 Y137.558
G1 F2100 X170.726 Y138.986 E1419.2260
G0 F9000 X170.161 Y138.985
G1 F2100 X171.578 Y137.569 E1419.3068
G0 F9000 X171.002 Y137.578
G1 F2100 X169.632 Y138.949 E1419.3850
G0 F9000 X169.164 Y138.851
G1 F2100 X170.426 Y137.588 E1419.4570
G0 F9000 X169.884 Y137.565
G1 F2100 X168.739 Y138.710 E1419.5223
G0 F9000 X168.343 Y138.540
G1 F2100 X169.417 Y137.466 E1419.5835
G0 F9000 X169.011 Y137.306
G1 F2100 X167.980 Y138.338 E1419.6423
G0 F9000 X167.652 Y138.100
G1 F2100 X168.698 Y137.054 E1419.7020
G1 F2400 E1419.2020
G0 F9000 X169.401 Y135.785
G1 F1500 E1419.7020
G1 F2100 X167.346 Y137.841 E1419.8192
G0 F9000 X167.068 Y137.553
G1 F2100 X170.105 Y134.516 E1419.9924
G1 F2400 E1419.4924
G0 F9000 X170.808 Y133.247
G1 F1500 E1419.9924
G1 F2100 X166.821 Y137.234 E1420.2198
G1 F2400 E1419.7198
G0 F9000 X164.043 Y132.658
G1 F1500 E1420.2198
G1 F2100 X185.490 Y111.211 E1421.4430
G1 F2400 E1420.9430
G0 F9000 X186.809 Y112.155
G1 F1500 E1421.4430
G1 F2100 X177.092 Y121.871 E1421.9972
G0 F9000 X177.456 Y122.073
G1 F2100 X187.021 Y112.509 E1422.5426
G0 F9000 X187.234 Y112.862
G1 F2100 X177.820 Y122.275 E1423.0795
G0 F9000 X178.184 Y122.477
G1 F2100 X187.446 Y113.215 E1423.6077
G0 F9000 X187.658 Y113.569
G1 F2100 X178.548 Y122.678 E1424.1273
G0 F9000 X178.912 Y122.881
G1 F2100 X187.870 Y113.922 E1424.6382
G0 F9000 X188.082 Y114.276
G1 F2100 X179.276 Y123.082 E1425.1404
G0 F9000 X179.640 Y123.284
G1 F2100 X188.294 Y114.629 E1425.6340
G0 F9000 X188.507 Y114.982
G1 F2100 X180.004 Y123.485 E1426.1190
G0 F9000 X180.368 Y123.687
G1 F2100 X188.719 Y115.336 E1426.5952
G0 F9000 X188.931 Y115.689
G1 F2100 X180.732 Y123.889 E1427.0629
G0 F9000 X181.096 Y124.090
G1 F2100 X189.143 Y116.043 E1427.5218
G0 F9000 X189.356 Y116.396
G1 F2100 X181.459 Y124.293 E1427.9722
G1 F2400 E1427.4722
G0 F9000 X180.797 Y125.521
G1 F1500 E1427.9722
G1 F2100 X189.943 Y116.375 E1428.4938
G1 F2400 E1427.9938
G0 F9000 X191.360 Y115.523
G1 F1500 E1428.4938
G1 F2100 X180.094 Y126.789 E1429.1363
G1 F2400 E1428.6363
G0 F9000 X179.390 Y128.059
G1 F1500 E1429.1363
G1 F2100 X192.777 Y114.672 E1429.8998
G1 F2400 E1429.3998
G0 F9000 X194.195 Y113.820
G1 F1500 E1429.8998
G1 F2100 X187.328 Y120.686 E1430.2914
G0 F9000 X187.693 Y120.888
G1 F2100 X195.867 Y112.713 E1430.7577
G0 F9000 X195.655 Y112.359
G1 F2100 X194.653 Y113.362 E1430.8148
G0 F9000 X194.440 Y113.009
G1 F2100 X195.443 Y112.006 E1430.8720
G0 F9000 X195.230 Y111.653
G1 F2100 X194.228 Y112.655 E1430.9292
G0 F9000 X194.016 Y112.301
G1 F2100 X195.018 Y111.300 E1430.9863
G0 F9000 X194.806 Y110.946
G1 F2100 X193.803 Y111.949 E1431.0435
G0 F9000 X193.591 Y111.595
G1 F2100 X194.594 Y110.592 E1431.1007
G0 F9000 X194.381 Y110.240
G1 F2100 X193.379 Y111.242 E1431.1578
G0 F9000 X193.167 Y110.888
G1 F2100 X194.169 Y109.886 E1431.2150
G0 F9000 X193.957 Y109.532
G1 F2100 X192.954 Y110.535 E1431.2722
G0 F9000 X192.742 Y110.182
G1 F2100 X193.744 Y109.180 E1431.3293
G0 F9000 X193.532 Y108.826
G1 F2100 X192.530 Y109.828 E1431.3865
G0 F9000 X192.318 Y109.474
G1 F2100 X193.320 Y108.473 E1431.4436
G0 F9000 X193.108 Y108.119
G1 F2100 X192.105 Y109.122 E1431.5008
G0 F9000 X191.893 Y108.768
G1 F2100 X192.895 Y107.766 E1431.5580
G0 F9000 X192.683 Y107.413
G1 F2100 X190.722 Y109.373 E1431.6698
G1 F2400 E1431.1698
G0 F9000 X189.305 Y110.225
G1 F1500 E1431.6698
G1 F2100 X192.470 Y107.059 E1431.8503
G1 F2400 E1431.3503
G0 F9000 X196.080 Y113.067
G1 F1500 E1431.8503
G1 F2100 X188.057 Y121.089 E1432.3078
G0 F9000 X188.420 Y121.292
G1 F2100 X196.292 Y113.419 E1432.7568
G0 F9000 X196.504 Y113.773
G1 F2100 X188.784 Y121.493 E1433.1971
G0 F9000 X189.148 Y121.695
G1 F2100 X196.717 Y114.127 E1433.6288
G0 F9000 X196.929 Y114.480
G1 F2100 X189.512 Y121.897 E1434.0518
G0 F9000 X189.867 Y122.108
G1 F2100 X197.142 Y114.833 E1434.4667
G0 F9000 X197.354 Y115.186
G1 F2100 X190.191 Y122.349 E1434.8752
G0 F9000 X190.449 Y122.657
G1 F2100 X197.566 Y115.540 E1435.2811
G0 F9000 X197.778 Y115.894
G1 F2100 X190.633 Y123.038 E1435.6886
G0 F9000 X190.732 Y123.506
G1 F2100 X197.991 Y116.246 E1436.1026
G0 F9000 X198.203 Y116.600
G1 F2100 X190.664 Y124.139 E1436.5326
G1 F2400 E1436.0326
G0 F9000 X190.088 Y125.280
G1 F1500 E1436.5326
G1 F2100 X198.415 Y116.954 E1437.0075
G0 F9000 X198.628 Y117.306
G1 F2100 X189.385 Y126.550 E1437.5346
G1 F2400 E1437.0346
G0 F9000 X188.672 Y125.565
G1 F1500 E1437.5346
G1 F2100 X175.332 Y138.905 E1438.2954
G0 F9000 X174.757 Y138.915
G1 F2100 X189.375 Y124.296 E1439.1292
G1 F2400 E1438.6292
G0 F9000 X187.968 Y126.835
G1 F1500 E1439.1292
G1 F2100 X175.908 Y138.895 E1439.8170
G0 F9000 X176.484 Y138.884
G1 F2100 X187.265 Y128.103 E1440.4318
G1 F2400 E1439.9318
G0 F9000 X186.835 Y129.100
G1 F1500 E1440.4318
G1 F2100 X177.060 Y138.875 E1440.9893
G0 F9000 X177.635 Y138.865
G1 F2100 X187.199 Y129.301 E1441.5348
G0 F9000 X187.563 Y129.503
G1 F2100 X178.211 Y138.855 E1442.0682
G0 F9000 X178.787 Y138.844
G1 F2100 X199.264 Y118.367 E1443.2360
G0 F9000 X199.052 Y118.014
G1 F2100 X187.977 Y129.089 E1443.8676
G1 F2400 E1443.3676
G0 F9000 X188.680 Y127.820
G1 F1500 E1443.8676
G1 F2100 X198.840 Y117.660 E1444.4471
G1 F2400 E1443.9471
G0 F9000 X199.477 Y118.720
G1 F1500 E1444.4471
G1 F2100 X186.191 Y132.006 E1445.2048
G1 F2400 E1444.7048
G0 F9000 X185.047 Y133.150
G1 F1500 E1445.2048
G1 F2100 X179.363 Y138.834 E1445.5290
G0 F9000 X179.938 Y138.824
G1 F2100 X185.259 Y133.503 E1445.8325
G0 F9000 X185.471 Y133.857
G1 F2100 X180.514 Y138.814 E1446.1152
G0 F9000 X181.090 Y138.804
G1 F2100 X185.684 Y134.210 E1446.3772
G0 F9000 X185.896 Y134.563
G1 F2100 X181.666 Y138.794 E1446.6184
G0 F9000 X182.241 Y138.784
G1 F2100 X186.109 Y134.917 E1446.8390
G0 F9000 X186.321 Y135.270
G1 F2100 X182.817 Y138.774 E1447.0389
G0 F9000 X183.393 Y138.764
G1 F2100 X186.534 Y135.623 E1447.2180
G0 F9000 X186.746 Y135.977
G1 F2100 X183.969 Y138.754 E1447.3764
G0 F9000 X184.544 Y138.744
G1 F2100 X186.958 Y136.330 E1447.5141
G0 F9000 X187.170 Y136.684
G1 F2100 X185.120 Y138.734 E1447.6310
G0 F9000 X185.696 Y138.724
G1 F2100 X187.383 Y137.037 E1447.7272
G0 F9000 X187.675 Y137.310
G1 F2100 X186.272 Y138.713 E1447.8072
G0 F9000 X186.848 Y138.703
G1 F2100 X188.250 Y137.301 E1447.8872
G0 F9000 X188.826 Y137.291
G1 F2100 X187.423 Y138.694 E1447.9672
G0 F9000 X187.999 Y138.684
G1 F2100 X189.402 Y137.281 E1448.0472
G0 F9000 X189.977 Y137.271
G1 F2100 X188.575 Y138.673 E1448.1271
G0 F9000 X189.151 Y138.663
G1 F2100 X190.553 Y137.260 E1448.2071
G0 F9000 X191.129 Y137.250
G1 F2100 X189.726 Y138.653 E1448.2872
G0 F9000 X190.302 Y138.643
G1 F2100 X191.705 Y137.240 E1448.3672
G0 F9000 X192.280 Y137.231
G1 F2100 X190.878 Y138.633 E1448.4471
G0 F9000 X191.454 Y138.623
G1 F2100 X192.857 Y137.220 E1448.5271
G0 F9000 X193.432 Y137.210
G1 F2100 X192.029 Y138.613 E1448.6072
G0 F9000 X192.605 Y138.603
G1 F2100 X194.008 Y137.200 E1448.6872
G0 F9000 X194.583 Y137.190
G1 F2100 X193.181 Y138.592 E1448.7671
G0 F9000 X193.757 Y138.583
G1 F2100 X195.159 Y137.180 E1448.8471
G1 F2400 E1448.3471
G0 F9000 X195.772 Y137.133
G1 F1500 E1448.8471
G1 F2100 X194.332 Y138.573 E1448.9293
G0 F9000 X194.908 Y138.563
G1 F2100 X196.653 Y136.818 E1449.0288
G1 F2400 E1448.5288
G0 F9000 X196.995 Y138.172
G1 F1500 E1449.0288
G1 F2100 X199.177 Y135.991 E1449.1532
G1 F2400 E1448.6532
G0 F9000 X199.880 Y134.722
G1 F1500 E1449.1532
G1 F2100 X196.146 Y138.456 E1449.3661
G1 F2400 E1448.8661
G0 F9000 X195.494 Y138.542
G1 F1500 E1449.3661
G1 F2100 X200.584 Y133.452 E1449.6564
G1 F2400 E1449.1564
G0 F9000 X201.288 Y132.183
G1 F1500 E1449.6564
G1 F2100 X197.697 Y135.773 E1449.8612
G0 F9000 X197.598 Y135.307
G1 F2100 X201.992 Y130.913 E1450.1118
G1 F2400 E1449.6118
G0 F9000 X202.695 Y129.644
G1 F1500 E1450.1118
G1 F2100 X197.386 Y134.953 E1450.4146
G0 F9000 X197.173 Y134.600
G1 F2100 X203.314 Y128.460 E1450.7648
G1 F2400 E1450.2648
G0 F9000 X203.570 Y127.638
G1 F1500 E1450.7648
G1 F2100 X196.961 Y134.247 E1451.1417
G0 F9000 X196.749 Y133.893
G1 F2100 X203.643 Y126.999 E1451.5349
G0 F9000 X203.634 Y126.443
G1 F2100 X196.537 Y133.539 E1451.9396
G0 F9000 X196.325 Y133.186
G1 F2100 X203.552 Y125.959 E1452.3518
G0 F9000 X203.428 Y125.517
G1 F2100 X196.112 Y132.833 E1452.7691
G0 F9000 X195.900 Y132.479
G1 F2100 X203.271 Y125.108 E1453.1894
G0 F9000 X203.083 Y124.731
G1 F2100 X195.688 Y132.126 E1453.6112
G0 F9000 X195.476 Y131.772
G1 F2100 X202.874 Y124.374 E1454.0331
G0 F9000 X202.662 Y124.020
G1 F2100 X195.264 Y131.419 E1454.4551
G0 F9000 X195.051 Y131.066
G1 F2100 X202.449 Y123.668 E1454.8770
G0 F9000 X202.237 Y123.314
G1 F2100 X194.839 Y130.712 E1455.2989
G0 F9000 X194.626 Y130.359
G1 F2100 X202.025 Y122.960 E1455.7209
G0 F9000 X201.812 Y122.608
G1 F2100 X194.414 Y130.005 E1456.1428
G0 F9000 X194.202 Y129.652
G1 F2100 X201.600 Y122.254 E1456.5647
G0 F9000 X201.388 Y121.900
G1 F2100 X193.989 Y129.299 E1456.9867
G0 F9000 X193.777 Y128.945
G1 F2100 X201.176 Y121.547 E1457.4087
G0 F9000 X200.963 Y121.194
G1 F2100 X193.565 Y128.592 E1457.8306
G0 F9000 X193.353 Y128.238
G1 F2100 X200.751 Y120.841 E1458.2525
G0 F9000 X200.539 Y120.487
G1 F2100 X193.141 Y127.885 E1458.6744
G1 F2400 E1458.1744
G0 F9000 X191.856 Y128.604
G1 F1500 E1458.6744
G1 F2100 X200.326 Y120.133 E1459.1575
G0 F9000 X200.114 Y119.781
G1 F2100 X190.440 Y129.454 E1459.7092
G1 F2400 E1459.2092
G0 F9000 X189.023 Y130.305
G1 F1500 E1459.7092
G1 F2100 X199.901 Y119.427 E1460.3296
G0 F9000 X199.689 Y119.073
G1 F2100 X187.607 Y131.156 E1461.0187
G1 F2400 E1460.5187
G0 F9000 X175.608 Y137.498
G1 F1500 E1461.0187
G1 F2100 X174.181 Y138.925 E1461.1001
G0 F9000 X173.605 Y138.935
G1 F2100 X175.032 Y137.508 E1461.1815
G1 F2400 E1460.6815
G0 F9000 X163.830 Y132.305
G1 F1500 E1461.1815
G1 F2100 X184.088 Y112.048 E1462.3368
G0 F9000 X183.876 Y111.694
G1 F2100 X163.618 Y131.952 E1463.4922
G0 F9000 X163.406 Y131.598
G1 F2100 X183.663 Y111.341 E1464.6475
G0 F9000 X183.451 Y110.988
G1 F2100 X163.193 Y131.245 E1465.8028
G0 F9000 X162.981 Y130.891
G1 F2100 X165.385 Y128.488 E1465.9399
G0 F9000 X165.021 Y128.286
G1 F2100 X162.768 Y130.538 E1466.0683
G0 F9000 X162.556 Y130.185
G1 F2100 X164.656 Y128.085 E1466.1881
G0 F9000 X164.292 Y127.883
G1 F2100 X162.344 Y129.831 E1466.2992
G0 F9000 X162.138 Y129.471
G1 F2100 X164.457 Y127.153 E1466.4314
G0 F9000 X164.366 Y126.678
G1 F2100 X161.949 Y129.095 E1466.5693
G0 F9000 X161.800 Y128.679
G1 F2100 X164.144 Y126.335 E1466.7030
G0 F9000 X164.038 Y125.875
G1 F2100 X161.683 Y128.230 E1466.8373
G0 F9000 X161.611 Y127.736
G1 F2100 X164.181 Y125.167 E1466.9838
G1 F2400 E1466.4838
G0 F9000 X164.854 Y124.493
G1 F1500 E1466.9838
G1 F2100 X171.608 Y117.739 E1467.3690
G0 F9000 X171.141 Y117.641
G1 F2100 X161.603 Y127.178 E1467.9130
G1 F2400 E1467.4130
G0 F9000 X161.694 Y126.521
G1 F1500 E1467.9130
G1 F2100 X170.784 Y117.432 E1468.4314
G0 F9000 X170.506 Y117.144
G1 F2100 X161.997 Y125.653 E1468.9166
G1 F2400 E1468.4166
G0 F9000 X162.645 Y124.439
G1 F1500 E1468.9166
G1 F2100 X170.323 Y116.761 E1469.3545
G0 F9000 X170.257 Y116.262
G1 F2100 X163.349 Y123.170 E1469.7485
G1 F2400 E1469.2485
G0 F9000 X164.002 Y121.951
G1 F1500 E1469.7485
G1 F2100 X171.620 Y114.333 E1470.1830
G1 F2400 E1469.6830
G0 F9000 X171.853 Y113.534
G1 F1500 E1470.1830
G1 F2100 X164.706 Y120.681 E1470.5906
G1 F2400 E1470.0906
G0 F9000 X165.409 Y119.412
G1 F1500 E1470.5906
G1 F2100 X171.489 Y113.332 E1470.9374
G0 F9000 X171.125 Y113.131
G1 F2100 X166.113 Y118.143 E1471.2232
G1 F2400 E1470.7232
G0 F9000 X166.817 Y116.874
G1 F1500 E1471.2232
G1 F2100 X170.761 Y112.929 E1471.4482
G0 F9000 X170.397 Y112.728
G1 F2100 X167.570 Y115.554 E1471.6094
G1 F2400 E1471.1094
G0 F9000 X168.274 Y114.285
G1 F1500 E1471.6094
G1 F2100 X170.033 Y112.526 E1471.7097
G0 F9000 X169.669 Y112.324
G1 F2100 X168.978 Y113.016 E1471.7491
G1 F2400 E1471.2491
G0 F9000 X170.963 Y114.551
G0 X173.236 Y116.676
G1 F1500 E1471.7491
G1 F2100 X181.752 Y108.161 E1472.2348
G0 F9000 X181.965 Y108.514
G1 F2100 X165.993 Y124.486 E1473.1457
G0 F9000 X166.344 Y124.701
G1 F2100 X182.177 Y108.867 E1474.0487
G0 F9000 X182.389 Y109.221
G1 F2100 X166.609 Y125.000 E1474.9487
G0 F9000 X166.798 Y125.377
G1 F2100 X182.601 Y109.574 E1475.8499
G0 F9000 X182.813 Y109.928
G1 F2100 X166.846 Y125.895 E1476.7606
G1 F2400 E1476.2606
G0 F9000 X166.451 Y126.856
G1 F1500 E1476.7606
G1 F2100 X183.026 Y110.281 E1477.7059
G0 F9000 X183.238 Y110.634
G1 F2100 X165.747 Y128.125 E1478.7034
G1 F2400 E1478.2034
G0 F9000 X164.423 Y125.833
G0 X164.757 Y125.276
G0 X165.526 Y124.387
G1 F1500 E1478.7034
G1 F2100 X172.354 Y117.559 E1479.0929
G1 F2400 E1478.5929
G0 F9000 X174.581 Y114.766
G1 F1500 E1479.0929
G1 F2100 X181.540 Y107.807 E1479.4897
G0 F9000 X181.328 Y107.454
G1 F2100 X175.198 Y113.583 E1479.8393
G0 F9000 X174.834 Y113.382
G1 F2100 X181.116 Y107.100 E1480.1976
G0 F9000 X180.903 Y106.747
G1 F2100 X174.721 Y112.929 E1480.5502
G1 F2400 E1480.0502
G0 F9000 X175.424 Y111.660
G1 F1500 E1480.5502
G1 F2100 X180.691 Y106.394 E1480.8505
G0 F9000 X180.479 Y106.040
G1 F2100 X176.127 Y110.392 E1481.0987
G1 F2400 E1480.5987
G0 F9000 X176.830 Y109.123
G1 F1500 E1481.0987
G1 F2100 X180.266 Y105.687 E1481.2947
G0 F9000 X180.054 Y105.333
G1 F2100 X177.533 Y107.854 E1481.4385
G1 F2400 E1480.9385
G0 F9000 X178.236 Y106.586
G1 F1500 E1481.4385
G1 F2100 X179.842 Y104.980 E1481.5301
G0 F9000 X179.629 Y104.627
G1 F2100 X178.745 Y105.510 E1481.5805
G0 F9000 X178.381 Y105.309
G1 F2100 X179.417 Y104.273 E1481.6395
G0 F9000 X179.205 Y103.919
G1 F2100 X178.017 Y105.107 E1481.7073
G0 F9000 X177.654 Y104.905
G1 F2100 X178.993 Y103.566 E1481.7837
G0 F9000 X178.780 Y103.213
G1 F2100 X177.290 Y104.704 E1481.8687
G1 F2400 E1481.3687
G0 F9000 X179.245 Y103.597
;TYPE:SOLID-FILL
;WIDTH:0.400
G1 F1500 E1481.8687
G1 F3600 X179.146 Y103.412 E1481.8859
G1 X179.465 Y103.943 E1481.9030
G1 X179.677 Y104.296 E1481.9201
G1 X179.889 Y104.649 E1481.9372
G1 X180.101 Y105.003 E1481.9544
G1 X180.313 Y105.356 E1481.9715
G1 X180.526 Y105.709 E1481.9886
G1 X180.738 Y106.063 E1482.0058
G1 X180.950 Y106.416 E1482.0229
G1 X181.163 Y106.770 E1482.0400
G1 X181.375 Y107.123 E1482.0572
G1 X181.587 Y107.476 E1482.0743
G1 X181.799 Y107.830 E1482.0914
G1 X182.012 Y108.183 E1482.1086
G1 X182.224 Y108.537 E1482.1257
G1 X182.437 Y108.890 E1482.1429
G1 X182.649 Y109.243 E1482.1600
G1 X182.861 Y109.597 E1482.1772
G1 X183.073 Y109.950 E1482.1943
G1 X183.286 Y110.304 E1482.2114
G1 X183.498 Y110.657 E1482.2285
G1 X183.719 Y111.003 E1482.2456
G0 F9000 X183.703 Y111.018
G1 F3600 X183.915 Y111.372 E1482.2627
G1 X184.049 Y111.238 E1482.2706
G1 X185.467 Y110.386 E1482.3394
G1 X184.127 Y111.725 E1482.4182
G1 X184.158 Y111.778 E1482.4207
G1 X185.365 Y111.053 E1482.4793
G1 X186.885 Y109.533 E1482.5686
G1 X188.303 Y108.681 E1482.6374
G1 X186.782 Y110.202 E1482.7268
G1 X188.198 Y109.351 E1482.7955
G1 X188.999 Y108.550 E1482.8426
G0 F9000 X188.787 Y108.197
G1 F3600 X188.567 Y107.850 E1482.8597
G1 X188.355 Y107.497 E1482.8769
G1 X188.143 Y107.143 E1482.8940
G1 X187.931 Y106.790 E1482.9111
G1 X187.719 Y106.437 E1482.9282
G1 X187.506 Y106.083 E1482.9454
G1 X187.294 Y105.730 E1482.9625
G1 X187.082 Y105.376 E1482.9797
G1 X186.869 Y105.023 E1482.9968
G1 X186.657 Y104.670 E1483.0139
G1 X186.445 Y104.316 E1483.0310
G1 X186.232 Y103.963 E1483.0481
G1 X186.020 Y103.610 E1483.0652
G1 X185.808 Y103.256 E1483.0824
G1 X185.558 Y102.841 E1483.0995
G1 X185.148 Y102.784 E1483.1152
G1 X184.573 Y102.794 E1483.1391
G1 X183.997 Y102.804 E1483.1631
G1 X183.421 Y102.814 E1483.1870
G1 X182.845 Y102.824 E1483.2110
G1 X182.270 Y102.834 E1483.2349
G1 X181.694 Y102.844 E1483.2588
G1 X181.118 Y102.854 E1483.2828
G1 X180.542 Y102.865 E1483.3067
G1 X179.967 Y102.874 E1483.3307
G1 X179.391 Y102.884 E1483.3546
G1 X178.826 Y102.884 E1483.3781
G1 F2400 E1482.8781
G0 F9000 X178.333 Y105.178
G0 X174.870 Y113.629
G1 F1500 E1483.3781
G1 F3600 X174.956 Y113.677 E1483.3822
G1 X174.419 Y114.645 E1483.4282
G1 F2400 E1482.9282
G0 F9000 X176.036 Y121.514
G1 F1500 E1483.4282
G1 F3600 X176.392 Y121.723 E1483.4455
G1 X176.756 Y121.924 E1483.4627
G1 X177.120 Y122.126 E1483.4801
G1 X177.484 Y122.328 E1483.4973
G1 X177.848 Y122.530 E1483.5146
G1 X178.212 Y122.731 E1483.5319
G1 X178.576 Y122.933 E1483.5492
G1 X178.940 Y123.135 E1483.5665
G1 X179.304 Y123.336 E1483.5838
G1 X179.667 Y123.539 E1483.6011
G1 X180.031 Y123.740 E1483.6184
G1 X180.396 Y123.942 E1483.6357
G1 X180.759 Y124.144 E1483.6530
G1 X181.116 Y124.353 E1483.6702
G0 F9000 X181.131 Y124.338
G1 F3600 X181.202 Y124.377 E1483.6735
G1 X180.635 Y125.400 E1483.7222
G0 F9000 X180.584 Y125.451
G1 F3600 X179.880 Y126.720 E1483.7825
G0 F9000 X179.931 Y126.670
G1 F3600 X179.227 Y127.939 E1483.8428
G0 F9000 X179.148 Y128.018
G1 F3600 X178.777 Y127.823 E1483.8601
G1 X178.412 Y127.622 E1483.8774
G1 X178.048 Y127.420 E1483.8948
G1 X177.685 Y127.218 E1483.9120
G1 X177.321 Y127.016 E1483.9293
G1 X176.957 Y126.815 E1483.9466
G1 X176.593 Y126.613 E1483.9639
G1 X176.229 Y126.411 E1483.9811
G1 X175.865 Y126.209 E1483.9985
G1 X175.501 Y126.008 E1484.0157
G1 X175.137 Y125.806 E1484.0330
G1 X174.773 Y125.604 E1484.0503
G1 X174.409 Y125.403 E1484.0676
G1 X174.038 Y125.208 E1484.0850
G0 F9000 X174.054 Y125.193
G1 F3600 X173.770 Y125.036 E1484.0985
G1 X173.927 Y124.754 E1484.1119
G0 F9000 X173.875 Y124.806
G1 F3600 X174.579 Y123.536 E1484.1723
G0 F9000 X174.629 Y123.486
G1 F3600 X175.332 Y122.217 E1484.2326
G1 F2400 E1483.7326
G0 F9000 X186.849 Y121.449
G1 F1500 E1484.2326
G1 F3600 X187.219 Y121.644 E1484.2499
G1 X187.582 Y121.847 E1484.2672
G1 X187.945 Y122.049 E1484.2844
G1 X188.307 Y122.253 E1484.3017
G1 X188.670 Y122.455 E1484.3190
G1 X189.040 Y122.651 E1484.3364
G0 F9000 X189.025 Y122.666
G1 F3600 X189.356 Y122.851 E1484.3522
G1 X189.380 Y122.877 E1484.3536
G0 F9000 X189.394 Y122.864
G1 F3600 X189.590 Y123.074 E1484.3656
G1 X189.648 Y123.175 E1484.3704
G0 F9000 X189.634 Y123.190
G1 F3600 X189.675 Y123.262 E1484.3739
G1 X189.766 Y123.579 E1484.3876
G1 X189.765 Y123.624 E1484.3894
G0 F9000 X189.781 Y123.608
G1 F3600 X189.776 Y123.926 E1484.4027
G1 X189.664 Y124.228 E1484.4161
G1 X189.586 Y124.368 E1484.4227
G0 F9000 X189.537 Y124.417
G1 F3600 X188.834 Y125.686 E1484.4830
G0 F9000 X188.883 Y125.637
G1 F3600 X188.181 Y126.905 E1484.5433
G0 F9000 X188.131 Y126.955
G1 F3600 X187.427 Y128.224 E1484.6036
G0 F9000 X187.478 Y128.173
G1 F3600 X187.041 Y128.962 E1484.6411
G1 X187.179 Y129.038 E1484.6477
G0 F9000 X187.164 Y129.054
G1 F3600 X187.528 Y129.255 E1484.6650
G0 F9000 X187.764 Y129.019
G1 F3600 X188.468 Y127.749 E1484.7253
G0 F9000 X188.519 Y127.698
G1 F3600 X189.223 Y126.429 E1484.7857
G0 F9000 X189.172 Y126.480
G1 F3600 X189.876 Y125.210 E1484.8460
G0 F9000 X189.926 Y125.160
G1 F3600 X190.333 Y124.426 E1484.8809
G1 X190.442 Y124.186 E1484.8919
G1 X190.483 Y124.037 E1484.8983
G0 F9000 X190.457 Y124.064
G1 F3600 X190.491 Y123.939 E1484.9037
G1 X190.519 Y123.690 E1484.9141
G1 X190.509 Y123.445 E1484.9243
G0 F9000 X190.527 Y123.428
G1 F3600 X190.478 Y123.194 E1484.9343
G1 X190.400 Y122.989 E1484.9434
G0 F9000 X190.384 Y123.004
G1 F3600 X190.370 Y122.967 E1484.9450
G1 X190.251 Y122.756 E1484.9551
G1 X190.170 Y122.653 E1484.9605
G0 F9000 X190.184 Y122.639
G1 F3600 X190.112 Y122.549 E1484.9653
G1 X189.929 Y122.379 E1484.9757
G1 X189.898 Y122.359 E1484.9772
G0 F9000 X189.884 Y122.374
G1 F3600 X189.692 Y122.248 E1484.9868
G1 X189.532 Y122.159 E1484.9944
G0 F9000 X189.547 Y122.144
G1 F3600 X189.534 Y122.137 E1484.9950
G1 X189.184 Y121.942 E1485.0117
G0 F9000 X189.169 Y121.957
G1 F3600 X188.812 Y121.748 E1485.0289
G1 X188.448 Y121.545 E1485.0462
G1 X188.084 Y121.344 E1485.0635
G1 X187.721 Y121.142 E1485.0808
G1 X187.350 Y120.948 E1485.0982
G1 F2400 E1484.5982
G0 F9000 X187.241 Y112.005
G1 F1500 E1485.0982
G1 F3600 X187.061 Y112.186 E1485.1088
G1 X187.273 Y112.539 E1485.1259
G1 X187.454 Y112.359 E1485.1366
G1 X187.666 Y112.712 E1485.1537
G1 X187.485 Y112.893 E1485.1643
G1 X187.697 Y113.246 E1485.1814
G1 X187.878 Y113.065 E1485.1921
G1 X188.091 Y113.419 E1485.2093
G1 X187.910 Y113.600 E1485.2199
G1 X188.122 Y113.953 E1485.2370
G1 X188.303 Y113.772 E1485.2477
G1 X188.515 Y114.126 E1485.2648
G1 X188.335 Y114.306 E1485.2754
G1 X188.547 Y114.660 E1485.2925
G1 X188.728 Y114.479 E1485.3032
G1 X188.940 Y114.832 E1485.3203
G1 X188.759 Y115.013 E1485.3310
G1 X188.971 Y115.367 E1485.3481
G1 X189.152 Y115.186 E1485.3588
G1 X189.365 Y115.539 E1485.3759
G1 X189.184 Y115.720 E1485.3865
G1 X189.396 Y116.073 E1485.4037
G1 X189.577 Y115.892 E1485.4143
G1 X189.774 Y116.220 E1485.4302
G1 X189.877 Y116.157 E1485.4352
G1 X189.818 Y116.217 E1485.4387
G1 X191.234 Y115.366 E1485.5074
G1 X191.295 Y115.305 E1485.5110
G1 X192.713 Y114.453 E1485.5798
G1 X192.651 Y114.515 E1485.5834
G1 X194.067 Y113.665 E1485.6521
G1 X194.130 Y113.602 E1485.6558
G0 F9000 X194.390 Y113.342
G1 F3600 X194.183 Y112.983 E1485.6729
G1 X193.971 Y112.630 E1485.6900
G1 X193.758 Y112.276 E1485.7072
G1 X193.546 Y111.924 E1485.7243
G1 X193.333 Y111.570 E1485.7415
G1 X193.121 Y111.216 E1485.7586
G1 X192.908 Y110.864 E1485.7757
G1 X192.696 Y110.510 E1485.7929
G1 X192.484 Y110.156 E1485.8100
G1 X192.271 Y109.804 E1485.8271
G1 X192.059 Y109.450 E1485.8443
G1 X191.853 Y109.091 E1485.8615
G0 F9000 X191.776 Y108.996
G1 F3600 X190.787 Y109.591 E1485.9095
G1 X190.846 Y109.532 E1485.9129
G1 X189.429 Y110.383 E1485.9816
G1 X189.370 Y110.443 E1485.9851
G1 X187.952 Y111.295 E1486.0539
G1 X188.012 Y111.234 E1486.0575
G1 F2400 E1485.5575
G0 F9000 X193.313 Y128.561
G1 F1500 E1486.0575
G1 F3600 X193.100 Y128.208 E1486.0746
G1 X192.277 Y129.031 E1486.1230
G1 X190.860 Y129.883 E1486.1918
G1 X191.980 Y128.762 E1486.2576
G1 X190.564 Y129.613 E1486.3263
G1 X189.442 Y130.735 E1486.3923
G1 X188.023 Y131.588 E1486.4611
G1 X189.148 Y130.463 E1486.5273
G1 X187.732 Y131.313 E1486.5959
G1 X186.606 Y132.440 E1486.6622
G0 F9000 X186.316 Y132.163
G1 F3600 X185.299 Y133.181 E1486.7220
G1 X185.512 Y133.534 E1486.7391
G0 F9000 X185.521 Y133.525
G1 F3600 X185.728 Y133.882 E1486.7562
G1 X185.940 Y134.236 E1486.7734
G1 X186.153 Y134.589 E1486.7905
G1 X186.365 Y134.942 E1486.8076
G1 X186.577 Y135.296 E1486.8248
G1 X186.789 Y135.649 E1486.8419
G1 X187.002 Y136.003 E1486.8591
G1 X187.214 Y136.356 E1486.8762
G1 X187.427 Y136.709 E1486.8933
G1 X187.635 Y137.067 E1486.9105
G0 F9000 X187.644 Y137.059
G1 F3600 X187.666 Y137.095 E1486.9123
G1 X188.182 Y137.086 E1486.9337
G0 F9000 X188.166 Y137.103
G1 F3600 X188.749 Y137.084 E1486.9576
G1 X189.325 Y137.074 E1486.9816
G1 X189.901 Y137.063 E1487.0055
G1 X190.477 Y137.053 E1487.0295
G1 X191.052 Y137.043 E1487.0534
G1 X191.628 Y137.033 E1487.0774
G1 X192.204 Y137.023 E1487.1013
G1 X192.780 Y137.013 E1487.1253
G1 X193.356 Y137.003 E1487.1491
G1 X193.932 Y136.993 E1487.1731
G1 X194.507 Y136.983 E1487.1970
G1 X195.092 Y136.964 E1487.2213
G0 F9000 X195.075 Y136.982
G1 F3600 X195.314 Y136.977 E1487.2313
G1 X195.680 Y136.942 E1487.2466
G0 F9000 X195.698 Y136.924
G1 F3600 X195.730 Y136.922 E1487.2479
G1 X196.169 Y136.801 E1487.2668
G1 X196.494 Y136.660 E1487.2816
G1 X196.585 Y136.603 E1487.2860
G1 X196.527 Y136.661 E1487.2894
G1 F2400 E1486.7894
G0 F9000 X197.535 Y135.652
G1 F1500 E1487.2894
G1 F3600 X197.553 Y135.620 E1487.2910
G1 X197.346 Y135.276 E1487.3076
G0 F9000 X197.332 Y135.290
G1 F3600 X197.127 Y134.930 E1487.3247
G1 X196.914 Y134.577 E1487.3419
G1 X196.702 Y134.223 E1487.3590
G1 X196.490 Y133.870 E1487.3762
G1 X196.277 Y133.516 E1487.3933
G1 X196.065 Y133.162 E1487.4105
G1 X195.852 Y132.810 E1487.4276
G1 X195.640 Y132.456 E1487.4447
G1 X195.428 Y132.103 E1487.4619
G1 X195.216 Y131.749 E1487.4790
G1 X195.003 Y131.395 E1487.4962
G1 X194.791 Y131.042 E1487.5133
G1 X194.579 Y130.689 E1487.5304
G1 X194.367 Y130.335 E1487.5476
G1 X194.154 Y129.982 E1487.5647
G1 X193.942 Y129.628 E1487.5818
G1 X193.730 Y129.275 E1487.5990
G1 X193.518 Y128.922 E1487.6161
G1 X193.298 Y128.576 E1487.6331
G1 F2400 E1487.1331
G0 F9000 X176.344 Y135.913
G1 F1500 E1487.6331
G1 F3600 X176.576 Y136.042 E1487.6442
G1 X176.320 Y136.503 E1487.6661
G0 F9000 X176.329 Y135.929
G1 F3600 X175.973 Y135.719 E1487.6834
G1 X175.609 Y135.517 E1487.7007
G1 X175.245 Y135.315 E1487.7180
G1 X174.881 Y135.113 E1487.7352
G1 X174.517 Y134.912 E1487.7525
G1 X174.153 Y134.709 E1487.7699
G1 X173.789 Y134.508 E1487.7871
G1 X173.425 Y134.306 E1487.8044
G1 X173.062 Y134.104 E1487.8217
G1 X172.697 Y133.903 E1487.8390
G1 X172.333 Y133.701 E1487.8563
G1 X171.970 Y133.499 E1487.8736
G1 X171.606 Y133.297 E1487.8909
G1 X171.250 Y133.088 E1487.9081
G0 F9000 X171.021 Y133.317
G1 F3600 X170.317 Y134.586 E1487.9684
G0 F9000 X170.266 Y134.638
G1 F3600 X169.562 Y135.907 E1488.0287
G0 F9000 X169.615 Y135.855
G1 F3600 X168.956 Y137.044 E1488.0852
G1 X168.981 Y137.054 E1488.0864
G0 F9000 X168.970 Y137.064
G1 F3600 X169.012 Y137.091 E1488.0884
G1 X169.361 Y137.239 E1488.1042
G0 F9000 X169.378 Y137.223
G1 F3600 X169.419 Y137.241 E1488.1061
G1 X169.827 Y137.339 E1488.1235
G0 F9000 X169.810 Y137.356
G1 F3600 X169.832 Y137.361 E1488.1244
G1 X170.292 Y137.392 E1488.1436
G1 X170.341 Y137.391 E1488.1456
G0 F9000 X170.361 Y137.371
G1 F3600 X170.927 Y137.370 E1488.1696
G1 X171.502 Y137.360 E1488.1935
G1 X172.078 Y137.350 E1488.2174
G1 X172.654 Y137.340 E1488.2414
G1 X173.230 Y137.330 E1488.2653
G1 X173.806 Y137.319 E1488.2893
G1 X174.382 Y137.309 E1488.3133
G1 X174.958 Y137.299 E1488.3372
G1 X175.544 Y137.279 E1488.3616
G1 F2400 E1487.8616
G0 F9000 X165.363 Y128.226
G1 F1500 E1488.3616
G1 F3600 X164.992 Y128.032 E1488.3789
G1 X164.621 Y127.837 E1488.3963
G0 F9000 X164.637 Y127.822
G1 F3600 X164.407 Y127.695 E1488.4072
G1 X164.666 Y127.226 E1488.4295
G1 F2400 E1487.9295
G0 F9000 X165.373 Y127.934
;TYPE:SOLID-FILL
;WIDTH:0.400
G1 F1500 E1488.4295
G1 F3000 X166.450 Y126.857 E1488.4928
G1 F2400 E1487.9928
G0 F9000 X165.747 Y128.126
G1 F1500 E1488.4928
G1 F3000 X165.384 Y128.489 E1488.5141
G1 F2400 E1488.0141
G0 F9000 X170.838 Y133.217
G1 F1500 E1488.5141
G1 F3000 X171.215 Y132.840 E1488.5363
G1 F2400 E1488.0363
G0 F9000 X175.607 Y137.499
G1 F1500 E1488.5363
G1 F3000 X176.483 Y136.623 E1488.5878
G1 F2400 E1488.0878
G0 F9000 X175.150 Y122.117
G1 F1500 E1488.5878
G1 F3000 X176.001 Y121.265 E1488.6379
G1 F2400 E1488.1379
G0 F9000 X172.900 Y117.013
G1 F1500 E1488.6379
G1 F3000 X173.236 Y116.677 E1488.6576
G0 F9000 X173.066 Y116.281
G1 F3000 X174.579 Y114.768 E1488.7466
G1 F2400 E1488.2466
G0 F9000 X174.525 Y113.690
G1 F1500 E1488.7466
G1 F3000 X174.835 Y113.381 E1488.7648
G0 F9000 X173.674 Y113.793
G0 X172.217 Y113.736
G1 F3000 X171.621 Y114.332 E1488.7998
G0 F9000 X171.993 Y114.525
G1 F3000 X171.568 Y114.951 E1488.8249
G1 F2400 E1488.3249
G0 F9000 X169.524 Y111.741
G0 X174.121 Y103.448
G0 X178.781 Y103.212
G1 F1500 E1488.8249
G1 F3000 X178.735 Y102.975 E1488.8319
G1 X178.741 Y102.686 E1488.8439
G1 F2400 E1488.3439
G0 F9000 X188.858 Y108.409
G1 F1500 E1488.8439
G1 F3000 X189.146 Y108.404 E1488.8546
G1 X189.141 Y108.692 E1488.8665
G1 F2400 E1488.3665
G0 F9000 X187.677 Y111.287
G1 F1500 E1488.8665
G1 F3000 X187.099 Y111.864 E1488.9005
G1 F2400 E1488.4005
G0 F9000 X194.271 Y113.744
G1 F1500 E1488.9005
G1 F3000 X194.653 Y113.362 E1488.9229
G1 F2400 E1488.4229
G0 F9000 X187.329 Y120.686
G1 F1500 E1488.9229
G1 F3000 X186.521 Y121.494 E1488.9705
G1 F2400 E1488.4705
G0 F9000 X187.194 Y124.036
G0 X187.946 Y129.120
G1 F1500 E1488.9705
G1 F3000 X187.562 Y129.503 E1488.9930
G1 F2400 E1488.4930
G0 F9000 X196.860 Y136.610
G1 F1500 E1488.9930
G1 F3000 X197.697 Y135.773 E1489.0422
G1 F2400 E1488.5422
G0 F9000 X196.583 Y134.396
;TYPE:FILL
;WIDTH:0.400
G1 F1500 E1489.0422
G1 F5400 X194.178 Y136.801 E1489.1836
G0 F9000 X193.702 Y136.808
G1 F5400 X188.441 Y131.547 E1489.4929
G1 F2400 E1488.9929
G0 F9000 X187.633 Y132.032
G1 F1500 E1489.4929
G1 F5400 X185.885 Y133.780 E1489.5957
G1 F2400 E1489.0957
G0 F9000 X187.254 Y123.905
G0 X187.030 Y121.321
G1 F1500 E1489.5957
G1 F5400 X187.252 Y121.099 E1489.6088
G1 F2400 E1489.1088
G0 F9000 X171.846 Y114.952
G1 F1500 E1489.6088
G1 F5400 X171.774 Y114.880 E1489.6130
G0 F9000 X169.524 Y111.741
G0 X174.121 Y103.448
G0 X180.473 Y105.251
G1 F5400 X182.707 Y103.016 E1489.7444
G0 F9000 X182.541 Y103.020
G1 F5400 X188.108 Y108.587 E1490.0717
G1 F2400 E1489.5717
G0 F9000 X189.872 Y110.351
G1 F1500 E1490.0717
G1 F5400 X193.370 Y113.849 E1490.2774
G1 F2400 E1489.7774
G0 F9000 X173.685 Y134.667
G1 F1500 E1490.2774
G1 F5400 X171.174 Y137.177 E1490.4250
G0 F9000 X171.438 Y137.171
G1 F5400 X169.927 Y135.661 E1490.5138
;PRINTING_TIME: 1090
;REMAINING_TIME: 397
;LAYER:6
;Z:3.420
;HEIGHT:0.250
;PRINTING: top_cover.stl
;PRINTING_ID: 0
G1 F2400 E1490.0138
G0 F900 Z3.420
G0 F9000 X169.927 Y135.661
G0 X171.037 Y132.855
G0 X171.077 Y132.764
;TYPE:WALL-OUTER
;WIDTH:0.400
G1 F1500 E1490.5138
G1 F3000 X176.849 Y135.964 E1490.7882
G1 X176.002 Y137.492 E1490.8608
G1 X170.283 Y137.592 E1491.0986
G1 X169.807 Y137.561 E1491.1184
G1 X169.351 Y137.451 E1491.1379
G1 X168.920 Y137.268 E1491.1574
G1 X168.669 Y137.109 E1491.1698
G1 X171.077 Y132.764 E1491.3763
G0 F3600 X171.251 Y132.860
G1 F2400 E1490.8763
G0 F9000 X171.202 Y132.947
G0 X169.765 Y135.499
;TYPE:FILL
;WIDTH:0.400
G1 F1500 E1491.3763
G1 F5400 X171.654 Y137.388 E1491.4874
G1 F2400 E1490.9874
G0 F9000 X170.951 Y137.400
G1 F1500 E1491.4874
G1 F5400 X173.847 Y134.505 E1491.6576
G1 F2400 E1491.1576
G0 F9000 X173.744 Y103.180
;TYPE:WALL-OUTER
;WIDTH:0.400
G1 F1500 E1491.6576
G1 F3000 X174.142 Y102.574 E1491.6878
G1 X174.621 Y102.041 E1491.7175
G1 X175.174 Y101.584 E1491.7474
G1 X175.789 Y101.214 E1491.7772
G1 X176.451 Y100.941 E1491.8070
G1 X177.148 Y100.769 E1491.8368
G1 X177.870 Y100.702 E1491.8670
G1 X186.454 Y100.552 E1492.2239
G1 X187.178 Y100.594 E1492.2541
G1 X187.879 Y100.741 E1492.2838
G1 X188.551 Y100.991 E1492.3136
G1 X189.179 Y101.339 E1492.3435
G1 X189.747 Y101.776 E1492.3733
G1 X190.244 Y102.294 E1492.4031
G1 X190.663 Y102.885 E1492.4333
G1 X203.564 Y124.355 E1493.4746
G1 X203.890 Y125.002 E1493.5047
G1 X204.112 Y125.684 E1493.5346
G1 X204.232 Y126.392 E1493.5644
G1 X204.245 Y127.108 E1493.5942
G1 X204.150 Y127.820 E1493.6241
G1 X203.950 Y128.509 E1493.6539
G1 X203.647 Y129.167 E1493.6840
G1 X199.486 Y136.675 E1494.0409
G1 X199.087 Y137.282 E1494.0711
G1 X198.609 Y137.816 E1494.1009
G1 X198.056 Y138.273 E1494.1307
G1 X197.441 Y138.642 E1494.1605
G1 X196.777 Y138.916 E1494.1904
G1 X196.082 Y139.088 E1494.2202
G1 X195.360 Y139.154 E1494.2503
G1 X170.317 Y139.592 E1495.2916
G1 X169.593 Y139.550 E1495.3218
G1 X168.891 Y139.402 E1495.3516
G1 X168.219 Y139.153 E1495.3814
G1 X167.591 Y138.804 E1495.4113
G1 X167.023 Y138.368 E1495.4410
G1 X166.526 Y137.850 E1495.4709
G1 X166.107 Y137.259 E1495.5010
G1 X161.685 Y129.899 E1495.8580
G1 X161.359 Y129.252 E1495.8881
G1 X161.136 Y128.570 E1495.9179
G1 X161.017 Y127.864 E1495.9477
G1 X161.004 Y127.146 E1495.9775
G1 X161.099 Y126.435 E1496.0074
G1 X161.298 Y125.746 E1496.0372
G1 X161.602 Y125.087 E1496.0674
G1 X162.951 Y122.652 E1496.1831
G1 X163.477 Y122.942 E1496.2081
G1 X162.118 Y125.392 E1496.3245
G1 X161.860 Y125.955 E1496.3503
G1 X161.685 Y126.558 E1496.3764
G1 X161.603 Y127.181 E1496.4025
G1 X161.613 Y127.807 E1496.4286
G1 X161.717 Y128.427 E1496.4547
G1 X161.914 Y129.024 E1496.4808
G1 X162.192 Y129.578 E1496.5066
G1 X166.629 Y136.962 E1496.8647
G1 X166.987 Y137.469 E1496.8906
G1 X167.422 Y137.921 E1496.9166
G1 X167.920 Y138.304 E1496.9428
G1 X168.469 Y138.608 E1496.9688
G1 X169.057 Y138.828 E1496.9949
G1 X169.672 Y138.957 E1497.0211
G1 X170.291 Y138.992 E1497.0468
G1 X170.862 Y138.983 E1497.0706
G1 X195.364 Y138.555 E1498.0894
G1 X195.982 Y138.497 E1498.1152
G1 X196.593 Y138.346 E1498.1414
G1 X197.233 Y138.071 E1498.1704
G1 X197.710 Y137.784 E1498.1935
G1 X198.194 Y137.384 E1498.2196
G1 X198.613 Y136.916 E1498.2457
G1 X198.953 Y136.397 E1498.2715
G1 X203.130 Y128.863 E1498.6297
G1 X203.389 Y128.300 E1498.6554
G1 X203.564 Y127.696 E1498.6816
G1 X203.646 Y127.074 E1498.7077
G1 X203.636 Y126.447 E1498.7337
G1 X203.531 Y125.827 E1498.7599
G1 X203.335 Y125.231 E1498.7859
G1 X203.057 Y124.677 E1498.8117
G1 X190.142 Y103.181 E1499.8543
G1 X189.783 Y102.675 E1499.8801
G1 X189.348 Y102.223 E1499.9062
G1 X188.850 Y101.839 E1499.9323
G1 X188.301 Y101.535 E1499.9584
G1 X187.713 Y101.316 E1499.9845
G1 X187.098 Y101.187 E1500.0106
G1 X186.479 Y101.152 E1500.0364
G1 X177.865 Y101.302 E1500.3946
G1 X177.248 Y101.359 E1500.4204
G1 X176.639 Y101.509 E1500.4464
G1 X176.058 Y101.749 E1500.4726
G1 X175.520 Y102.072 E1500.4987
G1 X175.036 Y102.472 E1500.5248
G1 X174.617 Y102.940 E1500.5509
G1 X174.277 Y103.459 E1500.5767
G1 X167.527 Y115.634 E1501.1554
G1 X167.002 Y115.344 E1501.1804
G1 X169.982 Y109.967 E1501.4360
G1 X170.286 Y109.592 E1501.4560
G1 X172.702 Y105.233 E1501.6632
G1 X172.859 Y104.777 E1501.6833
G1 X173.744 Y103.180 E1501.7592
G0 F3600 X173.853 Y103.013
G1 F2400 E1501.2592
G0 F9000 X173.936 Y103.068
G0 X176.577 Y101.319
G0 X187.768 Y101.124
G0 X189.708 Y102.310
;TYPE:SOLID-FILL
;WIDTH:0.400
G1 F1500 E1501.7592
G1 F3000 X190.650 Y103.252 E1501.8146
G1 F2400 E1501.3146
G0 F9000 X190.919 Y104.086
G1 F1500 E1501.8146
G1 F3000 X191.502 Y104.670 E1501.8489
G1 F2400 E1501.3489
G0 F9000 X191.770 Y105.503
G1 F1500 E1501.8489
G1 F3000 X192.354 Y106.087 E1501.8832
G1 F2400 E1501.3832
G0 F9000 X192.621 Y106.920
G1 F1500 E1501.8832
G1 F3000 X193.205 Y107.504 E1501.9176
G1 F2400 E1501.4176
G0 F9000 X193.472 Y108.337
G1 F1500 E1501.9176
G1 F3000 X194.057 Y108.922 E1501.9520
G1 F2400 E1501.4520
G0 F9000 X194.324 Y109.754
G1 F1500 E1501.9520
G1 F3000 X194.909 Y110.339 E1501.9864
G1 F2400 E1501.4864
G0 F9000 X195.174 Y111.170
G1 F1500 E1501.9864
G1 F3000 X195.760 Y111.756 E1502.0208
G1 F2400 E1501.5208
G0 F9000 X196.026 Y112.587
G1 F1500 E1502.0208
G1 F3000 X196.612 Y113.173 E1502.0553
G1 F2400 E1501.5553
G0 F9000 X196.876 Y114.003
G1 F1500 E1502.0553
G1 F3000 X197.463 Y114.590 E1502.0898
G1 F2400 E1501.5898
G0 F9000 X197.728 Y115.421
G1 F1500 E1502.0898
G1 F3000 X198.315 Y116.008 E1502.1243
G1 F2400 E1501.6243
G0 F9000 X198.579 Y116.838
G1 F1500 E1502.1243
G1 F3000 X199.167 Y117.425 E1502.1588
G1 F2400 E1501.6588
G0 F9000 X199.430 Y118.254
G1 F1500 E1502.1588
G1 F3000 X200.018 Y118.842 E1502.1934
G1 F2400 E1501.6934
G0 F9000 X200.281 Y119.671
G1 F1500 E1502.1934
G1 F3000 X200.870 Y120.260 E1502.2280
G1 F2400 E1501.7280
G0 F9000 X201.132 Y121.088
G1 F1500 E1502.2280
G1 F3000 X201.722 Y121.677 E1502.2627
G1 F2400 E1501.7627
G0 F9000 X201.983 Y122.504
G1 F1500 E1502.2627
G1 F3000 X202.573 Y123.094 E1502.2974
G1 F2400 E1501.7974
G0 F9000 X202.834 Y123.921
G1 F1500 E1502.2974
G1 F3000 X203.411 Y124.498 E1502.3313
G1 F2400 E1501.8313
G0 F9000 X203.527 Y125.180
G1 F1500 E1502.3313
G1 F3000 X203.798 Y125.734 E1502.3496
G1 X203.918 Y126.419 E1502.3637
G1 X203.935 Y127.002 E1502.3755
G1 X203.888 Y127.520 E1502.3859
G1 X203.789 Y127.987 E1502.3957
G1 X203.651 Y128.414 E1502.4051
G1 X203.481 Y128.811 E1502.4138
G1 X203.292 Y129.187 E1502.4226
G1 X203.090 Y129.551 E1502.4312
G1 X202.888 Y129.915 E1502.4399
G1 X202.686 Y130.279 E1502.4485
G1 X202.485 Y130.643 E1502.4572
G1 X202.283 Y131.006 E1502.4659
G1 X202.081 Y131.371 E1502.4745
G1 X201.880 Y131.734 E1502.4832
G1 X201.677 Y132.098 E1502.4919
G1 X201.476 Y132.462 E1502.5005
G1 X201.274 Y132.826 E1502.5092
G1 X201.073 Y133.190 E1502.5179
G1 X200.870 Y133.554 E1502.5266
G1 X200.669 Y133.918 E1502.5353
G1 X200.467 Y134.282 E1502.5439
G1 X200.265 Y134.646 E1502.5526
G1 X200.064 Y135.010 E1502.5613
G1 X199.862 Y135.374 E1502.5700
G1 X199.660 Y135.737 E1502.5787
G1 X199.458 Y136.101 E1502.5874
G1 X199.254 Y136.463 E1502.5961
G1 X199.109 Y136.883 E1502.6045
G1 X198.727 Y137.068 E1502.6129
G1 X198.609 Y137.515 E1502.6211
G1 X198.181 Y137.652 E1502.6294
G1 X198.005 Y138.043 E1502.6376
G1 X197.597 Y138.199 E1502.6460
G1 X197.229 Y138.397 E1502.6543
G1 X196.832 Y138.566 E1502.6633
G1 X196.400 Y138.700 E1502.6729
G1 X195.929 Y138.795 E1502.6824
G1 X195.413 Y138.845 E1502.6929
G1 X194.865 Y138.863 E1502.7043
G1 X194.309 Y138.872 E1502.7157
G1 X193.753 Y138.882 E1502.7271
G1 X193.197 Y138.892 E1502.7385
G1 X192.642 Y138.902 E1502.7499
G1 X192.085 Y138.911 E1502.7613
G1 X191.529 Y138.921 E1502.7727
G1 X190.974 Y138.931 E1502.7840
G1 X190.418 Y138.941 E1502.7954
G1 X189.862 Y138.950 E1502.8068
G1 X189.305 Y138.960 E1502.8183
G1 X188.750 Y138.969 E1502.8297
G1 X188.194 Y138.979 E1502.8411
G1 X187.638 Y138.989 E1502.8525
G1 X187.082 Y138.998 E1502.8640
G1 X186.526 Y139.008 E1502.8753
G1 X185.970 Y139.018 E1502.8867
G1 X185.414 Y139.028 E1502.8982
G1 X184.858 Y139.037 E1502.9096
G1 X184.302 Y139.047 E1502.9210
G1 X183.746 Y139.057 E1502.9324
G1 X183.190 Y139.066 E1502.9438
G1 X182.634 Y139.076 E1502.9552
G1 X182.078 Y139.086 E1502.9666
G1 X181.522 Y139.096 E1502.9780
G1 X180.966 Y139.105 E1502.9894
G1 X180.410 Y139.115 E1503.0008
G1 X179.854 Y139.125 E1503.0122
G1 X179.298 Y139.135 E1503.0235
G1 X178.742 Y139.144 E1503.0349
G1 X178.186 Y139.154 E1503.0463
G1 X177.630 Y139.164 E1503.0577
G1 X177.074 Y139.173 E1503.0691
G1 X176.518 Y139.183 E1503.0805
G1 X175.962 Y139.193 E1503.0919
G1 X175.407 Y139.203 E1503.1032
G1 X174.850 Y139.212 E1503.1146
G1 X174.295 Y139.222 E1503.1261
G1 X173.739 Y139.232 E1503.1375
G1 X173.183 Y139.242 E1503.1489
G1 X172.627 Y139.251 E1503.1603
G1 X172.071 Y139.261 E1503.1717
G1 X171.515 Y139.271 E1503.1831
G1 X170.959 Y139.281 E1503.1945
G1 X170.399 Y139.286 E1503.2060
G1 X169.809 Y139.262 E1503.2182
G1 X169.122 Y139.141 E1503.2330
G1 X168.551 Y138.853 E1503.2596
G1 F2400 E1502.7596
G0 F9000 X167.855 Y138.722
G1 F1500 E1503.2596
G1 F3000 X166.257 Y137.124 E1503.3536
G1 F2400 E1502.8536
G0 F9000 X165.994 Y136.295
G1 F1500 E1503.3536
G1 F3000 X165.407 Y135.708 E1503.3881
G1 F2400 E1502.8881
G0 F9000 X165.142 Y134.878
G1 F1500 E1503.3881
G1 F3000 X164.556 Y134.292 E1503.4225
G1 F2400 E1502.9225
G0 F9000 X164.291 Y133.461
G1 F1500 E1503.4225
G1 F3000 X163.705 Y132.875 E1503.4570
G1 F2400 E1502.9570
G0 F9000 X163.439 Y132.044
G1 F1500 E1503.4570
G1 F3000 X162.854 Y131.458 E1503.4914
G1 F2400 E1502.9914
G0 F9000 X162.588 Y130.627
G1 F1500 E1503.4914
G1 F3000 X162.003 Y130.041 E1503.5258
G1 F2400 E1503.0258
G0 F9000 X161.829 Y129.302
G1 F1500 E1503.5258
G1 F3000 X161.488 Y128.678 E1503.5472
G1 X161.341 Y127.966 E1503.5613
G1 X161.306 Y127.365 E1503.5730
G1 X161.345 Y126.838 E1503.5836
G1 X161.432 Y126.359 E1503.5939
G1 X161.563 Y125.925 E1503.6033
G1 X161.728 Y125.524 E1503.6120
G1 X161.914 Y125.145 E1503.6208
G1 X162.114 Y124.779 E1503.6294
G1 X162.316 Y124.415 E1503.6381
G1 X162.517 Y124.051 E1503.6468
G1 X162.719 Y123.687 E1503.6554
G1 X162.921 Y123.323 E1503.6641
G1 X162.948 Y123.067 E1503.6748
G1 F2400 E1503.1748
G0 F9000 X161.490 Y126.517
G0 X161.730 Y129.100
G0 X167.289 Y138.070
G0 X169.646 Y139.155
G0 X196.656 Y138.535
G0 X198.771 Y137.037
G0 X203.759 Y127.736
G0 X203.519 Y125.155
G0 X189.481 Y102.075
G0 X187.124 Y100.989
G0 X176.577 Y101.319
G0 X174.671 Y102.668
G0 X167.534 Y115.208
G1 F1500 E1503.6748
G1 F3000 X167.560 Y114.952 E1503.6835
G1 X167.762 Y114.588 E1503.6921
G1 X167.964 Y114.224 E1503.7008
G1 X168.166 Y113.860 E1503.7094
G1 X168.368 Y113.496 E1503.7181
G1 X168.569 Y113.132 E1503.7268
G1 X168.771 Y112.768 E1503.7355
G1 X168.973 Y112.404 E1503.7442
G1 X169.174 Y112.040 E1503.7529
G1 X169.377 Y111.677 E1503.7615
G1 X169.578 Y111.312 E1503.7702
G1 X169.780 Y110.948 E1503.7789
G1 X169.981 Y110.584 E1503.7876
G1 X170.117 Y110.155 E1503.7963
G1 X170.459 Y109.931 E1503.8040
G1 X170.618 Y109.524 E1503.8091
G1 X170.819 Y109.159 E1503.8142
G1 X171.021 Y108.796 E1503.8193
G1 X171.223 Y108.432 E1503.8244
G1 X171.425 Y108.068 E1503.8295
G1 X171.626 Y107.704 E1503.8346
G1 X171.828 Y107.340 E1503.8397
G1 X172.030 Y106.976 E1503.8448
G1 X172.232 Y106.612 E1503.8499
G1 X172.434 Y106.248 E1503.8550
G1 X172.635 Y105.884 E1503.8601
G1 X172.837 Y105.520 E1503.8652
G1 X173.037 Y105.155 E1503.8705
G1 X173.210 Y104.762 E1503.8791
G1 X173.411 Y104.398 E1503.8879
G1 X173.613 Y104.034 E1503.8966
G1 X173.815 Y103.670 E1503.9054
G1 X173.949 Y103.238 E1503.9142
G1 X174.313 Y103.037 E1503.9226
G1 X174.414 Y102.572 E1503.9311
G1 X174.824 Y102.416 E1503.9392
G1 X174.977 Y102.004 E1503.9473
G1 X175.439 Y101.900 E1503.9554
G1 X175.640 Y101.536 E1503.9638
G1 X176.085 Y101.414 E1503.9722
G1 X176.491 Y101.255 E1503.9809
G1 X176.931 Y101.129 E1503.9905
G1 X177.411 Y101.043 E1504.0001
G1 X177.937 Y101.003 E1504.0106
G1 X178.489 Y100.990 E1504.0220
G1 X179.046 Y100.981 E1504.0335
G1 X179.601 Y100.971 E1504.0449
G1 X180.157 Y100.961 E1504.0564
G1 X180.714 Y100.952 E1504.0679
G1 X181.269 Y100.942 E1504.0794
G1 X181.825 Y100.932 E1504.0909
G1 X182.381 Y100.922 E1504.1025
G1 X182.937 Y100.913 E1504.1140
G1 X183.493 Y100.903 E1504.1256
G1 X184.049 Y100.894 E1504.1371
G1 X184.605 Y100.884 E1504.1486
G1 X185.161 Y100.874 E1504.1601
G1 X185.717 Y100.864 E1504.1717
G1 X186.273 Y100.855 E1504.1832
G1 X186.858 Y100.874 E1504.1955
G1 X187.520 Y100.970 E1504.2094
G1 X188.067 Y101.235 E1504.2346
G1 F2400 E1503.7346
G0 F9000 X188.703 Y101.305
G1 F1500 E1504.2346
G1 F3000 X189.443 Y102.045 E1504.2781
G1 F2400 E1503.7781
G0 F9000 X164.876 Y126.399
;TYPE:WALL-OUTER
;WIDTH:0.400
G1 F1500 E1504.2781
G1 F3000 X165.178 Y126.561 E1504.2924
G1 X165.327 Y126.598 E1504.2988
G1 X165.525 Y126.601 E1504.3070
G1 X165.739 Y126.555 E1504.3161
G1 X165.972 Y126.420 E1504.3273
G1 X166.083 Y126.309 E1504.3338
G1 X166.222 Y126.075 E1504.3451
G1 X166.278 Y125.784 E1504.3575
G1 X166.866 Y126.109 E1504.3854
G1 X165.509 Y128.558 E1504.5018
G1 X164.109 Y127.782 E1504.5683
G1 X164.876 Y126.399 E1504.6341
G0 F3600 X165.052 Y126.493
G1 F2400 E1504.1341
G0 F9000 X165.004 Y126.581
G0 X165.454 Y128.366
G0 X166.674 Y126.164
G0 X166.591 Y125.917
G0 X166.374 Y125.812
G0 X166.068 Y125.564
;TYPE:WALL-OUTER
;WIDTH:0.107
G1 F1500 E1504.6341
G1 F3000 X166.064 Y125.499 E1504.6348
G1 X166.022 Y125.452 E1504.6355
G0 F9000 X166.374 Y125.812
G0 X166.372 Y125.809
G0 X166.362 Y125.871
G0 X166.268 Y126.387
;TYPE:SOLID-FILL
;WIDTH:0.400
G1 F3000 X166.305 Y126.706 E1504.6436
G1 X165.968 Y126.653 E1504.6578
G1 F2400 E1504.1578
G0 F9000 X175.702 Y121.100
;TYPE:WALL-OUTER
;WIDTH:0.400
G1 F1500 E1504.6578
G1 F3000 X181.475 Y124.300 E1504.9322
G1 X179.245 Y128.323 E1505.1234
G1 X173.472 Y125.123 E1505.3979
G1 X175.702 Y121.100 E1505.5891
G0 F3600 X175.876 Y121.196
G1 F2400 E1505.0891
G0 F9000 X175.827 Y121.283
G0 X176.014 Y122.186
G0 X172.296 Y113.117
;TYPE:WALL-OUTER
;WIDTH:0.400
G1 F1500 E1505.5891
G1 F3000 X173.345 Y113.698 E1505.6389
G1 X173.830 Y112.824 E1505.6805
G1 X175.229 Y113.599 E1505.7470
G1 X173.969 Y115.873 E1505.8551
G1 X173.750 Y115.752 E1505.8655
G1 X172.975 Y117.152 E1505.9320
G1 X172.357 Y116.809 E1505.9614
G1 X172.470 Y116.514 E1505.9745
G1 X172.488 Y116.357 E1505.9811
G1 X172.450 Y116.096 E1505.9921
G1 X172.388 Y115.952 E1505.9986
G1 X172.229 Y115.744 E1506.0095
G1 X172.105 Y115.647 E1506.0160
G1 X171.864 Y115.543 E1506.0269
G1 X171.708 Y115.519 E1506.0335
G1 X171.447 Y115.547 E1506.0444
G1 X171.308 Y115.598 E1506.0506
G1 X171.180 Y115.673 E1506.0567
G1 X170.944 Y115.907 E1506.0705
G1 X170.807 Y115.803 E1506.0777
G1 X172.296 Y113.117 E1506.2054
G0 F3600 X172.470 Y113.213
G1 F2400 E1505.7054
G0 F9000 X172.421 Y113.299
G0 X170.882 Y115.828
G0 X171.024 Y116.169
;TYPE:WALL-OUTER
;WIDTH:0.104
G1 F1500 E1506.2054
G1 F3000 X170.974 Y116.268 E1506.2066
G1 F2400 E1505.7066
G0 F9000 X170.799 Y116.119
;WIDTH:0.134
G1 F1500 E1506.2066
G1 F3000 X170.507 Y115.930 E1506.2114
G0 F9000 X170.875 Y115.731
G0 X171.612 Y114.718
;TYPE:FILL
;WIDTH:0.400
G1 F5400 X173.224 Y116.330 E1506.3062
G1 F2400 E1505.8062
G0 F9000 X178.469 Y102.692
;TYPE:WALL-OUTER
;WIDTH:0.400
G1 F1500 E1506.3062
G1 F3000 X185.639 Y102.566 E1506.6043
G1 X189.416 Y108.853 E1506.9093
G1 X184.092 Y112.052 E1507.1675
G1 X178.469 Y102.692 E1507.6215
G0 F3600 X178.668 Y102.689
G1 F2400 E1507.1215
G0 F9000 X184.134 Y111.444
;TYPE:SOLID-FILL
;WIDTH:0.400
G1 F1500 E1507.6215
G1 F2100 X184.542 Y111.569 E1507.6347
G1 X184.664 Y111.125 E1507.6478
G1 X185.249 Y111.145 E1507.6610
G1 X185.371 Y110.701 E1507.6742
G1 X185.956 Y110.720 E1507.6873
G1 X186.077 Y110.276 E1507.7006
G1 X186.663 Y110.295 E1507.7138
G1 X186.784 Y109.851 E1507.7270
G1 X187.370 Y109.871 E1507.7402
G1 X187.491 Y109.426 E1507.7534
G1 X188.076 Y109.446 E1507.7666
G1 X188.198 Y109.002 E1507.7798
G1 X188.783 Y109.022 E1507.7930
G1 X188.728 Y108.684 E1507.8068
G0 F9000 X188.405 Y108.644
;TYPE:SOLID-FILL
;WIDTH:0.400
G1 F3600 X188.318 Y108.557 E1507.8120
G1 X187.965 Y108.769 E1507.8291
G1 X188.052 Y108.856 E1507.8342
G1 X187.699 Y109.069 E1507.8513
G1 X187.611 Y108.981 E1507.8565
G1 X187.258 Y109.193 E1507.8736
G1 X187.345 Y109.281 E1507.8788
G1 X186.992 Y109.493 E1507.8959
G1 X186.904 Y109.405 E1507.9011
G1 X186.551 Y109.618 E1507.9182
G1 X186.638 Y109.705 E1507.9233
G1 X186.285 Y109.918 E1507.9405
G1 X186.198 Y109.830 E1507.9456
G1 X185.844 Y110.042 E1507.9628
G1 X185.932 Y110.130 E1507.9679
G1 X185.578 Y110.342 E1507.9851
G1 X185.491 Y110.254 E1507.9902
G1 X185.137 Y110.467 E1508.0074
G1 X185.225 Y110.554 E1508.0126
G1 X184.872 Y110.767 E1508.0297
G1 X184.783 Y110.679 E1508.0349
G1 X184.431 Y110.892 E1508.0520
G1 X184.518 Y110.979 E1508.0571
G1 X184.165 Y111.191 E1508.0742
G1 X184.077 Y111.104 E1508.0794
G1 F2400 E1507.5794
G0 F9000 X188.546 Y108.502
;TYPE:SOLID-FILL
;WIDTH:0.400
G1 F1500 E1508.0794
G1 F3000 X188.772 Y108.445 E1508.0900
G1 X188.702 Y108.092 E1508.1050
G1 F2400 E1507.6050
G0 F9000 X188.035 Y108.514
;TYPE:FILL
;WIDTH:0.400
G1 F1500 E1508.1050
G1 F5400 X182.326 Y102.804 E1508.4407
G1 F2400 E1507.9407
G0 F9000 X182.931 Y102.793
G1 F1500 E1508.4407
G1 F5400 X180.312 Y105.411 E1508.5946
G1 F2400 E1508.0946
G0 F9000 X186.620 Y111.839
;TYPE:WALL-OUTER
;WIDTH:0.400
G1 F1500 E1508.5946
G1 F3000 X191.850 Y108.697 E1508.8483
G1 X194.735 Y113.497 E1509.0811
G1 X189.504 Y116.640 E1509.3348
G1 X186.620 Y111.839 E1509.5677
G0 F3600 X186.791 Y111.737
G0 F9000 X186.885 Y111.932
;TYPE:SOLID-FILL
;WIDTH:0.400
G1 F2100 X187.024 Y112.071 E1509.5756
G1 F2400 E1509.0756
G0 F9000 X187.735 Y113.347
G1 F1500 E1509.5756
G1 F2100 X187.876 Y113.488 E1509.5837
G1 F2400 E1509.0837
G0 F9000 X188.586 Y114.764
G1 F1500 E1509.5837
G1 F2100 X188.727 Y114.905 E1509.5917
G1 F2400 E1509.0917
G0 F9000 X189.436 Y116.179
G1 F1500 E1509.5917
G1 F2100 X189.578 Y116.321 E1509.5998
G0 F9000 X189.447 Y115.625
;TYPE:SOLID-FILL
;WIDTH:0.400
G1 F3000 X188.726 Y114.904 E1509.6422
G1 F2400 E1509.1422
G0 F9000 X188.595 Y114.208
G1 F1500 E1509.6422
G1 F3000 X187.875 Y113.487 E1509.6846
G1 F2400 E1509.1846
G0 F9000 X187.744 Y112.791
G1 F1500 E1509.6846
G1 F3000 X187.024 Y112.070 E1509.7269
G1 F2400 E1509.2269
G0 F9000 X189.712 Y110.191
;TYPE:FILL
;WIDTH:0.400
G1 F1500 E1509.7269
G1 F5400 X193.530 Y114.009 E1509.9514
G1 F2400 E1509.4514
G0 F9000 X187.016 Y120.512
;TYPE:WALL-OUTER
;WIDTH:0.400
G1 F1500 E1509.9514
G1 F3000 X189.632 Y121.962 E1510.0758
G1 X190.053 Y122.221 E1510.0963
G1 X190.258 Y122.410 E1510.1079
G1 X190.435 Y122.631 E1510.1197
G1 X190.573 Y122.877 E1510.1314
G1 X190.672 Y123.141 E1510.1431
G1 X190.729 Y123.417 E1510.1548
G1 X190.741 Y123.700 E1510.1666
G1 X190.709 Y123.981 E1510.1784
G1 X190.633 Y124.252 E1510.1901
G1 X190.513 Y124.517 E1510.2022
G1 X187.705 Y129.582 E1510.4429
G1 X186.743 Y129.049 E1510.4887
G1 X189.465 Y124.137 E1510.7221
G1 X189.557 Y123.888 E1510.7332
G1 X189.566 Y123.605 E1510.7449
G1 X189.491 Y123.341 E1510.7564
G1 X189.413 Y123.205 E1510.7629
G1 X189.232 Y123.010 E1510.7739
G1 X186.483 Y121.473 E1510.9049
G1 X187.016 Y120.512 E1510.9506
G0 F3600 X187.190 Y120.608
G0 F9000 X187.413 Y120.938
;TYPE:FILL
;WIDTH:0.400
G1 F5400 X186.869 Y121.483 E1510.9826
G1 F2400 E1510.4826
G0 F9000 X184.847 Y132.815
;TYPE:WALL-OUTER
;WIDTH:0.400
G1 F1500 E1510.9826
G1 F3000 X193.118 Y127.847 E1511.3837
G1 X197.785 Y135.617 E1511.7605
G1 X197.563 Y136.020 E1511.7797
G1 X197.301 Y136.327 E1511.7965
G1 X196.970 Y136.617 E1511.8147
G1 X196.599 Y136.853 E1511.8330
G1 X196.216 Y137.018 E1511.8504
G1 X195.769 Y137.135 E1511.8696
G1 X195.325 Y137.178 E1511.8881
G1 X187.550 Y137.314 E1512.2114
G1 X184.847 Y132.815 E1512.4296
G0 F3600 X185.018 Y132.713
G0 F9000 X185.161 Y132.835
;TYPE:SOLID-FILL
;WIDTH:0.400
G1 F2100 X185.405 Y132.796 E1512.4373
G1 X185.758 Y132.583 E1512.4449
G1 X186.111 Y132.371 E1512.4525
G1 X186.465 Y132.159 E1512.4601
G1 X186.818 Y131.947 E1512.4677
G1 X187.172 Y131.735 E1512.4753
G1 X187.525 Y131.522 E1512.4829
G1 X187.879 Y131.310 E1512.4905
G1 X188.232 Y131.098 E1512.4980
G1 X188.585 Y130.885 E1512.5056
G1 X188.939 Y130.673 E1512.5132
G1 X189.292 Y130.461 E1512.5208
G1 X189.646 Y130.249 E1512.5284
G1 X189.999 Y130.036 E1512.5359
G1 X190.352 Y129.824 E1512.5435
G1 X190.706 Y129.612 E1512.5511
G1 X191.059 Y129.399 E1512.5586
G1 X191.412 Y129.187 E1512.5661
G1 X191.766 Y128.975 E1512.5737
G1 X192.119 Y128.762 E1512.5812
G1 X192.473 Y128.550 E1512.5887
G1 X192.826 Y128.338 E1512.5963
G1 X193.069 Y128.298 E1512.6037
G1 X193.168 Y128.680 E1512.6192
G1 X192.540 Y128.617 E1512.6350
G1 X192.465 Y129.109 E1512.6509
G1 X191.833 Y129.042 E1512.6668
G1 X191.758 Y129.533 E1512.6827
G1 X191.126 Y129.466 E1512.6985
G1 X191.052 Y129.958 E1512.7144
G1 X190.420 Y129.891 E1512.7303
G1 X190.345 Y130.382 E1512.7461
G1 X189.713 Y130.316 E1512.7619
G1 X189.638 Y130.806 E1512.7777
G1 X189.006 Y130.741 E1512.7935
G1 X188.931 Y131.231 E1512.8094
G1 X188.299 Y131.165 E1512.8253
G1 X188.224 Y131.656 E1512.8411
G1 X187.593 Y131.590 E1512.8569
G1 X187.518 Y132.081 E1512.8728
G1 X186.886 Y132.015 E1512.8886
G1 X186.811 Y132.505 E1512.9044
G1 X186.179 Y132.439 E1512.9203
G1 X186.104 Y132.930 E1512.9361
G1 X185.473 Y132.864 E1512.9519
G1 X185.574 Y133.248 E1512.9679
G1 F2400 E1512.4679
G0 F9000 X185.730 Y133.935
;TYPE:FILL
;WIDTH:0.400
G1 F1500 E1512.9679
G1 F5400 X187.741 Y131.924 E1513.0861
G1 F2400 E1512.5861
G0 F9000 X188.414 Y131.521
G1 F1500 E1513.0861
G1 F5400 X193.915 Y137.021 E1513.4095
G0 F9000 X193.957 Y137.021
G1 F5400 X196.743 Y134.235 E1513.5733
;PRINTING_TIME: 1125
;REMAINING_TIME: 362
;LAYER:7
;Z:3.670
;HEIGHT:0.250
;PRINTING: top_cover.stl
;PRINTING_ID: 0
G1 F2400 E1513.0733
G0 F900 Z3.670
G0 F9000 X185.578 Y133.268
;TYPE:WALL-INNER
;WIDTH:0.400
G1 F1500 E1513.5733
G1 F3000 X193.168 Y128.707 E1513.9415
G1 X197.323 Y135.625 E1514.2770
G1 X197.220 Y135.812 E1514.2859
G1 X197.019 Y136.048 E1514.2988
G1 X196.732 Y136.299 E1514.3146
G1 X196.412 Y136.501 E1514.3303
G1 X196.111 Y136.631 E1514.3440
G1 X195.697 Y136.744 E1514.3618
G1 X195.303 Y136.781 E1514.3783
G1 X187.768 Y136.914 E1514.6916
G1 X185.578 Y133.268 E1514.8684
G1 F2400 E1514.3684
G0 F9000 X185.029 Y133.131
;TYPE:WALL-OUTER
;WIDTH:0.400
G1 F1500 E1514.8684
G1 F3000 X193.305 Y128.158 E1515.2698
G1 X197.785 Y135.617 E1515.6316
G1 X197.551 Y136.041 E1515.6517
G1 X197.304 Y136.330 E1515.6675
G1 X196.972 Y136.620 E1515.6858
G1 X196.600 Y136.856 E1515.7042
G1 X196.243 Y137.010 E1515.7203
G1 X195.769 Y137.139 E1515.7407
G1 X195.325 Y137.181 E1515.7593
G1 X187.544 Y137.318 E1516.0828
G1 X185.029 Y133.131 E1516.2859
G0 F3600 X185.200 Y133.028
G1 F2400 E1515.7859
G0 F9000 X185.250 Y133.114
G0 X186.391 Y133.220
;TYPE:SOLID-FILL
;WIDTH:0.400
G1 F1500 E1516.2859
G1 F3600 X186.142 Y133.469 E1516.3005
G1 X186.184 Y133.541 E1516.3040
G1 X187.316 Y132.861 E1516.3589
G1 X187.808 Y132.368 E1516.3879
G1 X189.226 Y131.517 E1516.4566
G1 X188.733 Y132.009 E1516.4856
G1 X190.150 Y131.158 E1516.5543
G1 X190.643 Y130.666 E1516.5833
G1 X192.060 Y129.814 E1516.6520
G1 X191.567 Y130.307 E1516.6810
G1 X192.984 Y129.456 E1516.7497
G1 X193.102 Y129.338 E1516.7566
G0 F9000 X193.243 Y129.480
;TYPE:SOLID-FILL
;WIDTH:0.400
G1 F3000 X193.248 Y129.191 E1516.7632
G1 X192.960 Y129.197 E1516.7751
G1 F2400 E1516.2751
G0 F9000 X188.971 Y132.077
;TYPE:FILL
;WIDTH:0.400
G1 F1500 E1516.7751
G1 F5400 X193.525 Y136.632 E1517.0429
G1 F2400 E1516.5429
G0 F9000 X194.361 Y136.617
G1 F1500 E1517.0429
G1 F5400 X196.452 Y134.527 E1517.1658
G1 F2400 E1516.6658
G0 F9000 X173.744 Y103.180
;TYPE:WALL-OUTER
;WIDTH:0.400
G1 F1500 E1517.1658
G1 F3000 X174.142 Y102.574 E1517.1960
G1 X174.621 Y102.041 E1517.2258
G1 X175.174 Y101.584 E1517.2556
G1 X175.789 Y101.214 E1517.2854
G1 X176.451 Y100.941 E1517.3152
G1 X177.148 Y100.769 E1517.3451
G1 X177.870 Y100.702 E1517.3752
G1 X186.454 Y100.552 E1517.7321
G1 X187.178 Y100.594 E1517.7623
G1 X187.879 Y100.741 E1517.7921
G1 X188.551 Y100.991 E1517.8219
G1 X189.179 Y101.339 E1517.8517
G1 X189.747 Y101.776 E1517.8815
G1 X190.244 Y102.294 E1517.9114
G1 X190.663 Y102.885 E1517.9415
G1 X203.564 Y124.355 E1518.9829
G1 X203.890 Y125.002 E1519.0130
G1 X204.112 Y125.684 E1519.0428
G1 X204.232 Y126.392 E1519.0726
G1 X204.245 Y127.108 E1519.1024
G1 X204.150 Y127.820 E1519.1323
G1 X203.950 Y128.509 E1519.1621
G1 X203.647 Y129.167 E1519.1922
G1 X199.486 Y136.675 E1519.5491
G1 X199.087 Y137.282 E1519.5793
G1 X198.609 Y137.816 E1519.6091
G1 X198.056 Y138.273 E1519.6389
G1 X197.441 Y138.642 E1519.6687
G1 X196.777 Y138.916 E1519.6986
G1 X196.082 Y139.088 E1519.7284
G1 X195.360 Y139.154 E1519.7585
G1 X170.317 Y139.592 E1520.7998
G1 X169.593 Y139.550 E1520.8300
G1 X168.891 Y139.402 E1520.8598
G1 X168.219 Y139.153 E1520.8896
G1 X167.591 Y138.804 E1520.9195
G1 X167.023 Y138.368 E1520.9493
G1 X166.526 Y137.850 E1520.9791
G1 X166.107 Y137.259 E1521.0092
G1 X161.685 Y129.899 E1521.3662
G1 X161.359 Y129.252 E1521.3963
G1 X161.136 Y128.570 E1521.4262
G1 X161.017 Y127.864 E1521.4559
G1 X161.004 Y127.146 E1521.4858
G1 X161.099 Y126.435 E1521.5156
G1 X161.298 Y125.746 E1521.5454
G1 X161.602 Y125.087 E1521.5756
G1 X162.818 Y122.891 E1521.6799
G1 X163.344 Y123.181 E1521.7049
G1 X162.118 Y125.392 E1521.8100
G1 X161.860 Y125.955 E1521.8358
G1 X161.685 Y126.558 E1521.8619
G1 X161.603 Y127.181 E1521.8880
G1 X161.613 Y127.807 E1521.9140
G1 X161.717 Y128.427 E1521.9402
G1 X161.914 Y129.024 E1521.9663
G1 X162.192 Y129.577 E1521.9920
G1 X166.629 Y136.962 E1522.3502
G1 X166.987 Y137.469 E1522.3760
G1 X167.422 Y137.921 E1522.4021
G1 X167.920 Y138.304 E1522.4282
G1 X168.469 Y138.608 E1522.4543
G1 X169.057 Y138.828 E1522.4804
G1 X169.672 Y138.957 E1522.5065
G1 X170.291 Y138.992 E1522.5323
G1 X195.364 Y138.555 E1523.5749
G1 X195.982 Y138.497 E1523.6007
G1 X196.591 Y138.347 E1523.6268
G1 X197.172 Y138.107 E1523.6529
G1 X197.710 Y137.784 E1523.6790
G1 X198.194 Y137.384 E1523.7051
G1 X198.613 Y136.916 E1523.7312
G1 X198.953 Y136.397 E1523.7570
G1 X203.130 Y128.863 E1524.1152
G1 X203.389 Y128.300 E1524.1409
G1 X203.564 Y127.696 E1524.1671
G1 X203.646 Y127.074 E1524.1932
G1 X203.636 Y126.447 E1524.2192
G1 X203.531 Y125.827 E1524.2454
G1 X203.335 Y125.231 E1524.2715
G1 X203.057 Y124.677 E1524.2972
G1 X190.142 Y103.181 E1525.3398
G1 X189.783 Y102.675 E1525.3656
G1 X189.348 Y102.223 E1525.3917
G1 X188.850 Y101.839 E1525.4178
G1 X188.301 Y101.535 E1525.4439
G1 X187.713 Y101.316 E1525.4700
G1 X187.098 Y101.187 E1525.4961
G1 X186.479 Y101.152 E1525.5219
G1 X177.865 Y101.302 E1525.8801
G1 X177.248 Y101.359 E1525.9059
G1 X176.639 Y101.509 E1525.9319
G1 X176.058 Y101.749 E1525.9581
G1 X175.520 Y102.072 E1525.9842
G1 X175.036 Y102.472 E1526.0103
G1 X174.617 Y102.940 E1526.0364
G1 X174.277 Y103.459 E1526.0622
G1 X167.660 Y115.395 E1526.6296
G1 X167.135 Y115.105 E1526.6545
G1 X169.982 Y109.967 E1526.8987
G1 X170.446 Y109.395 E1526.9293
G1 X172.619 Y105.473 E1527.1158
G1 X172.859 Y104.777 E1527.1464
G1 X173.744 Y103.180 E1527.2223
G0 F3600 X173.853 Y103.013
G1 F2400 E1526.7223
G0 F9000 X173.936 Y103.068
G0 X175.794 Y101.674
;TYPE:SOLID-FILL
;WIDTH:0.400
G1 F1500 E1527.2223
G1 F3000 X176.487 Y101.263 E1527.2469
G1 X177.245 Y101.070 E1527.2627
G1 X177.873 Y101.009 E1527.2755
G1 X178.456 Y100.991 E1527.2873
G1 X179.032 Y100.981 E1527.2993
G1 X179.607 Y100.971 E1527.3113
G1 X180.183 Y100.961 E1527.3232
G1 X180.759 Y100.951 E1527.3352
G1 X181.335 Y100.941 E1527.3472
G1 X181.910 Y100.931 E1527.3592
G1 X182.486 Y100.921 E1527.3711
G1 X183.062 Y100.910 E1527.3831
G1 X183.638 Y100.900 E1527.3951
G1 X184.213 Y100.890 E1527.4071
G1 X184.789 Y100.881 E1527.4191
G1 X185.365 Y100.870 E1527.4312
G1 X185.941 Y100.860 E1527.4432
G1 X186.509 Y100.858 E1527.4552
G1 X187.042 Y100.891 E1527.4662
G1 X187.526 Y100.971 E1527.4760
G1 X187.970 Y101.093 E1527.4855
G1 X188.375 Y101.254 E1527.4946
G1 X188.751 Y101.444 E1527.5031
G1 X189.169 Y101.591 E1527.5116
G1 X189.350 Y101.976 E1527.5198
G1 X189.786 Y102.106 E1527.5280
G1 X189.915 Y102.543 E1527.5362
G1 X190.301 Y102.722 E1527.5443
G1 X190.386 Y103.203 E1527.5525
G1 X190.745 Y103.410 E1527.5611
G1 X190.813 Y103.908 E1527.5695
G1 X191.169 Y104.117 E1527.5779
G1 X191.237 Y104.615 E1527.5863
G1 X191.594 Y104.824 E1527.5948
G1 X191.662 Y105.321 E1527.6033
G1 X192.019 Y105.530 E1527.6118
G1 X192.086 Y106.029 E1527.6203
G1 X192.443 Y106.237 E1527.6287
G1 X192.511 Y106.735 E1527.6373
G1 X192.868 Y106.944 E1527.6457
G1 X192.936 Y107.442 E1527.6542
G1 X193.293 Y107.651 E1527.6627
G1 X193.360 Y108.149 E1527.6712
G1 X193.717 Y108.357 E1527.6796
G1 X193.785 Y108.856 E1527.6881
G1 X194.142 Y109.064 E1527.6966
G1 X194.209 Y109.562 E1527.7051
G1 X194.567 Y109.771 E1527.7137
G1 X194.634 Y110.269 E1527.7221
G1 X194.991 Y110.478 E1527.7306
G1 X195.058 Y110.976 E1527.7392
G1 X195.416 Y111.184 E1527.7477
G1 X195.483 Y111.683 E1527.7562
G1 X195.840 Y111.891 E1527.7647
G1 X195.908 Y112.390 E1527.7732
G1 X196.265 Y112.598 E1527.7818
G1 X196.333 Y113.096 E1527.7903
G1 X196.690 Y113.304 E1527.7988
G1 X196.757 Y113.803 E1527.8073
G1 X197.115 Y114.011 E1527.8159
G1 X197.181 Y114.510 E1527.8244
G1 X197.539 Y114.718 E1527.8329
G1 X197.606 Y115.217 E1527.8414
G1 X197.964 Y115.425 E1527.8500
G1 X198.030 Y115.923 E1527.8585
G1 X198.388 Y116.131 E1527.8670
G1 X198.455 Y116.630 E1527.8756
G1 X198.813 Y116.838 E1527.8841
G1 X198.880 Y117.337 E1527.8926
G1 X199.238 Y117.544 E1527.9012
G1 X199.305 Y118.044 E1527.9097
G1 X199.662 Y118.252 E1527.9182
G1 X199.729 Y118.751 E1527.9267
G1 X200.087 Y118.958 E1527.9353
G1 X200.154 Y119.457 E1527.9438
G1 X200.512 Y119.665 E1527.9523
G1 X200.578 Y120.164 E1527.9609
G1 X200.937 Y120.371 E1527.9695
G1 X201.003 Y120.871 E1527.9780
G1 X201.361 Y121.078 E1527.9866
G1 X201.427 Y121.578 E1527.9952
G1 X201.786 Y121.785 E1528.0038
G1 X201.852 Y122.284 E1528.0123
G1 X202.210 Y122.492 E1528.0208
G1 X202.277 Y122.991 E1528.0294
G1 X202.635 Y123.198 E1528.0380
G1 X202.701 Y123.698 E1528.0466
G1 X203.059 Y123.905 E1528.0551
G1 X203.126 Y124.405 E1528.0636
G1 X203.473 Y124.623 E1528.0722
G1 X203.582 Y125.079 E1528.0808
G1 X203.734 Y125.493 E1528.0900
G1 X203.852 Y125.942 E1528.0992
G1 X203.921 Y126.438 E1528.1091
G1 X203.937 Y126.987 E1528.1204
G1 X203.869 Y127.622 E1528.1340
G1 X203.643 Y128.413 E1528.1509
G1 X203.113 Y129.508 E1528.1762
G1 X202.410 Y130.777 E1528.2062
G1 X201.706 Y132.047 E1528.2364
G1 X201.003 Y133.316 E1528.2665
G1 X200.299 Y134.586 E1528.2967
G1 X199.690 Y135.478 E1528.3416
G1 F2400 E1527.8416
G0 F9000 X199.500 Y136.233
G1 F1500 E1528.3416
G1 F3000 X198.914 Y136.820 E1528.3761
G1 F2400 E1527.8761
G0 F9000 X197.727 Y138.006
G1 F1500 E1528.3761
G1 F3000 X196.919 Y138.531 E1528.4062
G1 X196.125 Y138.759 E1528.4220
G1 X195.479 Y138.840 E1528.4348
G1 X194.891 Y138.862 E1528.4466
G1 X194.315 Y138.872 E1528.4585
G1 X193.740 Y138.882 E1528.4704
G1 X193.163 Y138.892 E1528.4824
G1 X192.588 Y138.902 E1528.4943
G1 X192.012 Y138.912 E1528.5062
G1 X191.437 Y138.923 E1528.5181
G1 X190.861 Y138.932 E1528.5300
G1 X190.285 Y138.942 E1528.5419
G1 X189.709 Y138.952 E1528.5538
G1 X189.134 Y138.963 E1528.5657
G1 X188.558 Y138.973 E1528.5777
G1 X187.982 Y138.983 E1528.5897
G1 X187.407 Y138.993 E1528.6016
G1 X186.831 Y139.003 E1528.6135
G1 X186.255 Y139.013 E1528.6255
G1 X185.679 Y139.023 E1528.6375
G1 X185.104 Y139.033 E1528.6494
G1 X184.527 Y139.043 E1528.6614
G1 X183.952 Y139.053 E1528.6733
G1 X183.376 Y139.063 E1528.6853
G1 X182.801 Y139.073 E1528.6972
G1 X182.224 Y139.083 E1528.7092
G1 X181.649 Y139.093 E1528.7212
G1 X181.073 Y139.103 E1528.7332
G1 X180.498 Y139.113 E1528.7451
G1 X179.921 Y139.124 E1528.7571
G1 X179.346 Y139.133 E1528.7691
G1 X178.770 Y139.143 E1528.7811
G1 X178.195 Y139.153 E1528.7931
G1 X177.619 Y139.163 E1528.8051
G1 X177.043 Y139.174 E1528.8170
G1 X176.467 Y139.184 E1528.8290
G1 X175.892 Y139.194 E1528.8410
G1 X175.316 Y139.203 E1528.8529
G1 X174.740 Y139.214 E1528.8650
G1 X174.164 Y139.224 E1528.8770
G1 X173.589 Y139.234 E1528.8889
G1 X173.013 Y139.244 E1528.9009
G1 X172.437 Y139.254 E1528.9129
G1 X171.862 Y139.264 E1528.9249
G1 X171.286 Y139.274 E1528.9369
G1 X170.710 Y139.284 E1528.9489
G1 X170.146 Y139.282 E1528.9609
G1 X169.624 Y139.238 E1528.9718
G1 X169.147 Y139.150 E1528.9815
G1 X168.713 Y139.018 E1528.9905
G1 X168.314 Y138.852 E1528.9995
G1 X167.942 Y138.658 E1529.0081
G1 X167.530 Y138.505 E1529.0165
G1 X167.357 Y138.112 E1529.0248
G1 X166.925 Y137.978 E1529.0329
G1 X166.801 Y137.536 E1529.0410
G1 X166.418 Y137.353 E1529.0492
G1 X166.337 Y136.868 E1529.0576
G1 X165.979 Y136.661 E1529.0661
G1 X165.913 Y136.162 E1529.0746
G1 X165.555 Y135.954 E1529.0832
G1 X165.488 Y135.455 E1529.0917
G1 X165.130 Y135.247 E1529.1002
G1 X165.064 Y134.748 E1529.1088
G1 X164.706 Y134.540 E1529.1173
G1 X164.639 Y134.041 E1529.1258
G1 X164.282 Y133.833 E1529.1343
G1 X164.214 Y133.335 E1529.1428
G1 X163.857 Y133.127 E1529.1513
G1 X163.789 Y132.628 E1529.1599
G1 X163.432 Y132.420 E1529.1684
G1 X163.365 Y131.921 E1529.1769
G1 X163.007 Y131.713 E1529.1854
G1 X162.940 Y131.214 E1529.1940
G1 X162.583 Y131.006 E1529.2025
G1 X162.516 Y130.508 E1529.2110
G1 X162.158 Y130.299 E1529.2195
G1 X162.020 Y129.872 E1529.2280
G1 X161.820 Y129.506 E1529.2365
G1 X161.642 Y129.119 E1529.2451
G1 X161.493 Y128.703 E1529.2544
G1 X161.382 Y128.247 E1529.2640
G1 X161.319 Y127.744 E1529.2740
G1 X161.315 Y127.183 E1529.2854
G1 X161.398 Y126.534 E1529.2988
G1 X161.651 Y125.716 E1529.3158
G1 X162.226 Y124.574 E1529.3428
G1 X162.835 Y123.684 E1529.3876
G1 F2400 E1528.8876
G0 F9000 X161.490 Y126.517
G0 X161.730 Y129.100
G0 X167.289 Y138.070
G0 X169.646 Y139.155
G0 X196.653 Y138.537
G0 X198.771 Y137.037
G0 X203.759 Y127.736
G0 X203.519 Y125.155
G0 X189.481 Y102.075
G0 X187.124 Y100.989
G0 X176.577 Y101.319
G0 X174.671 Y102.668
G0 X167.488 Y115.071
G1 F1500 E1529.3876
G1 F3000 X167.855 Y114.420 E1529.4036
G1 X168.559 Y113.151 E1529.4336
G1 X169.262 Y111.882 E1529.4637
G1 X169.966 Y110.613 E1529.4939
G1 X170.576 Y109.721 E1529.5388
G1 F2400 E1529.0388
G0 F9000 X171.093 Y108.637
G1 F1500 E1529.5388
G1 F3000 X171.280 Y108.451 E1529.5498
G0 F9000 X171.796 Y107.369
G1 F3000 X171.983 Y107.181 E1529.5608
G1 F2400 E1529.0608
G0 F9000 X172.499 Y106.100
G1 F1500 E1529.5608
G1 F3000 X172.688 Y105.911 E1529.5719
G0 F9000 X172.971 Y105.062
G1 F3000 X173.485 Y104.265 E1529.5967
G1 X174.096 Y103.372 E1529.6416
G1 F2400 E1529.1416
G0 F9000 X187.172 Y121.056
;TYPE:WALL-INNER
;WIDTH:0.400
G1 F1500 E1529.6416
G1 F3000 X189.186 Y122.172 E1529.7374
G1 X189.601 Y122.402 E1529.7571
G1 X189.804 Y122.535 E1529.7672
G1 X189.965 Y122.684 E1529.7763
G1 X190.102 Y122.855 E1529.7854
G1 X190.209 Y123.046 E1529.7945
G1 X190.287 Y123.252 E1529.8037
G1 X190.331 Y123.466 E1529.8128
G1 X190.340 Y123.686 E1529.8219
G1 X190.315 Y123.904 E1529.8310
G1 X190.256 Y124.115 E1529.8402
G1 X190.155 Y124.337 E1529.8503
G1 X187.549 Y129.038 E1530.0738
G1 X187.287 Y128.893 E1530.0862
G1 X189.830 Y124.304 E1530.3043
G1 X189.956 Y123.960 E1530.3196
G1 X189.963 Y123.534 E1530.3373
G1 X189.861 Y123.184 E1530.3524
G1 X189.738 Y122.967 E1530.3628
G1 X189.482 Y122.692 E1530.3784
G1 X187.026 Y121.318 E1530.4954
G1 X187.172 Y121.056 E1530.5079
G1 F2400 E1530.0079
G0 F9000 X187.016 Y120.512
;TYPE:WALL-OUTER
;WIDTH:0.400
G1 F1500 E1530.5079
G1 F3000 X189.380 Y121.822 E1530.6203
G1 X189.808 Y122.059 E1530.6406
G1 X190.051 Y122.219 E1530.6527
G1 X190.258 Y122.410 E1530.6644
G1 X190.435 Y122.631 E1530.6762
G1 X190.573 Y122.877 E1530.6879
G1 X190.672 Y123.141 E1530.6996
G1 X190.729 Y123.417 E1530.7113
G1 X190.741 Y123.700 E1530.7231
G1 X190.709 Y123.981 E1530.7349
G1 X190.633 Y124.252 E1530.7466
G1 X190.513 Y124.517 E1530.7587
G1 X187.705 Y129.582 E1530.9994
G1 X186.743 Y129.049 E1531.0452
G1 X189.465 Y124.137 E1531.2787
G1 X189.557 Y123.886 E1531.2898
G1 X189.562 Y123.588 E1531.3022
G1 X189.490 Y123.341 E1531.3129
G1 X189.413 Y123.205 E1531.3194
G1 X189.232 Y123.010 E1531.3304
G1 X186.483 Y121.473 E1531.4614
G1 X187.016 Y120.512 E1531.5070
G0 F3600 X187.190 Y120.608
G1 F2400 E1531.0070
G0 F9000 X187.141 Y120.694
G0 X187.329 Y121.598
G0 X175.858 Y121.644
;TYPE:WALL-INNER
;WIDTH:0.400
G1 F1500 E1531.5070
G1 F3000 X180.931 Y124.456 E1531.7482
G1 X179.089 Y127.779 E1531.9061
G1 X174.016 Y124.967 E1532.1473
G1 X175.858 Y121.644 E1532.3053
G1 F2400 E1531.8053
G0 F9000 X175.702 Y121.100
;TYPE:WALL-OUTER
;WIDTH:0.400
G1 F1500 E1532.3053
G1 F3000 X181.475 Y124.300 E1532.5797
G1 X179.245 Y128.323 E1532.7709
G1 X173.472 Y125.123 E1533.0453
G1 X175.702 Y121.100 E1533.2366
G0 F3600 X175.876 Y121.196
G1 F2400 E1532.7366
G0 F9000 X175.827 Y121.283
G0 X176.014 Y122.186
G0 X172.452 Y113.661
;TYPE:WALL-INNER
;WIDTH:0.400
G1 F1500 E1533.2366
G1 F3000 X173.501 Y114.242 E1533.2864
G1 X173.986 Y113.368 E1533.3280
G1 X174.685 Y113.755 E1533.3612
G1 X173.813 Y115.330 E1533.4360
G1 X173.594 Y115.209 E1533.4464
G1 X173.014 Y116.256 E1533.4962
G1 X172.874 Y116.231 E1533.5021
G1 X172.838 Y115.986 E1533.5124
G1 X172.736 Y115.748 E1533.5232
G1 X172.516 Y115.460 E1533.5382
G1 X172.311 Y115.300 E1533.5491
G1 X171.975 Y115.155 E1533.5643
G1 X171.651 Y115.106 E1533.5779
G1 X172.452 Y113.661 E1533.6466
G1 F2400 E1533.1466
G0 F9000 X172.296 Y113.117
;TYPE:WALL-OUTER
;WIDTH:0.400
G1 F1500 E1533.6466
G1 F3000 X173.345 Y113.698 E1533.6964
G1 X173.830 Y112.824 E1533.7380
G1 X175.229 Y113.599 E1533.8045
G1 X173.969 Y115.873 E1533.9126
G1 X173.750 Y115.752 E1533.9230
G1 X172.975 Y117.152 E1533.9895
G1 X172.357 Y116.809 E1534.0189
G1 X172.470 Y116.514 E1534.0320
G1 X172.488 Y116.357 E1534.0386
G1 X172.450 Y116.096 E1534.0496
G1 X172.388 Y115.952 E1534.0561
G1 X172.229 Y115.744 E1534.0670
G1 X172.105 Y115.647 E1534.0735
G1 X171.864 Y115.543 E1534.0844
G1 X171.711 Y115.520 E1534.0908
G1 X171.510 Y115.534 E1534.0992
G1 X171.313 Y115.596 E1534.1078
G1 X171.180 Y115.673 E1534.1142
G1 X170.944 Y115.907 E1534.1280
G1 X170.807 Y115.803 E1534.1352
G1 X172.296 Y113.117 E1534.2628
G0 F3600 X172.470 Y113.213
G1 F2400 E1533.7628
G0 F9000 X172.421 Y113.299
G0 X170.882 Y115.828
G0 X171.039 Y116.177
;TYPE:WALL-OUTER
;WIDTH:0.103
G1 F1500 E1534.2628
G1 F3000 X170.982 Y116.269 E1534.2640
G1 F2400 E1533.7640
G0 F9000 X170.793 Y116.114
;WIDTH:0.133
G1 F1500 E1534.2640
G1 F3000 X170.508 Y115.929 E1534.2687
G0 F9000 X170.875 Y115.731
G0 X173.233 Y114.554
G0 X172.621 Y116.727
;TYPE:SOLID-FILL
;WIDTH:0.400
G1 F3000 X172.899 Y116.448 E1534.2851
G1 F2400 E1533.7851
G0 F9000 X173.517 Y114.699
G1 F1500 E1534.2851
G1 F3000 X174.394 Y113.822 E1534.3366
G1 F2400 E1533.8366
G0 F9000 X179.169 Y103.080
;TYPE:WALL-INNER
;WIDTH:0.400
G1 F1500 E1534.3366
G1 F3000 X185.415 Y102.970 E1534.5964
G1 X188.610 Y108.288 E1534.8543
G1 X183.972 Y111.075 E1535.0793
G1 X179.169 Y103.080 E1535.4670
G1 F2400 E1534.9670
G0 F9000 X178.469 Y102.692
;TYPE:WALL-OUTER
;WIDTH:0.400
G1 F1500 E1535.4670
G1 F3000 X185.639 Y102.566 E1535.7652
G1 X189.159 Y108.425 E1536.0493
G1 X183.835 Y111.624 E1536.3076
G1 X178.469 Y102.692 E1536.7408
G0 F3600 X178.668 Y102.689
G1 F2400 E1536.2408
G0 F9000 X183.914 Y110.241
;TYPE:SOLID-FILL
;WIDTH:0.400
G1 F1500 E1536.7408
G1 F3600 X184.140 Y110.015 E1536.7541
G1 X185.556 Y109.165 E1536.8227
G1 X184.269 Y110.452 E1536.8984
G1 X185.686 Y109.601 E1536.9671
G1 X186.973 Y108.314 E1537.0428
G0 F9000 X187.103 Y108.750
G1 F3600 X187.940 Y107.912 E1537.0920
G1 X187.862 Y107.780 E1537.0984
G0 F9000 X187.798 Y107.772
;TYPE:SOLID-FILL
;WIDTH:0.400
G1 F3000 X187.980 Y107.590 E1537.1091
G1 F2400 E1536.6091
G0 F9000 X183.772 Y110.100
G1 F1500 E1537.1091
G1 F3000 X183.828 Y110.327 E1537.1156
G1 X183.874 Y110.564 E1537.1256
G1 F2400 E1536.6256
G0 F9000 X187.381 Y107.859
;TYPE:FILL
;WIDTH:0.400
G1 F1500 E1537.1256
G1 F5400 X182.719 Y103.197 E1537.3997
G0 F9000 X182.524 Y103.200
G1 F5400 X180.604 Y105.119 E1537.5126
G1 F2400 E1537.0126
G0 F9000 X187.364 Y111.858
;TYPE:WALL-INNER
;WIDTH:0.400
G1 F1500 E1537.5126
G1 F3000 X191.716 Y109.244 E1537.7237
G1 X194.189 Y113.358 E1537.9232
G1 X189.836 Y115.973 E1538.1343
G1 X187.364 Y111.858 E1538.3339
G1 F2400 E1537.8339
G0 F9000 X186.815 Y111.721
;TYPE:WALL-OUTER
;WIDTH:0.400
G1 F1500 E1538.3339
G1 F3000 X191.853 Y108.695 E1538.5782
G1 X192.079 Y109.071 E1538.5965
G1 X194.738 Y113.495 E1538.8111
G1 X189.699 Y116.522 E1539.0555
G1 X186.815 Y111.721 E1539.2883
G0 F3600 X186.986 Y111.619
G1 F2400 E1538.7883
G0 F9000 X187.823 Y112.273
;TYPE:SOLID-FILL
;WIDTH:0.400
G1 F1500 E1539.2883
G1 F3000 X188.142 Y112.236 E1539.3008
G1 X188.141 Y112.802 E1539.3133
G1 X188.567 Y112.942 E1539.3258
G1 X188.566 Y113.509 E1539.3383
G1 X188.991 Y113.649 E1539.3508
G1 X188.990 Y114.216 E1539.3634
G1 X189.416 Y114.356 E1539.3758
G1 X189.414 Y114.923 E1539.3884
G1 X189.840 Y115.063 E1539.4009
G1 X189.733 Y115.454 E1539.4177
G1 F2400 E1538.9177
G0 F9000 X193.238 Y113.717
;TYPE:FILL
;WIDTH:0.400
G1 F1500 E1539.4177
G1 F5400 X190.003 Y110.482 E1539.6080
G1 F2400 E1539.1080
G0 F9000 X171.233 Y133.308
;TYPE:WALL-INNER
;WIDTH:0.400
G1 F1500 E1539.6080
G1 F3000 X176.305 Y136.120 E1539.8491
G1 X175.764 Y137.096 E1539.8955
G1 X170.293 Y137.192 E1540.1229
G1 X169.867 Y137.164 E1540.1407
G1 X169.477 Y137.070 E1540.1574
G1 X169.211 Y136.957 E1540.1694
G1 X171.233 Y133.308 E1540.3428
G1 F2400 E1539.8428
G0 F9000 X171.077 Y132.764
;TYPE:WALL-OUTER
;WIDTH:0.400
G1 F1500 E1540.3428
G1 F3000 X176.849 Y135.964 E1540.6172
G1 X176.002 Y137.492 E1540.6898
G1 X170.283 Y137.592 E1540.9277
G1 X169.807 Y137.561 E1540.9475
G1 X169.351 Y137.451 E1540.9670
G1 X168.920 Y137.268 E1540.9865
G1 X168.669 Y137.109 E1540.9988
G1 X171.077 Y132.764 E1541.2053
G0 F3600 X171.251 Y132.860
G1 F2400 E1540.7053
G0 F9000 X171.202 Y132.947
G0 X173.552 Y134.800
;TYPE:FILL
;WIDTH:0.400
G1 F1500 E1541.2053
G1 F5400 X171.358 Y136.993 E1541.3343
G0 F9000 X171.261 Y136.994
G1 F5400 X170.059 Y135.793 E1541.4050
G1 F2400 E1540.9050
G0 F9000 X165.035 Y126.938
;TYPE:WALL-INNER
;WIDTH:0.400
G1 F1500 E1541.4050
G1 F3000 X165.277 Y126.998 E1541.4153
G1 X165.574 Y127.000 E1541.4277
G1 X165.810 Y126.949 E1541.4377
G1 X165.887 Y127.051 E1541.4430
G1 X165.353 Y128.014 E1541.4888
G1 X164.653 Y127.626 E1541.5221
G1 X165.035 Y126.938 E1541.5548
G1 F2400 E1541.0548
G0 F9000 X165.178 Y126.561
;TYPE:WALL-OUTER
;WIDTH:0.400
G1 F1500 E1541.5548
G1 F3000 X165.328 Y126.598 E1541.5612
G1 X165.533 Y126.600 E1541.5697
G1 X165.739 Y126.555 E1541.5785
G1 X165.972 Y126.420 E1541.5897
G1 X166.083 Y126.309 E1541.5962
G1 X166.222 Y126.075 E1541.6075
G1 X166.278 Y125.783 E1541.6199
G1 X166.866 Y126.109 E1541.6479
G1 X165.509 Y128.558 E1541.7643
G1 X164.109 Y127.782 E1541.8308
G1 X164.876 Y126.399 E1541.8966
G1 X165.178 Y126.561 E1541.9108
G0 F3600 X165.328 Y126.598
G0 X165.374 Y126.598
G1 F2400 E1541.4108
G0 F9000 X166.151 Y126.132
G0 X166.069 Y125.568
;TYPE:WALL-OUTER
;WIDTH:0.111
G1 F1500 E1541.9108
G1 F3000 X166.062 Y125.499 E1541.9116
G1 X166.015 Y125.445 E1541.9124
G0 F9000 X166.569 Y126.172
;TYPE:SOLID-FILL
;WIDTH:0.400
G1 F3000 X165.953 Y126.789 E1541.9487
G0 F9000 X165.542 Y127.199
G1 F3000 X165.097 Y127.644 E1541.9748
;PRINTING_TIME: 1162
;REMAINING_TIME: 324
;LAYER:8
;Z:3.920
;HEIGHT:0.250
;PRINTING: top_cover.stl
;PRINTING_ID: 0
G1 F2400 E1541.4748
G0 F900 Z3.920
G0 F9000 X165.097 Y127.644
G0 X164.837 Y126.491
G0 X164.876 Y126.399
;TYPE:WALL-OUTER
;WIDTH:0.400
G1 F1500 E1541.9748
G1 F3000 X165.178 Y126.561 E1541.9891
G1 X165.331 Y126.598 E1541.9956
G1 X165.593 Y126.593 E1542.0065
G1 X165.744 Y126.552 E1542.0130
G1 X165.972 Y126.420 E1542.0240
G1 X166.083 Y126.309 E1542.0305
G1 X166.222 Y126.075 E1542.0418
G1 X166.278 Y125.783 E1542.0542
G1 X166.866 Y126.109 E1542.0821
G1 X165.509 Y128.558 E1542.1985
G1 X164.109 Y127.782 E1542.2651
G1 X164.876 Y126.399 E1542.3308
G0 F3600 X165.052 Y126.493
G1 F2400 E1541.8308
G0 F9000 X165.004 Y126.581
G0 X165.454 Y128.366
G0 X166.674 Y126.164
G0 X166.591 Y125.916
G0 X166.374 Y125.811
G0 X166.068 Y125.563
;TYPE:WALL-OUTER
;WIDTH:0.107
G1 F1500 E1542.3308
G1 F3000 X166.064 Y125.498 E1542.3316
G1 X166.020 Y125.450 E1542.3323
G0 F9000 X166.374 Y125.811
G0 X166.372 Y125.808
G0 X166.362 Y125.870
G0 X166.268 Y126.387
;TYPE:SOLID-FILL
;WIDTH:0.400
G1 F3000 X166.305 Y126.707 E1542.3404
G1 X165.968 Y126.653 E1542.3546
G1 F2400 E1541.8546
G0 F9000 X173.744 Y103.180
;TYPE:WALL-OUTER
;WIDTH:0.400
G1 F1500 E1542.3546
G1 F3000 X174.142 Y102.574 E1542.3847
G1 X174.621 Y102.041 E1542.4145
G1 X175.174 Y101.584 E1542.4443
G1 X175.789 Y101.214 E1542.4742
G1 X176.451 Y100.941 E1542.5040
G1 X177.148 Y100.769 E1542.5338
G1 X177.870 Y100.702 E1542.5639
G1 X186.454 Y100.552 E1542.9209
G1 X187.178 Y100.594 E1542.9510
G1 X187.879 Y100.741 E1542.9808
G1 X188.551 Y100.991 E1543.0106
G1 X189.179 Y101.339 E1543.0405
G1 X189.747 Y101.776 E1543.0703
G1 X190.244 Y102.294 E1543.1001
G1 X190.663 Y102.885 E1543.1302
G1 X203.564 Y124.355 E1544.1716
G1 X203.890 Y125.002 E1544.2017
G1 X204.112 Y125.684 E1544.2315
G1 X204.232 Y126.392 E1544.2614
G1 X204.245 Y127.108 E1544.2912
G1 X204.150 Y127.820 E1544.3210
G1 X203.950 Y128.509 E1544.3509
G1 X203.647 Y129.167 E1544.3810
G1 X199.486 Y136.675 E1544.7379
G1 X199.087 Y137.282 E1544.7681
G1 X198.609 Y137.816 E1544.7979
G1 X198.056 Y138.273 E1544.8277
G1 X197.441 Y138.642 E1544.8575
G1 X196.777 Y138.916 E1544.8874
G1 X196.082 Y139.088 E1544.9171
G1 X195.360 Y139.154 E1544.9473
G1 X170.317 Y139.592 E1545.9886
G1 X169.592 Y139.550 E1546.0188
G1 X169.253 Y139.479 E1546.0332
G1 X168.891 Y139.402 E1546.0486
G1 X168.219 Y139.153 E1546.0784
G1 X167.591 Y138.804 E1546.1082
G1 X167.023 Y138.368 E1546.1380
G1 X166.526 Y137.850 E1546.1679
G1 X166.107 Y137.259 E1546.1980
G1 X161.685 Y129.899 E1546.5549
G1 X161.359 Y129.252 E1546.5851
G1 X161.136 Y128.570 E1546.6149
G1 X161.017 Y127.864 E1546.6447
G1 X161.004 Y127.146 E1546.6745
G1 X161.099 Y126.435 E1546.7043
G1 X161.298 Y125.746 E1546.7342
G1 X161.602 Y125.087 E1546.7643
G1 X162.735 Y123.040 E1546.8616
G1 X163.261 Y123.330 E1546.8866
G1 X162.118 Y125.392 E1546.9846
G1 X161.860 Y125.955 E1547.0103
G1 X161.685 Y126.558 E1547.0364
G1 X161.603 Y127.181 E1547.0626
G1 X161.613 Y127.807 E1547.0886
G1 X161.717 Y128.427 E1547.1147
G1 X161.914 Y129.024 E1547.1409
G1 X162.192 Y129.577 E1547.1666
G1 X166.629 Y136.962 E1547.5248
G1 X166.987 Y137.469 E1547.5506
G1 X167.422 Y137.921 E1547.5767
G1 X167.920 Y138.304 E1547.6028
G1 X168.469 Y138.608 E1547.6289
G1 X169.057 Y138.828 E1547.6550
G1 X169.672 Y138.957 E1547.6811
G1 X170.291 Y138.992 E1547.7069
G1 X195.364 Y138.555 E1548.7495
G1 X195.982 Y138.497 E1548.7753
G1 X196.591 Y138.347 E1548.8013
G1 X197.172 Y138.107 E1548.8275
G1 X197.710 Y137.784 E1548.8536
G1 X198.194 Y137.384 E1548.8797
G1 X198.613 Y136.916 E1548.9058
G1 X198.953 Y136.397 E1548.9316
G1 X203.130 Y128.863 E1549.2897
G1 X203.389 Y128.300 E1549.3155
G1 X203.564 Y127.696 E1549.3416
G1 X203.646 Y127.074 E1549.3677
G1 X203.636 Y126.447 E1549.3938
G1 X203.531 Y125.827 E1549.4199
G1 X203.335 Y125.231 E1549.4460
G1 X203.057 Y124.677 E1549.4718
G1 X190.142 Y103.181 E1550.5144
G1 X189.783 Y102.675 E1550.5402
G1 X189.348 Y102.223 E1550.5663
G1 X188.850 Y101.839 E1550.5924
G1 X188.301 Y101.535 E1550.6185
G1 X187.713 Y101.316 E1550.6446
G1 X187.098 Y101.187 E1550.6707
G1 X186.479 Y101.152 E1550.6965
G1 X177.865 Y101.302 E1551.0547
G1 X177.248 Y101.359 E1551.0804
G1 X176.639 Y101.509 E1551.1065
G1 X176.058 Y101.749 E1551.1326
G1 X175.520 Y102.072 E1551.1587
G1 X175.036 Y102.472 E1551.1848
G1 X174.617 Y102.940 E1551.2110
G1 X174.277 Y103.459 E1551.2367
G1 X167.743 Y115.246 E1551.7971
G1 X167.218 Y114.956 E1551.8220
G1 X169.982 Y109.967 E1552.0591
G1 X170.603 Y109.200 E1552.1001
G1 X172.537 Y105.713 E1552.2659
G1 X172.859 Y104.777 E1552.3071
G1 X173.744 Y103.180 E1552.3830
G0 F3600 X173.853 Y103.013
G1 F2400 E1551.8830
G0 F9000 X173.936 Y103.068
G0 X176.577 Y101.319
G0 X187.768 Y101.124
G0 X189.708 Y102.310
;TYPE:SOLID-FILL
;WIDTH:0.400
G1 F1500 E1552.3830
G1 F3000 X190.650 Y103.252 E1552.4384
G1 F2400 E1551.9384
G0 F9000 X190.919 Y104.086
G1 F1500 E1552.4384
G1 F3000 X191.502 Y104.670 E1552.4727
G1 F2400 E1551.9727
G0 F9000 X191.770 Y105.503
G1 F1500 E1552.4727
G1 F3000 X192.354 Y106.087 E1552.5070
G1 F2400 E1552.0070
G0 F9000 X192.621 Y106.920
G1 F1500 E1552.5070
G1 F3000 X193.205 Y107.504 E1552.5413
G1 F2400 E1552.0413
G0 F9000 X193.472 Y108.337
G1 F1500 E1552.5413
G1 F3000 X194.057 Y108.922 E1552.5757
G1 F2400 E1552.0757
G0 F9000 X194.324 Y109.754
G1 F1500 E1552.5757
G1 F3000 X194.909 Y110.339 E1552.6101
G1 F2400 E1552.1101
G0 F9000 X195.174 Y111.170
G1 F1500 E1552.6101
G1 F3000 X195.760 Y111.756 E1552.6446
G1 F2400 E1552.1446
G0 F9000 X196.026 Y112.587
G1 F1500 E1552.6446
G1 F3000 X196.612 Y113.173 E1552.6790
G1 F2400 E1552.1790
G0 F9000 X196.876 Y114.003
G1 F1500 E1552.6790
G1 F3000 X197.463 Y114.590 E1552.7136
G1 F2400 E1552.2136
G0 F9000 X197.728 Y115.421
G1 F1500 E1552.7136
G1 F3000 X198.315 Y116.008 E1552.7481
G1 F2400 E1552.2481
G0 F9000 X198.579 Y116.838
G1 F1500 E1552.7481
G1 F3000 X199.167 Y117.425 E1552.7826
G1 F2400 E1552.2826
G0 F9000 X199.430 Y118.254
G1 F1500 E1552.7826
G1 F3000 X200.018 Y118.842 E1552.8172
G1 F2400 E1552.3172
G0 F9000 X200.281 Y119.671
G1 F1500 E1552.8172
G1 F3000 X200.870 Y120.260 E1552.8518
G1 F2400 E1552.3518
G0 F9000 X201.132 Y121.088
G1 F1500 E1552.8518
G1 F3000 X201.722 Y121.677 E1552.8865
G1 F2400 E1552.3865
G0 F9000 X201.983 Y122.504
G1 F1500 E1552.8865
G1 F3000 X202.573 Y123.094 E1552.9212
G1 F2400 E1552.4212
G0 F9000 X202.834 Y123.921
G1 F1500 E1552.9212
G1 F3000 X203.411 Y124.498 E1552.9551
G1 F2400 E1552.4551
G0 F9000 X203.527 Y125.180
G1 F1500 E1552.9551
G1 F3000 X203.798 Y125.734 E1552.9734
G1 X203.918 Y126.419 E1552.9875
G1 X203.935 Y127.002 E1552.9993
G1 X203.888 Y127.520 E1553.0097
G1 X203.789 Y127.987 E1553.0195
G1 X203.651 Y128.414 E1553.0289
G1 X203.481 Y128.811 E1553.0376
G1 X203.292 Y129.187 E1553.0464
G1 X203.090 Y129.551 E1553.0550
G1 X202.888 Y129.915 E1553.0637
G1 X202.686 Y130.279 E1553.0723
G1 X202.485 Y130.643 E1553.0810
G1 X202.283 Y131.006 E1553.0897
G1 X202.081 Y131.371 E1553.0983
G1 X201.880 Y131.734 E1553.1070
G1 X201.677 Y132.098 E1553.1157
G1 X201.476 Y132.462 E1553.1243
G1 X201.274 Y132.826 E1553.1330
G1 X201.073 Y133.190 E1553.1417
G1 X200.870 Y133.554 E1553.1504
G1 X200.669 Y133.918 E1553.1591
G1 X200.467 Y134.282 E1553.1677
G1 X200.265 Y134.646 E1553.1764
G1 X200.064 Y135.010 E1553.1851
G1 X199.862 Y135.374 E1553.1938
G1 X199.660 Y135.737 E1553.2025
G1 X199.458 Y136.101 E1553.2111
G1 X199.254 Y136.463 E1553.2199
G1 X199.109 Y136.883 E1553.2283
G1 X198.727 Y137.068 E1553.2367
G1 X198.609 Y137.515 E1553.2449
G1 X198.181 Y137.652 E1553.2531
G1 X198.005 Y138.043 E1553.2613
G1 X197.597 Y138.199 E1553.2697
G1 X197.229 Y138.397 E1553.2781
G1 X196.834 Y138.568 E1553.2869
G1 X196.400 Y138.700 E1553.2965
G1 X195.929 Y138.795 E1553.3060
G1 X195.413 Y138.845 E1553.3166
G1 X194.865 Y138.863 E1553.3280
G1 X194.309 Y138.872 E1553.3394
G1 X193.753 Y138.882 E1553.3508
G1 X193.197 Y138.892 E1553.3622
G1 X192.641 Y138.901 E1553.3736
G1 X192.085 Y138.911 E1553.3849
G1 X191.529 Y138.921 E1553.3963
G1 X190.973 Y138.930 E1553.4077
G1 X190.417 Y138.940 E1553.4191
G1 X189.862 Y138.950 E1553.4305
G1 X189.305 Y138.960 E1553.4420
G1 X188.749 Y138.969 E1553.4534
G1 X188.194 Y138.979 E1553.4648
G1 X187.638 Y138.989 E1553.4762
G1 X187.081 Y138.998 E1553.4877
G1 X186.525 Y139.008 E1553.4991
G1 X185.970 Y139.018 E1553.5105
G1 X185.414 Y139.028 E1553.5220
G1 X184.857 Y139.037 E1553.5335
G1 X184.302 Y139.047 E1553.5449
G1 X183.746 Y139.057 E1553.5564
G1 X183.190 Y139.066 E1553.5679
G1 X182.634 Y139.076 E1553.5794
G1 X182.078 Y139.086 E1553.5909
G1 X181.522 Y139.095 E1553.6024
G1 X180.966 Y139.105 E1553.6138
G1 X180.410 Y139.115 E1553.6253
G1 X179.854 Y139.124 E1553.6368
G1 X179.298 Y139.134 E1553.6482
G1 X178.742 Y139.144 E1553.6597
G1 X178.186 Y139.153 E1553.6713
G1 X177.630 Y139.163 E1553.6827
G1 X177.074 Y139.173 E1553.6942
G1 X176.518 Y139.183 E1553.7057
G1 X175.962 Y139.192 E1553.7172
G1 X175.406 Y139.202 E1553.7287
G1 X174.850 Y139.212 E1553.7402
G1 X174.294 Y139.222 E1553.7517
G1 X173.738 Y139.231 E1553.7633
G1 X173.182 Y139.241 E1553.7748
G1 X172.626 Y139.251 E1553.7863
G1 X172.070 Y139.260 E1553.7979
G1 X171.514 Y139.270 E1553.8094
G1 X170.958 Y139.280 E1553.8210
G1 X170.398 Y139.285 E1553.8325
G1 X169.809 Y139.262 E1553.8448
G1 X169.122 Y139.141 E1553.8596
G1 X168.551 Y138.853 E1553.8862
G1 F2400 E1553.3862
G0 F9000 X167.855 Y138.722
G1 F1500 E1553.8862
G1 F3000 X166.257 Y137.124 E1553.9801
G1 F2400 E1553.4801
G0 F9000 X165.994 Y136.295
G1 F1500 E1553.9801
G1 F3000 X165.407 Y135.708 E1554.0146
G1 F2400 E1553.5146
G0 F9000 X165.142 Y134.878
G1 F1500 E1554.0146
G1 F3000 X164.556 Y134.292 E1554.0491
G1 F2400 E1553.5491
G0 F9000 X164.291 Y133.461
G1 F1500 E1554.0491
G1 F3000 X163.705 Y132.875 E1554.0835
G1 F2400 E1553.5835
G0 F9000 X163.439 Y132.044
G1 F1500 E1554.0835
G1 F3000 X162.854 Y131.458 E1554.1180
G1 F2400 E1553.6180
G0 F9000 X162.588 Y130.627
G1 F1500 E1554.1180
G1 F3000 X162.003 Y130.041 E1554.1524
G1 F2400 E1553.6524
G0 F9000 X161.829 Y129.302
G1 F1500 E1554.1524
G1 F3000 X161.488 Y128.678 E1554.1738
G1 X161.341 Y127.966 E1554.1878
G1 X161.306 Y127.365 E1554.1996
G1 X161.345 Y126.838 E1554.2101
G1 X161.432 Y126.359 E1554.2205
G1 X161.563 Y125.925 E1554.2299
G1 X161.728 Y125.524 E1554.2386
G1 X161.914 Y125.145 E1554.2473
G1 X162.113 Y124.778 E1554.2560
G1 X162.315 Y124.414 E1554.2646
G1 X162.517 Y124.050 E1554.2733
G1 X162.719 Y123.686 E1554.2820
G1 X162.745 Y123.430 E1554.2927
G1 F2400 E1553.7927
G0 F9000 X161.404 Y127.170
G0 X162.017 Y129.673
G0 X167.289 Y138.070
G0 X169.646 Y139.155
G0 X196.653 Y138.537
G0 X198.771 Y137.037
G0 X203.759 Y127.736
G0 X203.519 Y125.155
G0 X189.481 Y102.075
G0 X187.124 Y100.989
G0 X176.577 Y101.319
G0 X174.671 Y102.668
G0 X167.736 Y114.844
G1 F1500 E1554.2927
G1 F3000 X167.763 Y114.588 E1554.3013
G1 X167.964 Y114.224 E1554.3099
G1 X168.166 Y113.860 E1554.3185
G1 X168.368 Y113.496 E1554.3272
G1 X168.570 Y113.133 E1554.3358
G1 X168.771 Y112.769 E1554.3445
G1 X168.973 Y112.405 E1554.3532
G1 X169.175 Y112.041 E1554.3618
G1 X169.377 Y111.677 E1554.3705
G1 X169.578 Y111.312 E1554.3792
G1 X169.780 Y110.948 E1554.3879
G1 X169.982 Y110.585 E1554.3966
G1 X170.183 Y110.221 E1554.4053
G1 X170.352 Y109.824 E1554.4131
G1 X170.561 Y109.750 E1554.4223
G1 F2400 E1553.9223
G0 F9000 X172.982 Y105.382
G1 F1500 E1554.4223
G1 F3000 X173.037 Y105.155 E1554.4276
G1 X173.211 Y104.763 E1554.4362
G1 X173.411 Y104.398 E1554.4449
G1 X173.613 Y104.034 E1554.4536
G1 X173.815 Y103.670 E1554.4624
G1 X173.949 Y103.238 E1554.4712
G1 X174.313 Y103.037 E1554.4797
G1 X174.414 Y102.572 E1554.4881
G1 X174.824 Y102.416 E1554.4962
G1 X174.977 Y102.004 E1554.5043
G1 X175.439 Y101.900 E1554.5124
G1 X175.640 Y101.536 E1554.5208
G1 X176.085 Y101.414 E1554.5292
G1 X176.491 Y101.255 E1554.5380
G1 X176.931 Y101.129 E1554.5475
G1 X177.411 Y101.043 E1554.5571
G1 X177.937 Y101.003 E1554.5677
G1 X178.489 Y100.990 E1554.5791
G1 X179.046 Y100.981 E1554.5905
G1 X179.601 Y100.971 E1554.6020
G1 X180.157 Y100.961 E1554.6135
G1 X180.714 Y100.952 E1554.6250
G1 X181.269 Y100.942 E1554.6365
G1 X181.825 Y100.932 E1554.6480
G1 X182.381 Y100.922 E1554.6595
G1 X182.937 Y100.913 E1554.6711
G1 X183.493 Y100.903 E1554.6826
G1 X184.049 Y100.894 E1554.6942
G1 X184.605 Y100.884 E1554.7057
G1 X185.161 Y100.874 E1554.7172
G1 X185.717 Y100.864 E1554.7287
G1 X186.273 Y100.855 E1554.7403
G1 X186.858 Y100.874 E1554.7526
G1 X187.520 Y100.970 E1554.7664
G1 X188.067 Y101.235 E1554.7917
G1 F2400 E1554.2917
G0 F9000 X188.703 Y101.305
G1 F1500 E1554.7917
G1 F3000 X189.443 Y102.045 E1554.8352
G1 F2400 E1554.3352
G0 F9000 X171.077 Y132.764
;TYPE:WALL-OUTER
;WIDTH:0.400
G1 F1500 E1554.8352
G1 F3000 X176.849 Y135.964 E1555.1096
G1 X176.002 Y137.492 E1555.1822
G1 X170.283 Y137.592 E1555.4200
G1 X169.807 Y137.561 E1555.4398
G1 X169.351 Y137.451 E1555.4593
G1 X168.920 Y137.268 E1555.4788
G1 X168.669 Y137.109 E1555.4912
G1 X171.077 Y132.764 E1555.6977
G0 F3600 X171.251 Y132.860
G1 F2400 E1555.1977
G0 F9000 X171.202 Y132.947
G0 X169.765 Y135.499
;TYPE:FILL
;WIDTH:0.400
G1 F1500 E1555.6977
G1 F5400 X171.654 Y137.388 E1555.8088
G1 F2400 E1555.3088
G0 F9000 X170.951 Y137.400
G1 F1500 E1555.8088
G1 F5400 X173.847 Y134.505 E1555.9790
G1 F2400 E1555.4790
G0 F9000 X175.702 Y121.100
;TYPE:WALL-OUTER
;WIDTH:0.400
G1 F1500 E1555.9790
G1 F3000 X181.475 Y124.300 E1556.2534
G1 X179.245 Y128.323 E1556.4447
G1 X173.472 Y125.123 E1556.7191
G1 X175.702 Y121.100 E1556.9103
G0 F3600 X175.876 Y121.196
G1 F2400 E1556.4103
G0 F9000 X175.827 Y121.283
G0 X174.059 Y124.845
;TYPE:SOLID-FILL
;WIDTH:0.400
G1 F1500 E1556.9103
G1 F3600 X174.439 Y125.224 E1556.9326
G1 X175.707 Y125.927 E1556.9929
G1 X174.261 Y124.481 E1557.0779
G1 X174.463 Y124.117 E1557.0952
G1 X176.976 Y126.630 E1557.2430
G1 X178.246 Y127.334 E1557.3034
G1 X174.664 Y123.752 E1557.5140
G1 X174.866 Y123.389 E1557.5312
G1 X179.163 Y127.686 E1557.7839
G1 X179.365 Y127.322 E1557.8012
G1 X175.068 Y123.025 E1558.0538
G1 X175.269 Y122.661 E1558.0711
G1 X179.566 Y126.958 E1558.3238
G1 X179.768 Y126.594 E1558.3411
G1 X175.471 Y122.296 E1558.5938
G1 X175.672 Y121.932 E1558.6110
G1 X179.969 Y126.229 E1558.8637
G1 X180.172 Y125.866 E1558.8810
G1 X176.014 Y121.708 E1559.1255
G1 X177.283 Y122.412 E1559.1858
G1 X180.373 Y125.502 E1559.3675
G1 X180.575 Y125.138 E1559.3848
G1 X178.552 Y123.115 E1559.5037
G1 X179.821 Y123.818 E1559.5640
G1 X180.776 Y124.773 E1559.6202
G0 F9000 X180.916 Y124.631
;TYPE:SOLID-FILL
;WIDTH:0.400
G1 F3000 X181.024 Y124.739 E1559.6265
G1 F2400 E1559.1265
G0 F9000 X172.296 Y113.117
;TYPE:WALL-OUTER
;WIDTH:0.400
G1 F1500 E1559.6265
G1 F3000 X173.345 Y113.698 E1559.6764
G1 X173.830 Y112.824 E1559.7179
G1 X175.229 Y113.599 E1559.7844
G1 X173.969 Y115.873 E1559.8925
G1 X173.750 Y115.752 E1559.9029
G1 X172.975 Y117.152 E1559.9695
G1 X172.357 Y116.809 E1559.9988
G1 X172.470 Y116.514 E1560.0120
G1 X172.488 Y116.357 E1560.0185
G1 X172.450 Y116.096 E1560.0295
G1 X172.388 Y115.952 E1560.0360
G1 X172.229 Y115.744 E1560.0469
G1 X172.105 Y115.647 E1560.0535
G1 X171.864 Y115.543 E1560.0644
G1 X171.711 Y115.520 E1560.0708
G1 X171.503 Y115.535 E1560.0795
G1 X171.307 Y115.598 E1560.0880
G1 X171.128 Y115.715 E1560.0969
G1 X170.947 Y115.908 E1560.1079
G1 X170.806 Y115.805 E1560.1152
G1 X172.296 Y113.117 E1560.2430
G0 F3600 X172.470 Y113.213
G1 F2400 E1559.7430
G0 F9000 X172.421 Y113.299
G0 X170.998 Y115.822
G0 X170.788 Y116.110
;TYPE:WALL-OUTER
;WIDTH:0.130
G1 F1500 E1560.2430
G1 F3000 X170.506 Y115.932 E1560.2475
G0 F9000 X170.874 Y115.730
G0 X171.612 Y114.718
;TYPE:FILL
;WIDTH:0.400
G1 F5400 X173.224 Y116.330 E1560.3422
G1 F2400 E1559.8422
G0 F9000 X178.469 Y102.692
;TYPE:WALL-OUTER
;WIDTH:0.400
G1 F1500 E1560.3422
G1 F3000 X185.639 Y102.566 E1560.6404
G1 X188.901 Y107.996 E1560.9037
G1 X183.577 Y111.195 E1561.1620
G1 X178.469 Y102.692 E1561.5744
G0 F3600 X178.668 Y102.689
G1 F2400 E1561.0744
G0 F9000 X183.759 Y110.503
;TYPE:SOLID-FILL
;WIDTH:0.400
G1 F1500 E1561.5744
G1 F2100 X184.167 Y110.628 E1561.5876
G1 X184.289 Y110.184 E1561.6008
G1 X184.874 Y110.203 E1561.6140
G1 X184.996 Y109.759 E1561.6271
G1 X185.581 Y109.779 E1561.6403
G1 X185.702 Y109.335 E1561.6535
G1 X186.287 Y109.354 E1561.6668
G1 X186.409 Y108.910 E1561.6799
G1 X186.994 Y108.930 E1561.6931
G1 X187.116 Y108.486 E1561.7063
G1 X187.701 Y108.506 E1561.7196
G1 X187.823 Y108.061 E1561.7327
G1 X188.409 Y108.081 E1561.7460
G1 X188.353 Y107.743 E1561.7598
G0 F9000 X187.943 Y107.615
;TYPE:SOLID-FILL
;WIDTH:0.400
G1 F3600 X188.030 Y107.702 E1561.7649
G1 X187.677 Y107.915 E1561.7820
G1 X187.589 Y107.828 E1561.7872
G1 X187.236 Y108.040 E1561.8043
G1 X187.323 Y108.127 E1561.8094
G1 X186.970 Y108.340 E1561.8266
G1 X186.883 Y108.253 E1561.8317
G1 X186.529 Y108.465 E1561.8488
G1 X186.616 Y108.552 E1561.8540
G1 X186.263 Y108.765 E1561.8711
G1 X186.176 Y108.677 E1561.8762
G1 X185.822 Y108.889 E1561.8934
G1 X185.910 Y108.977 E1561.8986
G1 X185.556 Y109.189 E1561.9157
G1 X185.469 Y109.101 E1561.9209
G1 X185.115 Y109.313 E1561.9380
G1 X185.203 Y109.402 E1561.9432
G1 X184.850 Y109.614 E1561.9603
G1 X184.762 Y109.526 E1561.9655
G1 X184.409 Y109.738 E1561.9826
G1 X184.496 Y109.826 E1561.9878
G1 X184.143 Y110.038 E1562.0049
G1 X184.055 Y109.950 E1562.0101
G1 X183.702 Y110.162 E1562.0272
G1 X183.790 Y110.251 E1562.0324
G0 F9000 X183.648 Y110.392
;TYPE:SOLID-FILL
;WIDTH:0.400
G1 F3000 X183.758 Y110.502 E1562.0389
G1 F2400 E1561.5389
G0 F9000 X187.973 Y107.363
G1 F1500 E1562.0389
G1 F3000 X188.084 Y107.473 E1562.0454
G0 F9000 X187.307 Y107.786
;TYPE:FILL
;WIDTH:0.400
G1 F5400 X182.326 Y102.804 E1562.3383
G1 F2400 E1561.8383
G0 F9000 X182.931 Y102.793
G1 F1500 E1562.3383
G1 F5400 X180.312 Y105.411 E1562.4922
G1 F2400 E1561.9922
G0 F9000 X187.009 Y111.604
;TYPE:WALL-OUTER
;WIDTH:0.400
G1 F1500 E1562.4922
G1 F3000 X191.856 Y108.694 E1562.7273
G1 X192.275 Y109.390 E1562.7610
G1 X194.741 Y113.494 E1562.9601
G1 X189.893 Y116.405 E1563.1952
G1 X187.009 Y111.604 E1563.4280
G0 F3600 X187.180 Y111.502
G0 F9000 X187.361 Y111.842
;TYPE:SOLID-FILL
;WIDTH:0.400
G1 F2100 X187.499 Y111.980 E1563.4359
G1 F2400 E1562.9359
G0 F9000 X188.211 Y113.258
G1 F1500 E1563.4359
G1 F2100 X188.352 Y113.398 E1563.4439
G1 F2400 E1562.9439
G0 F9000 X189.061 Y114.674
G1 F1500 E1563.4439
G1 F2100 X189.203 Y114.815 E1563.4520
G1 F2400 E1562.9520
G0 F9000 X189.911 Y116.089
G1 F1500 E1563.4520
G1 F2100 X189.969 Y116.147 E1563.4553
G0 F9000 X189.926 Y115.538
;TYPE:SOLID-FILL
;WIDTH:0.400
G1 F3000 X189.202 Y114.815 E1563.4978
G1 F2400 E1562.9978
G0 F9000 X189.074 Y114.121
G1 F1500 E1563.4978
G1 F3000 X188.351 Y113.398 E1563.5403
G1 F2400 E1563.0403
G0 F9000 X188.224 Y112.705
G1 F1500 E1563.5403
G1 F3000 X187.499 Y111.980 E1563.5830
G1 F2400 E1563.0830
G0 F9000 X189.711 Y110.190
;TYPE:FILL
;WIDTH:0.400
G1 F1500 E1563.5830
G1 F5400 X193.531 Y114.010 E1563.8076
G1 F2400 E1563.3076
G0 F9000 X187.016 Y120.512
;TYPE:WALL-OUTER
;WIDTH:0.400
G1 F1500 E1563.8076
G1 F3000 X189.123 Y121.680 E1563.9077
G1 X189.808 Y122.059 E1563.9403
G1 X190.051 Y122.219 E1563.9524
G1 X190.258 Y122.410 E1563.9641
G1 X190.435 Y122.631 E1563.9759
G1 X190.573 Y122.877 E1563.9876
G1 X190.672 Y123.141 E1563.9993
G1 X190.729 Y123.417 E1564.0110
G1 X190.741 Y123.700 E1564.0228
G1 X190.709 Y123.981 E1564.0346
G1 X190.633 Y124.252 E1564.0463
G1 X190.513 Y124.517 E1564.0584
G1 X187.705 Y129.582 E1564.2991
G1 X186.743 Y129.049 E1564.3449
G1 X189.465 Y124.137 E1564.5783
G1 X189.558 Y123.885 E1564.5895
G1 X189.560 Y123.577 E1564.6023
G1 X189.490 Y123.340 E1564.6126
G1 X189.416 Y123.210 E1564.6188
G1 X189.304 Y123.076 E1564.6261
G1 X189.120 Y122.935 E1564.6357
G1 X186.483 Y121.473 E1564.7611
G1 X187.016 Y120.512 E1564.8067
G0 F3600 X187.190 Y120.608
G0 F9000 X187.413 Y120.938
;TYPE:FILL
;WIDTH:0.400
G1 F5400 X186.869 Y121.482 E1564.8387
G1 F2400 E1564.3387
G0 F9000 X185.210 Y133.446
;TYPE:WALL-OUTER
;WIDTH:0.400
G1 F1500 E1564.8387
G1 F3000 X193.492 Y128.470 E1565.2404
G1 X197.785 Y135.617 E1565.5870
G1 X197.540 Y136.060 E1565.6081
G1 X197.307 Y136.332 E1565.6230
G1 X196.974 Y136.623 E1565.6414
G1 X196.602 Y136.859 E1565.6597
G1 X196.271 Y137.001 E1565.6747
G1 X195.768 Y137.143 E1565.6964
G1 X195.325 Y137.185 E1565.7149
G1 X187.538 Y137.321 E1566.0387
G1 X185.210 Y133.446 E1566.2266
G0 F3600 X185.381 Y133.343
G0 F9000 X185.691 Y133.365
;TYPE:SOLID-FILL
;WIDTH:0.400
G1 F2100 X185.935 Y133.326 E1566.2342
G1 X186.288 Y133.114 E1566.2418
G1 X186.641 Y132.901 E1566.2494
G1 X186.995 Y132.689 E1566.2571
G1 X187.348 Y132.477 E1566.2647
G1 X187.702 Y132.265 E1566.2723
G1 X188.056 Y132.053 E1566.2799
G1 X188.408 Y131.840 E1566.2874
G1 X188.762 Y131.628 E1566.2950
G1 X189.116 Y131.416 E1566.3027
G1 X189.469 Y131.203 E1566.3102
G1 X189.823 Y130.991 E1566.3178
G1 X190.175 Y130.778 E1566.3253
G1 X190.529 Y130.566 E1566.3329
G1 X190.883 Y130.354 E1566.3405
G1 X191.236 Y130.142 E1566.3480
G1 X191.589 Y129.929 E1566.3556
G1 X191.943 Y129.717 E1566.3632
G1 X192.296 Y129.505 E1566.3707
G1 X192.650 Y129.293 E1566.3783
G1 X193.003 Y129.080 E1566.3859
G1 X193.246 Y129.041 E1566.3935
G1 X193.348 Y129.425 E1566.4093
G1 X192.716 Y129.360 E1566.4251
G1 X192.641 Y129.850 E1566.4409
G1 X192.010 Y129.785 E1566.4567
G1 X191.934 Y130.275 E1566.4725
G1 X191.303 Y130.209 E1566.4883
G1 X191.228 Y130.700 E1566.5041
G1 X190.596 Y130.634 E1566.5200
G1 X190.521 Y131.124 E1566.5358
G1 X189.889 Y131.058 E1566.5516
G1 X189.814 Y131.549 E1566.5675
G1 X189.183 Y131.483 E1566.5833
G1 X189.107 Y131.973 E1566.5991
G1 X188.476 Y131.907 E1566.6149
G1 X188.400 Y132.397 E1566.6307
G1 X187.769 Y132.332 E1566.6465
G1 X187.694 Y132.822 E1566.6623
G1 X187.062 Y132.757 E1566.6782
G1 X186.987 Y133.247 E1566.6940
G1 X186.356 Y133.182 E1566.7098
G1 X186.280 Y133.672 E1566.7257
G1 X185.826 Y133.500 E1566.7452
G1 F2400 E1566.2452
G0 F9000 X188.944 Y132.050
;TYPE:FILL
;WIDTH:0.400
G1 F1500 E1566.7452
G1 F5400 X193.922 Y137.028 E1567.0379
G0 F9000 X193.950 Y137.028
G1 F5400 X196.743 Y134.235 E1567.2021
;PRINTING_TIME: 1200
;REMAINING_TIME: 287
;LAYER:9
;Z:4.170
;HEIGHT:0.250
;PRINTING: top_cover.stl
;PRINTING_ID: 0
G1 F2400 E1566.7021
G0 F900 Z4.170
G0 F9000 X185.940 Y133.898
;TYPE:WALL-INNER
;WIDTH:0.400
G1 F1500 E1567.2021
G1 F3000 X193.543 Y129.331 E1567.5709
G1 X197.323 Y135.625 E1567.8761
G1 X197.198 Y135.851 E1567.8869
G1 X197.025 Y136.052 E1567.8979
G1 X196.736 Y136.304 E1567.9138
G1 X196.417 Y136.507 E1567.9295
G1 X196.070 Y136.656 E1567.9452
G1 X195.703 Y136.750 E1567.9610
G1 X195.302 Y136.788 E1567.9777
G1 X187.756 Y136.921 E1568.2915
G1 X185.940 Y133.898 E1568.4381
G1 F2400 E1567.9381
G0 F9000 X185.391 Y133.761
;TYPE:WALL-OUTER
;WIDTH:0.400
G1 F1500 E1568.4381
G1 F3000 X193.680 Y128.782 E1568.8401
G1 X197.785 Y135.617 E1569.1716
G1 X197.528 Y136.081 E1569.1937
G1 X197.310 Y136.335 E1569.2076
G1 X196.976 Y136.626 E1569.2260
G1 X196.604 Y136.862 E1569.2443
G1 X196.199 Y137.036 E1569.2626
G1 X195.772 Y137.145 E1569.2810
G1 X195.325 Y137.188 E1569.2996
G1 X187.532 Y137.325 E1569.6237
G1 X185.391 Y133.761 E1569.7965
G0 F3600 X185.562 Y133.659
G1 F2400 E1569.2965
G0 F9000 X187.102 Y133.641
;TYPE:SOLID-FILL
;WIDTH:0.400
G1 F1500 E1569.7965
G1 F3600 X186.607 Y134.136 E1569.8256
G1 X188.024 Y133.284 E1569.8944
G1 X188.518 Y132.790 E1569.9234
G1 X189.935 Y131.939 E1569.9921
G1 X189.441 Y132.433 E1570.0212
G1 X190.858 Y131.581 E1570.0899
G1 X191.351 Y131.089 E1570.1189
G1 X192.767 Y130.238 E1570.1876
G1 X192.275 Y130.730 E1570.2165
G1 F2400 E1569.7165
G0 F9000 X193.041 Y130.247
;TYPE:SOLID-FILL
;WIDTH:0.400
G1 F1500 E1570.2165
G1 F3000 X193.566 Y129.722 E1570.2474
G1 F2400 E1569.7474
G0 F9000 X189.501 Y132.607
;TYPE:FILL
;WIDTH:0.400
G1 F1500 E1570.2474
G1 F5400 X193.532 Y136.638 E1570.4844
G1 F2400 E1569.9844
G0 F9000 X194.354 Y136.625
G1 F1500 E1570.4844
G1 F5400 X196.452 Y134.527 E1570.6077
G1 F2400 E1570.1077
G0 F9000 X173.744 Y103.180
;TYPE:WALL-OUTER
;WIDTH:0.400
G1 F1500 E1570.6077
G1 F3000 X174.142 Y102.574 E1570.6379
G1 X174.621 Y102.041 E1570.6677
G1 X175.174 Y101.584 E1570.6975
G1 X175.789 Y101.214 E1570.7273
G1 X176.451 Y100.941 E1570.7571
G1 X177.148 Y100.769 E1570.7869
G1 X177.870 Y100.702 E1570.8171
G1 X186.454 Y100.552 E1571.1740
G1 X187.178 Y100.594 E1571.2042
G1 X187.879 Y100.741 E1571.2340
G1 X188.551 Y100.991 E1571.2638
G1 X189.179 Y101.339 E1571.2936
G1 X189.747 Y101.776 E1571.3234
G1 X190.244 Y102.294 E1571.3533
G1 X190.663 Y102.885 E1571.3834
G1 X203.564 Y124.355 E1572.4247
G1 X203.890 Y125.002 E1572.4549
G1 X204.112 Y125.684 E1572.4847
G1 X204.232 Y126.392 E1572.5145
G1 X204.245 Y127.108 E1572.5443
G1 X204.150 Y127.820 E1572.5742
G1 X203.950 Y128.509 E1572.6040
G1 X203.647 Y129.167 E1572.6341
G1 X199.486 Y136.675 E1572.9910
G1 X199.087 Y137.282 E1573.0212
G1 X198.609 Y137.816 E1573.0510
G1 X198.056 Y138.273 E1573.0808
G1 X197.441 Y138.642 E1573.1106
G1 X196.777 Y138.916 E1573.1405
G1 X196.082 Y139.088 E1573.1703
G1 X195.360 Y139.154 E1573.2004
G1 X170.317 Y139.592 E1574.2417
G1 X169.593 Y139.550 E1574.2719
G1 X168.891 Y139.402 E1574.3017
G1 X168.219 Y139.153 E1574.3315
G1 X167.591 Y138.804 E1574.3614
G1 X167.023 Y138.368 E1574.3912
G1 X166.526 Y137.850 E1574.4210
G1 X166.107 Y137.259 E1574.4511
G1 X161.685 Y129.899 E1574.8081
G1 X161.359 Y129.252 E1574.8382
G1 X161.136 Y128.570 E1574.8680
G1 X161.017 Y127.864 E1574.8978
G1 X161.004 Y127.146 E1574.9277
G1 X161.099 Y126.435 E1574.9575
G1 X161.298 Y125.746 E1574.9873
G1 X161.602 Y125.087 E1575.0175
G1 X162.690 Y123.123 E1575.1108
G1 X163.216 Y123.413 E1575.1358
G1 X162.118 Y125.392 E1575.2299
G1 X161.860 Y125.955 E1575.2556
G1 X161.685 Y126.558 E1575.2817
G1 X161.603 Y127.181 E1575.3079
G1 X161.613 Y127.807 E1575.3339
G1 X161.717 Y128.427 E1575.3600
G1 X161.914 Y129.024 E1575.3862
G1 X162.192 Y129.578 E1575.4119
G1 X166.629 Y136.962 E1575.7701
G1 X166.987 Y137.469 E1575.7959
G1 X167.422 Y137.921 E1575.8220
G1 X167.920 Y138.304 E1575.8481
G1 X168.469 Y138.608 E1575.8742
G1 X169.057 Y138.828 E1575.9003
G1 X169.672 Y138.957 E1575.9264
G1 X170.291 Y138.992 E1575.9522
G1 X195.364 Y138.555 E1576.9948
G1 X195.982 Y138.497 E1577.0206
G1 X196.591 Y138.347 E1577.0466
G1 X197.172 Y138.107 E1577.0728
G1 X197.710 Y137.784 E1577.0989
G1 X198.194 Y137.384 E1577.1250
G1 X198.613 Y136.916 E1577.1511
G1 X198.953 Y136.397 E1577.1769
G1 X203.130 Y128.863 E1577.5350
G1 X203.389 Y128.300 E1577.5608
G1 X203.564 Y127.696 E1577.5869
G1 X203.646 Y127.074 E1577.6130
G1 X203.636 Y126.447 E1577.6391
G1 X203.531 Y125.827 E1577.6652
G1 X203.335 Y125.231 E1577.6913
G1 X203.057 Y124.677 E1577.7171
G1 X190.142 Y103.181 E1578.7597
G1 X189.783 Y102.675 E1578.7855
G1 X189.348 Y102.223 E1578.8116
G1 X188.850 Y101.839 E1578.8377
G1 X188.301 Y101.535 E1578.8638
G1 X187.713 Y101.316 E1578.8899
G1 X187.098 Y101.187 E1578.9160
G1 X186.479 Y101.152 E1578.9418
G1 X177.865 Y101.302 E1579.3000
G1 X177.248 Y101.359 E1579.3257
G1 X176.639 Y101.509 E1579.3518
G1 X176.058 Y101.749 E1579.3779
G1 X175.520 Y102.072 E1579.4040
G1 X175.036 Y102.472 E1579.4301
G1 X174.617 Y102.940 E1579.4563
G1 X174.277 Y103.459 E1579.4820
G1 X172.988 Y105.783 E1579.5925
G1 X172.590 Y105.562 E1579.6115
G1 X172.859 Y104.777 E1579.6460
G1 X173.744 Y103.180 E1579.7219
G0 F3600 X173.853 Y103.013
G1 F2400 E1579.2219
G0 F9000 X173.936 Y103.068
G0 X175.794 Y101.674
;TYPE:SOLID-FILL
;WIDTH:0.400
G1 F1500 E1579.7219
G1 F3000 X176.487 Y101.263 E1579.7465
G1 X177.245 Y101.070 E1579.7623
G1 X177.873 Y101.009 E1579.7750
G1 X178.456 Y100.991 E1579.7869
G1 X179.032 Y100.981 E1579.7989
G1 X179.607 Y100.971 E1579.8109
G1 X180.183 Y100.961 E1579.8228
G1 X180.759 Y100.951 E1579.8348
G1 X181.335 Y100.941 E1579.8468
G1 X181.910 Y100.931 E1579.8587
G1 X182.486 Y100.921 E1579.8707
G1 X183.062 Y100.910 E1579.8827
G1 X183.638 Y100.900 E1579.8947
G1 X184.213 Y100.890 E1579.9067
G1 X184.789 Y100.881 E1579.9187
G1 X185.365 Y100.870 E1579.9308
G1 X185.941 Y100.860 E1579.9428
G1 X186.509 Y100.858 E1579.9548
G1 X187.042 Y100.891 E1579.9658
G1 X187.526 Y100.971 E1579.9756
G1 X187.970 Y101.093 E1579.9851
G1 X188.375 Y101.254 E1579.9941
G1 X188.751 Y101.444 E1580.0026
G1 X189.169 Y101.591 E1580.0112
G1 X189.350 Y101.976 E1580.0194
G1 X189.786 Y102.106 E1580.0276
G1 X189.915 Y102.543 E1580.0358
G1 X190.301 Y102.722 E1580.0439
G1 X190.386 Y103.203 E1580.0521
G1 X190.745 Y103.410 E1580.0606
G1 X190.813 Y103.908 E1580.0691
G1 X191.169 Y104.117 E1580.0775
G1 X191.237 Y104.615 E1580.0859
G1 X191.594 Y104.824 E1580.0944
G1 X191.662 Y105.321 E1580.1029
G1 X192.019 Y105.530 E1580.1113
G1 X192.086 Y106.029 E1580.1199
G1 X192.443 Y106.237 E1580.1283
G1 X192.511 Y106.735 E1580.1369
G1 X192.868 Y106.944 E1580.1453
G1 X192.936 Y107.442 E1580.1537
G1 X193.293 Y107.651 E1580.1623
G1 X193.360 Y108.149 E1580.1708
G1 X193.717 Y108.357 E1580.1792
G1 X193.785 Y108.856 E1580.1877
G1 X194.142 Y109.064 E1580.1962
G1 X194.209 Y109.562 E1580.2047
G1 X194.567 Y109.771 E1580.2133
G1 X194.634 Y110.269 E1580.2217
G1 X194.991 Y110.478 E1580.2302
G1 X195.058 Y110.976 E1580.2388
G1 X195.416 Y111.184 E1580.2473
G1 X195.483 Y111.683 E1580.2558
G1 X195.840 Y111.891 E1580.2643
G1 X195.908 Y112.390 E1580.2728
G1 X196.265 Y112.598 E1580.2813
G1 X196.333 Y113.096 E1580.2899
G1 X196.690 Y113.304 E1580.2984
G1 X196.757 Y113.803 E1580.3069
G1 X197.115 Y114.011 E1580.3155
G1 X197.181 Y114.510 E1580.3240
G1 X197.539 Y114.718 E1580.3325
G1 X197.606 Y115.217 E1580.3410
G1 X197.964 Y115.425 E1580.3496
G1 X198.030 Y115.923 E1580.3581
G1 X198.388 Y116.131 E1580.3666
G1 X198.455 Y116.630 E1580.3752
G1 X198.813 Y116.838 E1580.3837
G1 X198.880 Y117.337 E1580.3922
G1 X199.238 Y117.544 E1580.4008
G1 X199.305 Y118.044 E1580.4093
G1 X199.662 Y118.252 E1580.4178
G1 X199.729 Y118.751 E1580.4263
G1 X200.087 Y118.958 E1580.4349
G1 X200.154 Y119.457 E1580.4434
G1 X200.512 Y119.665 E1580.4519
G1 X200.578 Y120.164 E1580.4605
G1 X200.937 Y120.371 E1580.4691
G1 X201.003 Y120.871 E1580.4776
G1 X201.361 Y121.078 E1580.4862
G1 X201.427 Y121.578 E1580.4948
G1 X201.786 Y121.785 E1580.5034
G1 X201.852 Y122.284 E1580.5119
G1 X202.210 Y122.492 E1580.5204
G1 X202.277 Y122.991 E1580.5290
G1 X202.635 Y123.198 E1580.5376
G1 X202.701 Y123.698 E1580.5462
G1 X203.059 Y123.905 E1580.5547
G1 X203.126 Y124.405 E1580.5632
G1 X203.473 Y124.623 E1580.5718
G1 X203.582 Y125.079 E1580.5804
G1 X203.734 Y125.493 E1580.5896
G1 X203.852 Y125.942 E1580.5988
G1 X203.921 Y126.438 E1580.6087
G1 X203.937 Y126.987 E1580.6200
G1 X203.869 Y127.622 E1580.6336
G1 X203.643 Y128.413 E1580.6505
G1 X203.113 Y129.508 E1580.6758
G1 X202.410 Y130.777 E1580.7058
G1 X201.706 Y132.047 E1580.7360
G1 X201.003 Y133.316 E1580.7661
G1 X200.299 Y134.586 E1580.7963
G1 X199.690 Y135.478 E1580.8412
G1 F2400 E1580.3412
G0 F9000 X199.500 Y136.233
G1 F1500 E1580.8412
G1 F3000 X198.914 Y136.820 E1580.8757
G1 F2400 E1580.3757
G0 F9000 X197.727 Y138.006
G1 F1500 E1580.8757
G1 F3000 X196.919 Y138.531 E1580.9058
G1 X196.125 Y138.759 E1580.9216
G1 X195.479 Y138.840 E1580.9343
G1 X194.891 Y138.862 E1580.9462
G1 X194.315 Y138.872 E1580.9581
G1 X193.740 Y138.882 E1580.9700
G1 X193.163 Y138.892 E1580.9820
G1 X192.588 Y138.902 E1580.9939
G1 X192.012 Y138.912 E1581.0058
G1 X191.437 Y138.923 E1581.0177
G1 X190.861 Y138.932 E1581.0296
G1 X190.285 Y138.942 E1581.0415
G1 X189.709 Y138.952 E1581.0534
G1 X189.134 Y138.963 E1581.0653
G1 X188.558 Y138.973 E1581.0773
G1 X187.982 Y138.983 E1581.0893
G1 X187.407 Y138.993 E1581.1012
G1 X186.831 Y139.003 E1581.1131
G1 X186.255 Y139.013 E1581.1251
G1 X185.679 Y139.023 E1581.1371
G1 X185.104 Y139.033 E1581.1490
G1 X184.527 Y139.043 E1581.1610
G1 X183.952 Y139.053 E1581.1729
G1 X183.376 Y139.063 E1581.1849
G1 X182.801 Y139.073 E1581.1968
G1 X182.224 Y139.083 E1581.2088
G1 X181.649 Y139.093 E1581.2208
G1 X181.073 Y139.103 E1581.2328
G1 X180.498 Y139.113 E1581.2447
G1 X179.921 Y139.124 E1581.2567
G1 X179.346 Y139.133 E1581.2687
G1 X178.770 Y139.143 E1581.2807
G1 X178.195 Y139.153 E1581.2927
G1 X177.619 Y139.163 E1581.3047
G1 X177.043 Y139.174 E1581.3166
G1 X176.467 Y139.184 E1581.3286
G1 X175.892 Y139.194 E1581.3406
G1 X175.316 Y139.203 E1581.3525
G1 X174.740 Y139.214 E1581.3646
G1 X174.164 Y139.224 E1581.3765
G1 X173.589 Y139.234 E1581.3885
G1 X173.013 Y139.244 E1581.4005
G1 X172.437 Y139.254 E1581.4124
G1 X171.862 Y139.264 E1581.4245
G1 X171.286 Y139.274 E1581.4365
G1 X170.710 Y139.284 E1581.4485
G1 X170.146 Y139.282 E1581.4605
G1 X169.624 Y139.238 E1581.4714
G1 X169.147 Y139.150 E1581.4811
G1 X168.713 Y139.018 E1581.4901
G1 X168.314 Y138.852 E1581.4991
G1 X167.942 Y138.658 E1581.5077
G1 X167.530 Y138.505 E1581.5161
G1 X167.357 Y138.112 E1581.5244
G1 X166.925 Y137.978 E1581.5325
G1 X166.801 Y137.536 E1581.5406
G1 X166.418 Y137.353 E1581.5488
G1 X166.337 Y136.868 E1581.5572
G1 X165.979 Y136.661 E1581.5657
G1 X165.913 Y136.162 E1581.5742
G1 X165.555 Y135.954 E1581.5828
G1 X165.488 Y135.455 E1581.5913
G1 X165.130 Y135.247 E1581.5998
G1 X165.064 Y134.748 E1581.6084
G1 X164.706 Y134.540 E1581.6169
G1 X164.639 Y134.041 E1581.6254
G1 X164.282 Y133.833 E1581.6339
G1 X164.214 Y133.335 E1581.6424
G1 X163.857 Y133.127 E1581.6509
G1 X163.789 Y132.628 E1581.6595
G1 X163.432 Y132.420 E1581.6680
G1 X163.365 Y131.921 E1581.6765
G1 X163.007 Y131.713 E1581.6850
G1 X162.940 Y131.214 E1581.6936
G1 X162.583 Y131.006 E1581.7021
G1 X162.516 Y130.508 E1581.7106
G1 X162.158 Y130.299 E1581.7191
G1 X162.020 Y129.872 E1581.7276
G1 X161.820 Y129.506 E1581.7361
G1 X161.642 Y129.119 E1581.7447
G1 X161.493 Y128.703 E1581.7540
G1 X161.382 Y128.247 E1581.7636
G1 X161.319 Y127.744 E1581.7736
G1 X161.315 Y127.183 E1581.7849
G1 X161.398 Y126.534 E1581.7984
G1 X161.651 Y125.716 E1581.8154
G1 X162.227 Y124.574 E1581.8425
G1 X162.837 Y123.682 E1581.8875
G1 F2400 E1581.3875
G0 F9000 X161.490 Y126.517
G0 X161.730 Y129.100
G0 X167.289 Y138.070
G0 X169.646 Y139.155
G0 X196.653 Y138.537
G0 X198.771 Y137.037
G0 X203.759 Y127.736
G0 X203.519 Y125.155
G0 X189.481 Y102.075
G0 X187.124 Y100.989
G0 X176.577 Y101.319
G0 X174.862 Y102.533
G0 X172.971 Y105.062
G1 F1500 E1581.8875
G1 F3000 X173.484 Y104.267 E1581.9119
G1 X174.096 Y103.372 E1581.9570
G1 F2400 E1581.4570
G0 F9000 X187.172 Y121.056
;TYPE:WALL-INNER
;WIDTH:0.400
G1 F1500 E1581.9570
G1 F3000 X188.673 Y121.888 E1582.0284
G1 X189.601 Y122.402 E1582.0725
G1 X189.804 Y122.535 E1582.0826
G1 X189.965 Y122.684 E1582.0917
G1 X190.102 Y122.855 E1582.1008
G1 X190.209 Y123.046 E1582.1099
G1 X190.287 Y123.252 E1582.1191
G1 X190.331 Y123.466 E1582.1281
G1 X190.340 Y123.686 E1582.1373
G1 X190.315 Y123.904 E1582.1464
G1 X190.256 Y124.115 E1582.1555
G1 X190.155 Y124.337 E1582.1657
G1 X187.549 Y129.038 E1582.3891
G1 X187.287 Y128.893 E1582.4016
G1 X189.830 Y124.304 E1582.6197
G1 X189.958 Y123.955 E1582.6352
G1 X189.958 Y123.508 E1582.6537
G1 X189.860 Y123.181 E1582.6679
G1 X189.738 Y122.967 E1582.6782
G1 X189.482 Y122.692 E1582.6938
G1 X187.026 Y121.318 E1582.8108
G1 X187.172 Y121.056 E1582.8233
G1 F2400 E1582.3233
G0 F9000 X187.016 Y120.512
;TYPE:WALL-OUTER
;WIDTH:0.400
G1 F1500 E1582.8233
G1 F3000 X188.867 Y121.538 E1582.9113
G1 X189.808 Y122.059 E1582.9560
G1 X190.051 Y122.219 E1582.9681
G1 X190.258 Y122.410 E1582.9798
G1 X190.435 Y122.631 E1582.9916
G1 X190.573 Y122.877 E1583.0033
G1 X190.672 Y123.141 E1583.0150
G1 X190.729 Y123.417 E1583.0267
G1 X190.741 Y123.700 E1583.0385
G1 X190.709 Y123.981 E1583.0503
G1 X190.633 Y124.252 E1583.0620
G1 X190.513 Y124.517 E1583.0740
G1 X187.705 Y129.582 E1583.3148
G1 X186.743 Y129.049 E1583.3605
G1 X189.465 Y124.137 E1583.5940
G1 X189.558 Y123.884 E1583.6052
G1 X189.558 Y123.567 E1583.6184
G1 X189.490 Y123.340 E1583.6283
G1 X189.413 Y123.205 E1583.6347
G1 X189.232 Y123.010 E1583.6458
G1 X186.483 Y121.473 E1583.7767
G1 X187.016 Y120.512 E1583.8224
G0 F3600 X187.190 Y120.608
G1 F2400 E1583.3224
G0 F9000 X187.141 Y120.695
G0 X187.328 Y121.599
G0 X175.858 Y121.644
;TYPE:WALL-INNER
;WIDTH:0.400
G1 F1500 E1583.8224
G1 F3000 X180.931 Y124.456 E1584.0636
G1 X179.089 Y127.779 E1584.2215
G1 X174.016 Y124.967 E1584.4627
G1 X175.858 Y121.644 E1584.6206
G1 F2400 E1584.1206
G0 F9000 X175.702 Y121.100
;TYPE:WALL-OUTER
;WIDTH:0.400
G1 F1500 E1584.6206
G1 F3000 X181.475 Y124.300 E1584.8950
G1 X179.245 Y128.323 E1585.0863
G1 X173.472 Y125.123 E1585.3607
G1 X175.702 Y121.100 E1585.5519
G0 F3600 X175.876 Y121.196
G1 F2400 E1585.0519
G0 F9000 X175.827 Y121.283
G0 X176.302 Y122.096
;TYPE:SOLID-FILL
;WIDTH:0.400
G1 F1500 E1585.5519
G1 F2100 X175.203 Y123.195 E1585.6146
G1 F2400 E1585.1146
G0 F9000 X174.499 Y124.464
G1 F1500 E1585.6146
G1 F2100 X176.666 Y122.298 E1585.7382
G0 F9000 X177.030 Y122.499
G1 F2100 X174.499 Y125.030 E1585.8825
G0 F9000 X174.863 Y125.232
G1 F2100 X177.394 Y122.701 E1586.0269
G0 F9000 X177.758 Y122.902
G1 F2100 X175.228 Y125.433 E1586.1712
G0 F9000 X175.591 Y125.635
G1 F2100 X178.122 Y123.105 E1586.3155
G0 F9000 X178.486 Y123.306
G1 F2100 X175.955 Y125.837 E1586.4599
G0 F9000 X176.319 Y126.038
G1 F2100 X178.850 Y123.508 E1586.6042
G0 F9000 X179.214 Y123.709
G1 F2100 X176.684 Y126.240 E1586.7485
G0 F9000 X177.047 Y126.442
G1 F2100 X179.578 Y123.911 E1586.8928
G0 F9000 X179.942 Y124.113
G1 F2100 X177.411 Y126.644 E1587.0372
G0 F9000 X177.775 Y126.845
G1 F2100 X180.306 Y124.315 E1587.1815
G0 F9000 X180.670 Y124.516
G1 F2100 X178.139 Y127.047 E1587.3259
G0 F9000 X178.503 Y127.249
G1 F2100 X180.011 Y125.741 E1587.4119
G1 F2400 E1586.9119
G0 F9000 X179.308 Y127.010
G1 F1500 E1587.4119
G1 F2100 X178.867 Y127.451 E1587.4370
G1 F2400 E1586.9370
G0 F9000 X172.452 Y113.661
;TYPE:WALL-INNER
;WIDTH:0.400
G1 F1500 E1587.4370
G1 F3000 X173.501 Y114.242 E1587.4869
G1 X173.986 Y113.368 E1587.5284
G1 X174.685 Y113.755 E1587.5616
G1 X173.813 Y115.330 E1587.6365
G1 X173.594 Y115.209 E1587.6469
G1 X173.014 Y116.256 E1587.6967
G1 X172.874 Y116.231 E1587.7026
G1 X172.838 Y115.986 E1587.7129
G1 X172.736 Y115.748 E1587.7236
G1 X172.516 Y115.460 E1587.7387
G1 X172.311 Y115.300 E1587.7495
G1 X171.975 Y115.155 E1587.7647
G1 X171.651 Y115.106 E1587.7783
G1 X172.452 Y113.661 E1587.8470
G1 F2400 E1587.3470
G0 F9000 X172.296 Y113.117
;TYPE:WALL-OUTER
;WIDTH:0.400
G1 F1500 E1587.8470
G1 F3000 X173.345 Y113.698 E1587.8969
G1 X173.830 Y112.824 E1587.9384
G1 X175.229 Y113.599 E1588.0049
G1 X173.969 Y115.873 E1588.1130
G1 X173.750 Y115.752 E1588.1234
G1 X172.975 Y117.152 E1588.1900
G1 X172.357 Y116.809 E1588.2193
G1 X172.470 Y116.514 E1588.2325
G1 X172.488 Y116.357 E1588.2390
G1 X172.450 Y116.096 E1588.2500
G1 X172.388 Y115.952 E1588.2565
G1 X172.229 Y115.744 E1588.2674
G1 X172.105 Y115.647 E1588.2740
G1 X171.864 Y115.543 E1588.2849
G1 X171.708 Y115.519 E1588.2914
G1 X171.447 Y115.547 E1588.3023
G1 X171.308 Y115.598 E1588.3085
G1 X171.180 Y115.673 E1588.3147
G1 X170.944 Y115.907 E1588.3285
G1 X170.807 Y115.803 E1588.3356
G1 X172.296 Y113.117 E1588.4633
G0 F3600 X172.470 Y113.213
G1 F2400 E1587.9633
G0 F9000 X172.421 Y113.299
G0 X170.882 Y115.828
G0 X171.032 Y116.174
;TYPE:WALL-OUTER
;WIDTH:0.106
G1 F1500 E1588.4633
G1 F3000 X170.973 Y116.270 E1588.4646
G1 F2400 E1587.9646
G0 F9000 X170.807 Y116.126
;WIDTH:0.134
G1 F1500 E1588.4646
G1 F3000 X170.507 Y115.930 E1588.4696
G0 F9000 X170.875 Y115.731
G0 X173.233 Y114.554
G0 X172.621 Y116.727
;TYPE:SOLID-FILL
;WIDTH:0.400
G1 F3000 X172.899 Y116.448 E1588.4859
G1 F2400 E1587.9859
G0 F9000 X173.517 Y114.699
G1 F1500 E1588.4859
G1 F3000 X174.394 Y113.822 E1588.5375
G1 F2400 E1588.0375
G0 F9000 X169.982 Y109.967
;TYPE:WALL-OUTER
;WIDTH:0.400
G1 F1500 E1588.5375
G1 F3000 X170.505 Y109.322 E1588.5720
G1 X170.903 Y109.544 E1588.5910
G1 X167.788 Y115.163 E1588.8581
G1 X167.264 Y114.872 E1588.8830
G1 X169.982 Y109.967 E1589.1161
G0 F3600 X170.108 Y109.812
G0 F9000 X170.060 Y110.236
;TYPE:SOLID-FILL
;WIDTH:0.400
G1 F3000 X170.573 Y109.723 E1589.1463
G1 F2400 E1588.6463
G0 F9000 X169.869 Y110.993
G1 F1500 E1589.1463
G1 F3000 X169.261 Y111.883 E1589.1763
G1 X168.558 Y113.151 E1589.2063
G1 X167.856 Y114.420 E1589.2363
G1 X167.682 Y114.877 E1589.2566
G1 F2400 E1588.7566
G0 F9000 X165.035 Y126.938
;TYPE:WALL-INNER
;WIDTH:0.400
G1 F1500 E1589.2566
G1 F3000 X165.287 Y126.999 E1589.2674
G1 X165.650 Y126.992 E1589.2825
G1 X165.804 Y126.950 E1589.2891
G1 X165.885 Y127.053 E1589.2946
G1 X165.353 Y128.014 E1589.3403
G1 X164.653 Y127.626 E1589.3735
G1 X165.035 Y126.938 E1589.4062
G1 F2400 E1588.9062
G0 F9000 X165.178 Y126.561
;TYPE:WALL-OUTER
;WIDTH:0.400
G1 F1500 E1589.4062
G1 F3000 X165.331 Y126.598 E1589.4128
G1 X165.593 Y126.593 E1589.4237
G1 X165.744 Y126.552 E1589.4302
G1 X165.972 Y126.420 E1589.4411
G1 X166.083 Y126.309 E1589.4477
G1 X166.222 Y126.075 E1589.4590
G1 X166.278 Y125.783 E1589.4713
G1 X166.866 Y126.109 E1589.4993
G1 X165.509 Y128.558 E1589.6157
G1 X164.109 Y127.782 E1589.6823
G1 X164.876 Y126.399 E1589.7480
G1 X165.178 Y126.561 E1589.7623
G0 F3600 X165.331 Y126.598
G0 X165.374 Y126.598
G1 F2400 E1589.2623
G0 F9000 X166.238 Y126.080
G0 X166.292 Y125.800
G0 X166.254 Y125.530
G0 X166.169 Y125.411
G0 X166.068 Y125.563
;TYPE:WALL-OUTER
;WIDTH:0.107
G1 F1500 E1589.7623
G1 F3000 X166.064 Y125.498 E1589.7630
G1 X166.020 Y125.450 E1589.7637
G0 F9000 X166.569 Y126.172
;TYPE:SOLID-FILL
;WIDTH:0.400
G1 F3000 X165.948 Y126.794 E1589.8002
G0 F9000 X165.549 Y127.192
G1 F3000 X165.097 Y127.644 E1589.8268
G1 F2400 E1589.3268
G0 F9000 X171.233 Y133.308
;TYPE:WALL-INNER
;WIDTH:0.400
G1 F1500 E1589.8268
G1 F3000 X176.305 Y136.120 E1590.0679
G1 X175.764 Y137.096 E1590.1143
G1 X170.293 Y137.192 E1590.3418
G1 X169.867 Y137.164 E1590.3596
G1 X169.477 Y137.070 E1590.3762
G1 X169.211 Y136.957 E1590.3883
G1 X171.233 Y133.308 E1590.5617
G1 F2400 E1590.0617
G0 F9000 X171.077 Y132.764
;TYPE:WALL-OUTER
;WIDTH:0.400
G1 F1500 E1590.5617
G1 F3000 X176.849 Y135.964 E1590.8361
G1 X176.002 Y137.492 E1590.9087
G1 X170.283 Y137.592 E1591.1465
G1 X169.807 Y137.561 E1591.1664
G1 X169.351 Y137.451 E1591.1859
G1 X168.920 Y137.268 E1591.2053
G1 X168.669 Y137.109 E1591.2177
G1 X171.077 Y132.764 E1591.4242
G0 F3600 X171.251 Y132.860
G1 F2400 E1590.9242
G0 F9000 X171.202 Y132.947
G0 X173.552 Y134.800
;TYPE:FILL
;WIDTH:0.400
G1 F1500 E1591.4242
G1 F5400 X171.358 Y136.993 E1591.5532
G0 F9000 X171.261 Y136.994
G1 F5400 X170.059 Y135.793 E1591.6238
G1 F2400 E1591.1238
G0 F9000 X187.753 Y111.624
;TYPE:WALL-INNER
;WIDTH:0.400
G1 F1500 E1591.6238
G1 F3000 X191.722 Y109.241 E1591.8163
G1 X192.128 Y109.916 E1591.8490
G1 X194.195 Y113.355 E1592.0159
G1 X190.225 Y115.739 E1592.2084
G1 X187.753 Y111.624 E1592.4080
G1 F2400 E1591.9080
G0 F9000 X187.204 Y111.487
;TYPE:WALL-OUTER
;WIDTH:0.400
G1 F1500 E1592.4080
G1 F3000 X191.859 Y108.692 E1592.6337
G1 X192.471 Y109.710 E1592.6831
G1 X194.744 Y113.492 E1592.8665
G1 X190.088 Y116.288 E1593.0923
G1 X187.204 Y111.487 E1593.3252
G0 F3600 X187.375 Y111.385
G1 F2400 E1592.8252
G0 F9000 X188.154 Y111.942
;TYPE:SOLID-FILL
;WIDTH:0.400
G1 F1500 E1593.3252
G1 F3000 X188.474 Y111.904 E1593.3378
G1 X188.472 Y112.472 E1593.3503
G1 X188.898 Y112.611 E1593.3629
G1 X188.896 Y113.178 E1593.3754
G1 X189.323 Y113.317 E1593.3880
G1 X189.321 Y113.885 E1593.4005
G1 X189.747 Y114.024 E1593.4131
G1 X189.745 Y114.592 E1593.4256
G1 X190.172 Y114.731 E1593.4382
G1 X190.170 Y115.299 E1593.4507
G1 X190.491 Y115.261 E1593.4642
G1 F2400 E1592.9642
G0 F9000 X193.239 Y113.718
;TYPE:FILL
;WIDTH:0.400
G1 F1500 E1593.4642
G1 F5400 X190.003 Y110.482 E1593.6544
G1 F2400 E1593.1544
G0 F9000 X179.169 Y103.080
;TYPE:WALL-INNER
;WIDTH:0.400
G1 F1500 E1593.6544
G1 F3000 X185.415 Y102.970 E1593.9141
G1 X188.095 Y107.431 E1594.1305
G1 X183.457 Y110.218 E1594.3555
G1 X179.169 Y103.080 E1594.7017
G1 F2400 E1594.2017
G0 F9000 X178.469 Y102.692
;TYPE:WALL-OUTER
;WIDTH:0.400
G1 F1500 E1594.7017
G1 F3000 X185.639 Y102.566 E1594.9998
G1 X188.644 Y107.568 E1595.2424
G1 X183.320 Y110.767 E1595.5006
G1 X178.469 Y102.692 E1595.8923
G0 F3600 X178.668 Y102.689
G1 F2400 E1595.3923
G0 F9000 X183.489 Y109.535
;TYPE:SOLID-FILL
;WIDTH:0.400
G1 F1500 E1595.8923
G1 F3600 X184.232 Y108.792 E1595.9360
G1 X185.648 Y107.942 E1596.0046
G1 X184.356 Y109.233 E1596.0805
G1 X185.773 Y108.383 E1596.1492
G1 X187.063 Y107.092 E1596.2251
G0 F9000 X187.346 Y106.923
G1 F3600 X187.515 Y107.206 E1596.2388
G1 X187.190 Y107.531 E1596.2579
G1 F2400 E1595.7579
G0 F9000 X183.630 Y109.677
;TYPE:SOLID-FILL
;WIDTH:0.400
G1 F1500 E1596.2579
G1 F3000 X183.343 Y109.681 E1596.2685
G1 X183.347 Y109.394 E1596.2805
G1 F2400 E1595.7805
G0 F9000 X186.650 Y107.129
;TYPE:FILL
;WIDTH:0.400
G1 F1500 E1596.2805
G1 F5400 X182.719 Y103.197 E1596.5116
G0 F9000 X182.524 Y103.200
G1 F5400 X180.604 Y105.119 E1596.6245
;PRINTING_TIME: 1240
;REMAINING_TIME: 246
;LAYER:10
;Z:4.420
;HEIGHT:0.250
;PRINTING: top_cover.stl
;PRINTING_ID: 0
G1 F2400 E1596.1245
G0 F900 Z4.420
G0 F9000 X178.469 Y102.692
;TYPE:WALL-OUTER
;WIDTH:0.400
G1 F1500 E1596.6245
G1 F3000 X185.639 Y102.566 E1596.9226
G1 X188.386 Y107.139 E1597.1444
G1 X183.062 Y110.338 E1597.4026
G1 X178.469 Y102.692 E1597.7735
G0 F3600 X178.668 Y102.689
G1 F2400 E1597.2735
G0 F9000 X183.029 Y109.773
;TYPE:SOLID-FILL
;WIDTH:0.400
G1 F1500 E1597.7735
G1 F2100 X183.438 Y109.899 E1597.7868
G1 X183.559 Y109.454 E1597.8000
G1 X184.145 Y109.474 E1597.8132
G1 X184.266 Y109.030 E1597.8265
G1 X184.852 Y109.050 E1597.8397
G1 X184.972 Y108.605 E1597.8529
G1 X185.559 Y108.626 E1597.8662
G1 X185.679 Y108.180 E1597.8794
G1 X186.265 Y108.201 E1597.8927
G1 X186.386 Y107.755 E1597.9059
G1 X186.972 Y107.777 E1597.9192
G1 X187.093 Y107.331 E1597.9324
G1 X187.679 Y107.352 E1597.9456
G1 X187.623 Y107.013 E1597.9595
G0 F9000 X187.654 Y106.761
;TYPE:SOLID-FILL
;WIDTH:0.400
G1 F3600 X187.568 Y106.675 E1597.9645
G1 X187.215 Y106.887 E1597.9817
G1 X187.300 Y106.973 E1597.9867
G1 X186.947 Y107.185 E1598.0038
G1 X186.861 Y107.099 E1598.0089
G1 X186.507 Y107.311 E1598.0260
G1 X186.594 Y107.398 E1598.0311
G1 X186.240 Y107.610 E1598.0483
G1 X186.154 Y107.524 E1598.0533
G1 X185.800 Y107.736 E1598.0705
G1 X185.887 Y107.822 E1598.0756
G1 X185.533 Y108.034 E1598.0927
G1 X185.447 Y107.948 E1598.0978
G1 X185.093 Y108.160 E1598.1149
G1 X185.179 Y108.246 E1598.1200
G1 X184.826 Y108.458 E1598.1371
G1 X184.740 Y108.372 E1598.1422
G1 X184.387 Y108.585 E1598.1593
G1 X184.473 Y108.671 E1598.1644
G1 X184.119 Y108.883 E1598.1815
G1 X184.033 Y108.797 E1598.1866
G1 X183.680 Y109.009 E1598.2037
G1 X183.766 Y109.095 E1598.2088
G1 X183.412 Y109.308 E1598.2259
G1 X183.326 Y109.221 E1598.2310
G1 X182.973 Y109.433 E1598.2481
G1 X183.059 Y109.520 E1598.2532
G1 F2400 E1597.7532
G0 F9000 X186.578 Y107.057
;TYPE:FILL
;WIDTH:0.400
G1 F1500 E1598.2532
G1 F5400 X182.326 Y102.804 E1598.5033
G1 F2400 E1598.0033
G0 F9000 X182.931 Y102.793
G1 F1500 E1598.5033
G1 F5400 X180.312 Y105.411 E1598.6572
G1 F2400 E1598.1572
G0 F9000 X173.744 Y103.180
;TYPE:WALL-OUTER
;WIDTH:0.400
G1 F1500 E1598.6572
G1 F3000 X174.142 Y102.574 E1598.6874
G1 X174.621 Y102.041 E1598.7172
G1 X175.174 Y101.584 E1598.7470
G1 X175.789 Y101.214 E1598.7768
G1 X176.451 Y100.941 E1598.8066
G1 X177.148 Y100.769 E1598.8364
G1 X177.870 Y100.702 E1598.8666
G1 X186.454 Y100.552 E1599.2235
G1 X187.178 Y100.594 E1599.2537
G1 X187.879 Y100.741 E1599.2835
G1 X188.551 Y100.991 E1599.3133
G1 X189.179 Y101.339 E1599.3431
G1 X189.747 Y101.776 E1599.3729
G1 X190.244 Y102.294 E1599.4027
G1 X190.663 Y102.885 E1599.4329
G1 X203.564 Y124.355 E1600.4742
G1 X203.890 Y125.002 E1600.5044
G1 X204.112 Y125.684 E1600.5342
G1 X204.232 Y126.392 E1600.5640
G1 X204.245 Y127.108 E1600.5938
G1 X204.150 Y127.820 E1600.6237
G1 X204.115 Y127.943 E1600.6290
G1 X203.950 Y128.509 E1600.6535
G1 X203.647 Y129.167 E1600.6836
G1 X199.486 Y136.675 E1601.0405
G1 X199.087 Y137.282 E1601.0707
G1 X198.609 Y137.816 E1601.1005
G1 X198.056 Y138.273 E1601.1303
G1 X197.441 Y138.642 E1601.1601
G1 X196.777 Y138.916 E1601.1900
G1 X196.082 Y139.088 E1601.2198
G1 X195.360 Y139.154 E1601.2499
G1 X170.317 Y139.592 E1602.2912
G1 X169.593 Y139.550 E1602.3214
G1 X168.891 Y139.402 E1602.3512
G1 X168.219 Y139.153 E1602.3810
G1 X167.591 Y138.804 E1602.4109
G1 X167.023 Y138.368 E1602.4406
G1 X166.526 Y137.850 E1602.4705
G1 X166.107 Y137.259 E1602.5006
G1 X161.685 Y129.899 E1602.8576
G1 X161.359 Y129.252 E1602.8877
G1 X161.136 Y128.570 E1602.9175
G1 X161.017 Y127.864 E1602.9473
G1 X161.004 Y127.146 E1602.9772
G1 X161.099 Y126.435 E1603.0070
G1 X161.298 Y125.746 E1603.0368
G1 X161.602 Y125.087 E1603.0670
G1 X162.669 Y123.161 E1603.1585
G1 X163.194 Y123.452 E1603.1835
G1 X162.118 Y125.392 E1603.2757
G1 X161.860 Y125.955 E1603.3014
G1 X161.685 Y126.558 E1603.3276
G1 X161.603 Y127.181 E1603.3537
G1 X161.613 Y127.807 E1603.3797
G1 X161.717 Y128.427 E1603.4058
G1 X161.914 Y129.024 E1603.4320
G1 X162.192 Y129.577 E1603.4577
G1 X163.155 Y131.181 E1603.5355
G1 X166.629 Y136.962 E1603.8159
G1 X166.987 Y137.469 E1603.8417
G1 X167.422 Y137.921 E1603.8678
G1 X167.920 Y138.304 E1603.8939
G1 X168.469 Y138.608 E1603.9200
G1 X169.057 Y138.828 E1603.9461
G1 X169.673 Y138.957 E1603.9723
G1 X170.430 Y138.990 E1604.0038
G1 X195.364 Y138.555 E1605.0406
G1 X195.982 Y138.497 E1605.0664
G1 X196.591 Y138.347 E1605.0924
G1 X197.172 Y138.107 E1605.1186
G1 X197.710 Y137.784 E1605.1447
G1 X198.194 Y137.384 E1605.1708
G1 X198.613 Y136.916 E1605.1969
G1 X198.953 Y136.397 E1605.2227
G1 X203.130 Y128.863 E1605.5808
G1 X203.389 Y128.300 E1605.6066
G1 X203.564 Y127.696 E1605.6327
G1 X203.646 Y127.075 E1605.6588
G1 X203.639 Y126.591 E1605.6789
G1 X203.636 Y126.446 E1605.6849
G1 X203.531 Y125.827 E1605.7110
G1 X203.335 Y125.231 E1605.7371
G1 X203.057 Y124.677 E1605.7629
G1 X190.142 Y103.181 E1606.8055
G1 X189.783 Y102.675 E1606.8313
G1 X189.348 Y102.223 E1606.8574
G1 X188.850 Y101.839 E1606.8835
G1 X188.301 Y101.535 E1606.9096
G1 X187.713 Y101.316 E1606.9357
G1 X187.097 Y101.187 E1606.9618
G1 X186.259 Y101.155 E1606.9967
G1 X177.865 Y101.302 E1607.3457
G1 X177.248 Y101.359 E1607.3715
G1 X176.639 Y101.509 E1607.3976
G1 X176.058 Y101.749 E1607.4237
G1 X175.520 Y102.072 E1607.4498
G1 X175.036 Y102.472 E1607.4759
G1 X174.617 Y102.940 E1607.5020
G1 X174.277 Y103.459 E1607.5278
G1 X172.988 Y105.783 E1607.6383
G1 X172.590 Y105.562 E1607.6572
G1 X172.859 Y104.777 E1607.6917
G1 X173.744 Y103.180 E1607.7676
G0 F3600 X173.853 Y103.013
G1 F2400 E1607.2676
G0 F9000 X173.936 Y103.068
G0 X176.577 Y101.319
G0 X187.768 Y101.124
G0 X189.708 Y102.310
;TYPE:SOLID-FILL
;WIDTH:0.400
G1 F1500 E1607.7676
G1 F3000 X190.650 Y103.252 E1607.8230
G1 F2400 E1607.3230
G0 F9000 X190.919 Y104.086
G1 F1500 E1607.8230
G1 F3000 X191.502 Y104.670 E1607.8573
G1 F2400 E1607.3573
G0 F9000 X191.770 Y105.503
G1 F1500 E1607.8573
G1 F3000 X192.354 Y106.087 E1607.8917
G1 F2400 E1607.3917
G0 F9000 X192.621 Y106.920
G1 F1500 E1607.8917
G1 F3000 X193.205 Y107.504 E1607.9260
G1 F2400 E1607.4260
G0 F9000 X193.472 Y108.337
G1 F1500 E1607.9260
G1 F3000 X194.057 Y108.922 E1607.9604
G1 F2400 E1607.4604
G0 F9000 X194.324 Y109.754
G1 F1500 E1607.9604
G1 F3000 X194.909 Y110.339 E1607.9948
G1 F2400 E1607.4948
G0 F9000 X195.174 Y111.170
G1 F1500 E1607.9948
G1 F3000 X195.760 Y111.756 E1608.0293
G1 F2400 E1607.5293
G0 F9000 X196.026 Y112.587
G1 F1500 E1608.0293
G1 F3000 X196.612 Y113.173 E1608.0637
G1 F2400 E1607.5637
G0 F9000 X196.876 Y114.003
G1 F1500 E1608.0637
G1 F3000 X197.463 Y114.590 E1608.0982
G1 F2400 E1607.5982
G0 F9000 X197.728 Y115.421
G1 F1500 E1608.0982
G1 F3000 X198.315 Y116.008 E1608.1327
G1 F2400 E1607.6327
G0 F9000 X198.579 Y116.838
G1 F1500 E1608.1327
G1 F3000 X199.167 Y117.425 E1608.1673
G1 F2400 E1607.6673
G0 F9000 X199.430 Y118.254
G1 F1500 E1608.1673
G1 F3000 X200.018 Y118.842 E1608.2019
G1 F2400 E1607.7019
G0 F9000 X200.281 Y119.671
G1 F1500 E1608.2019
G1 F3000 X200.870 Y120.260 E1608.2365
G1 F2400 E1607.7365
G0 F9000 X201.132 Y121.088
G1 F1500 E1608.2365
G1 F3000 X201.722 Y121.677 E1608.2711
G1 F2400 E1607.7711
G0 F9000 X201.983 Y122.504
G1 F1500 E1608.2711
G1 F3000 X202.573 Y123.094 E1608.3058
G1 F2400 E1607.8058
G0 F9000 X202.834 Y123.921
G1 F1500 E1608.3058
G1 F3000 X203.411 Y124.498 E1608.3398
G1 F2400 E1607.8398
G0 F9000 X203.527 Y125.180
G1 F1500 E1608.3398
G1 F3000 X203.798 Y125.734 E1608.3581
G1 X203.918 Y126.419 E1608.3722
G1 X203.935 Y127.002 E1608.3840
G1 X203.888 Y127.520 E1608.3944
G1 X203.789 Y127.988 E1608.4042
G1 X203.651 Y128.414 E1608.4136
G1 X203.481 Y128.811 E1608.4223
G1 X203.292 Y129.187 E1608.4311
G1 X203.090 Y129.551 E1608.4397
G1 X202.888 Y129.915 E1608.4484
G1 X202.686 Y130.279 E1608.4570
G1 X202.485 Y130.643 E1608.4657
G1 X202.283 Y131.006 E1608.4744
G1 X202.081 Y131.371 E1608.4830
G1 X201.880 Y131.734 E1608.4917
G1 X201.677 Y132.098 E1608.5004
G1 X201.476 Y132.462 E1608.5090
G1 X201.274 Y132.826 E1608.5177
G1 X201.073 Y133.190 E1608.5264
G1 X200.870 Y133.554 E1608.5351
G1 X200.669 Y133.918 E1608.5438
G1 X200.467 Y134.282 E1608.5524
G1 X200.265 Y134.646 E1608.5611
G1 X200.064 Y135.010 E1608.5698
G1 X199.862 Y135.374 E1608.5785
G1 X199.660 Y135.737 E1608.5872
G1 X199.458 Y136.101 E1608.5959
G1 X199.254 Y136.463 E1608.6046
G1 X199.109 Y136.883 E1608.6130
G1 X198.727 Y137.068 E1608.6214
G1 X198.609 Y137.515 E1608.6296
G1 X198.181 Y137.652 E1608.6379
G1 X198.005 Y138.043 E1608.6461
G1 X197.597 Y138.199 E1608.6545
G1 X197.229 Y138.397 E1608.6628
G1 X196.834 Y138.568 E1608.6717
G1 X196.400 Y138.700 E1608.6812
G1 X195.929 Y138.795 E1608.6908
G1 X195.413 Y138.845 E1608.7013
G1 X194.865 Y138.863 E1608.7127
G1 X194.309 Y138.872 E1608.7241
G1 X193.753 Y138.882 E1608.7355
G1 X193.197 Y138.892 E1608.7469
G1 X192.642 Y138.902 E1608.7582
G1 X192.085 Y138.911 E1608.7697
G1 X191.529 Y138.921 E1608.7810
G1 X190.974 Y138.931 E1608.7924
G1 X190.417 Y138.940 E1608.8038
G1 X189.862 Y138.950 E1608.8152
G1 X189.305 Y138.960 E1608.8267
G1 X188.750 Y138.969 E1608.8381
G1 X188.194 Y138.979 E1608.8495
G1 X187.638 Y138.989 E1608.8610
G1 X187.082 Y138.998 E1608.8724
G1 X186.526 Y139.008 E1608.8838
G1 X185.970 Y139.018 E1608.8952
G1 X185.414 Y139.028 E1608.9066
G1 X184.858 Y139.037 E1608.9181
G1 X184.302 Y139.047 E1608.9294
G1 X183.746 Y139.057 E1608.9409
G1 X183.190 Y139.066 E1608.9524
G1 X182.634 Y139.076 E1608.9638
G1 X182.078 Y139.086 E1608.9753
G1 X181.522 Y139.095 E1608.9867
G1 X180.966 Y139.105 E1608.9981
G1 X180.410 Y139.115 E1609.0095
G1 X179.854 Y139.124 E1609.0209
G1 X179.298 Y139.134 E1609.0323
G1 X178.742 Y139.144 E1609.0437
G1 X178.186 Y139.153 E1609.0552
G1 X177.630 Y139.163 E1609.0666
G1 X177.074 Y139.173 E1609.0780
G1 X176.518 Y139.183 E1609.0894
G1 X175.962 Y139.192 E1609.1008
G1 X175.406 Y139.202 E1609.1122
G1 X174.850 Y139.212 E1609.1236
G1 X174.295 Y139.222 E1609.1350
G1 X173.739 Y139.232 E1609.1465
G1 X173.182 Y139.241 E1609.1580
G1 X172.627 Y139.251 E1609.1694
G1 X172.071 Y139.261 E1609.1809
G1 X171.515 Y139.271 E1609.1924
G1 X170.959 Y139.280 E1609.2039
G1 X170.399 Y139.286 E1609.2154
G1 X169.807 Y139.260 E1609.2279
G1 X169.122 Y139.141 E1609.2427
G1 X168.551 Y138.853 E1609.2693
G1 F2400 E1608.7693
G0 F9000 X167.855 Y138.722
G1 F1500 E1609.2693
G1 F3000 X166.257 Y137.124 E1609.3632
G1 F2400 E1608.8632
G0 F9000 X165.994 Y136.295
G1 F1500 E1609.3632
G1 F3000 X165.407 Y135.708 E1609.3977
G1 F2400 E1608.8977
G0 F9000 X165.143 Y134.879
G1 F1500 E1609.3977
G1 F3000 X164.556 Y134.292 E1609.4323
G1 F2400 E1608.9323
G0 F9000 X164.292 Y133.462
G1 F1500 E1609.4323
G1 F3000 X163.705 Y132.875 E1609.4668
G1 F2400 E1608.9668
G0 F9000 X163.440 Y132.045
G1 F1500 E1609.4668
G1 F3000 X162.854 Y131.458 E1609.5013
G1 F2400 E1609.0013
G0 F9000 X162.589 Y130.628
G1 F1500 E1609.5013
G1 F3000 X162.003 Y130.041 E1609.5357
G1 F2400 E1609.0357
G0 F9000 X161.829 Y129.302
G1 F1500 E1609.5357
G1 F3000 X161.488 Y128.678 E1609.5571
G1 X161.341 Y127.966 E1609.5712
G1 X161.306 Y127.365 E1609.5829
G1 X161.345 Y126.838 E1609.5935
G1 X161.432 Y126.359 E1609.6038
G1 X161.563 Y125.925 E1609.6132
G1 X161.728 Y125.524 E1609.6219
G1 X161.914 Y125.145 E1609.6307
G1 X162.114 Y124.779 E1609.6393
G1 X162.316 Y124.415 E1609.6480
G1 X162.518 Y124.051 E1609.6566
G1 X162.719 Y123.687 E1609.6654
G1 X162.749 Y123.434 E1609.6759
G1 F2400 E1609.1759
G0 F9000 X161.203 Y127.157
G0 X161.860 Y129.803
G0 X167.700 Y138.637
G0 X170.321 Y139.392
G0 X196.715 Y138.726
G0 X199.315 Y136.572
G0 X204.046 Y127.097
G0 X203.389 Y124.451
G0 X189.614 Y101.924
G0 X186.450 Y100.752
G0 X175.878 Y101.392
G0 X174.271 Y103.356
G0 X172.981 Y105.382
G1 F1500 E1609.6759
G1 F3000 X173.037 Y105.155 E1609.6812
G1 X173.210 Y104.762 E1609.6899
G1 X173.411 Y104.398 E1609.6986
G1 X173.613 Y104.034 E1609.7073
G1 X173.814 Y103.669 E1609.7161
G1 X173.949 Y103.238 E1609.7248
G1 X174.313 Y103.037 E1609.7333
G1 X174.414 Y102.572 E1609.7417
G1 X174.824 Y102.416 E1609.7498
G1 X174.977 Y102.004 E1609.7579
G1 X175.439 Y101.900 E1609.7660
G1 X175.640 Y101.536 E1609.7744
G1 X176.085 Y101.414 E1609.7828
G1 X176.491 Y101.255 E1609.7916
G1 X176.931 Y101.129 E1609.8011
G1 X177.411 Y101.043 E1609.8107
G1 X177.937 Y101.003 E1609.8213
G1 X178.489 Y100.990 E1609.8327
G1 X179.045 Y100.980 E1609.8441
G1 X179.601 Y100.971 E1609.8555
G1 X180.157 Y100.961 E1609.8670
G1 X180.713 Y100.951 E1609.8785
G1 X181.269 Y100.941 E1609.8899
G1 X181.825 Y100.932 E1609.9014
G1 X182.381 Y100.922 E1609.9129
G1 X182.937 Y100.912 E1609.9244
G1 X183.493 Y100.902 E1609.9358
G1 X184.049 Y100.893 E1609.9473
G1 X184.605 Y100.883 E1609.9588
G1 X185.161 Y100.873 E1609.9702
G1 X185.716 Y100.864 E1609.9817
G1 X186.273 Y100.854 E1609.9932
G1 X186.862 Y100.878 E1610.0060
G1 X187.520 Y100.970 E1610.0198
G1 X188.067 Y101.235 E1610.0451
G1 F2400 E1609.5451
G0 F9000 X188.703 Y101.305
G1 F1500 E1610.0451
G1 F3000 X189.443 Y102.045 E1610.0886
G1 F2400 E1609.5886
G0 F9000 X169.982 Y109.967
;TYPE:WALL-OUTER
;WIDTH:0.400
G1 F1500 E1610.0886
G1 F3000 X170.505 Y109.322 E1610.1231
G1 X170.903 Y109.544 E1610.1420
G1 X167.809 Y115.125 E1610.4073
G1 X167.286 Y114.834 E1610.4322
G1 X169.982 Y109.967 E1610.6635
G0 F3600 X170.108 Y109.812
G0 F9000 X170.479 Y109.668
;TYPE:SOLID-FILL
;WIDTH:0.400
G1 F3000 X170.392 Y109.864 E1610.6682
G1 X170.183 Y110.220 E1610.6760
G1 X169.981 Y110.584 E1610.6846
G1 X169.780 Y110.948 E1610.6933
G1 X169.578 Y111.312 E1610.7020
G1 X169.376 Y111.676 E1610.7106
G1 X169.174 Y112.040 E1610.7192
G1 X168.973 Y112.405 E1610.7279
G1 X168.771 Y112.768 E1610.7365
G1 X168.570 Y113.132 E1610.7451
G1 X168.368 Y113.496 E1610.7537
G1 X168.166 Y113.860 E1610.7623
G1 X167.964 Y114.224 E1610.7709
G1 X167.763 Y114.588 E1610.7795
G1 X167.736 Y114.844 E1610.7902
G1 F2400 E1610.2902
G0 F9000 X172.296 Y113.117
;TYPE:WALL-OUTER
;WIDTH:0.400
G1 F1500 E1610.7902
G1 F3000 X173.345 Y113.698 E1610.8401
G1 X173.830 Y112.824 E1610.8816
G1 X175.229 Y113.599 E1610.9481
G1 X173.969 Y115.873 E1611.0562
G1 X173.750 Y115.752 E1611.0666
G1 X172.975 Y117.152 E1611.1331
G1 X172.357 Y116.809 E1611.1625
G1 X172.470 Y116.514 E1611.1757
G1 X172.488 Y116.357 E1611.1822
G1 X172.450 Y116.096 E1611.1932
G1 X172.388 Y115.952 E1611.1997
G1 X172.229 Y115.744 E1611.2106
G1 X172.105 Y115.647 E1611.2171
G1 X171.864 Y115.543 E1611.2281
G1 X171.708 Y115.519 E1611.2346
G1 X171.447 Y115.547 E1611.2455
G1 X171.302 Y115.601 E1611.2520
G1 X171.117 Y115.725 E1611.2612
G1 X170.948 Y115.908 E1611.2716
G1 X170.806 Y115.805 E1611.2789
G1 X172.296 Y113.117 E1611.4066
G0 F3600 X172.470 Y113.213
G1 F2400 E1610.9066
G0 F9000 X172.421 Y113.299
G0 X170.998 Y115.822
G0 X170.814 Y116.128
;TYPE:WALL-OUTER
;WIDTH:0.132
G1 F1500 E1611.4066
G1 F3000 X170.506 Y115.932 E1611.4117
G0 F9000 X170.873 Y115.730
G0 X171.612 Y114.718
;TYPE:FILL
;WIDTH:0.400
G1 F5400 X173.224 Y116.330 E1611.5064
G1 F2400 E1611.0064
G0 F9000 X187.399 Y111.370
;TYPE:WALL-OUTER
;WIDTH:0.400
G1 F1500 E1611.5064
G1 F3000 X191.862 Y108.690 E1611.7229
G1 X192.667 Y110.030 E1611.7879
G1 X194.747 Y113.490 E1611.9557
G1 X190.283 Y116.171 E1612.1722
G1 X187.399 Y111.370 E1612.4050
G0 F3600 X187.570 Y111.268
G0 F9000 X187.840 Y111.756
;TYPE:SOLID-FILL
;WIDTH:0.400
G1 F2100 X187.977 Y111.892 E1612.4128
G1 F2400 E1611.9128
G0 F9000 X188.690 Y113.171
G1 F1500 E1612.4128
G1 F2100 X188.828 Y113.309 E1612.4207
G1 F2400 E1611.9207
G0 F9000 X189.539 Y114.586
G1 F1500 E1612.4207
G1 F2100 X189.679 Y114.726 E1612.4287
G0 F9000 X189.679 Y114.725
;TYPE:SOLID-FILL
;WIDTH:0.400
G1 F3000 X190.403 Y115.450 E1612.4713
G1 F2400 E1611.9713
G0 F9000 X189.551 Y114.032
G1 F1500 E1612.4713
G1 F3000 X188.827 Y113.308 E1612.5138
G1 F2400 E1612.0138
G0 F9000 X188.700 Y112.615
G1 F1500 E1612.5138
G1 F3000 X187.976 Y111.891 E1612.5564
G1 F2400 E1612.0564
G0 F9000 X189.711 Y110.190
;TYPE:FILL
;WIDTH:0.400
G1 F1500 E1612.5564
G1 F5400 X193.530 Y114.009 E1612.7810
G1 F2400 E1612.2810
G0 F9000 X187.016 Y120.512
;TYPE:WALL-OUTER
;WIDTH:0.400
G1 F1500 E1612.7810
G1 F3000 X188.611 Y121.396 E1612.8568
G1 X189.808 Y122.059 E1612.9137
G1 X190.051 Y122.219 E1612.9258
G1 X190.258 Y122.410 E1612.9375
G1 X190.435 Y122.631 E1612.9492
G1 X190.573 Y122.877 E1612.9610
G1 X190.672 Y123.141 E1612.9727
G1 X190.729 Y123.417 E1612.9844
G1 X190.741 Y123.700 E1612.9962
G1 X190.709 Y123.980 E1613.0079
G1 X190.633 Y124.252 E1613.0196
G1 X190.513 Y124.517 E1613.0317
G1 X187.705 Y129.582 E1613.2725
G1 X186.743 Y129.049 E1613.3182
G1 X189.465 Y124.137 E1613.5517
G1 X189.554 Y123.895 E1613.5624
G1 X189.571 Y123.743 E1613.5688
G1 X189.554 Y123.549 E1613.5769
G1 X189.490 Y123.339 E1613.5860
G1 X189.413 Y123.205 E1613.5924
G1 X189.232 Y123.010 E1613.6035
G1 X186.483 Y121.473 E1613.7344
G1 X187.016 Y120.512 E1613.7801
G0 F3600 X187.190 Y120.608
G0 F9000 X187.413 Y120.938
;TYPE:FILL
;WIDTH:0.400
G1 F5400 X186.869 Y121.483 E1613.8121
G1 F2400 E1613.3121
G0 F9000 X185.573 Y134.076
;TYPE:WALL-OUTER
;WIDTH:0.400
G1 F1500 E1613.8121
G1 F3000 X193.867 Y129.093 E1614.2144
G1 X197.785 Y135.617 E1614.5308
G1 X197.517 Y136.101 E1614.5538
G1 X197.312 Y136.337 E1614.5668
G1 X196.978 Y136.629 E1614.5852
G1 X196.605 Y136.865 E1614.6036
G1 X196.200 Y137.039 E1614.6219
G1 X195.771 Y137.149 E1614.6403
G1 X195.325 Y137.192 E1614.6590
G1 X187.526 Y137.329 E1614.9833
G1 X185.573 Y134.076 E1615.1410
G0 F3600 X185.744 Y133.973
G0 F9000 X185.867 Y134.107
;TYPE:SOLID-FILL
;WIDTH:0.400
G1 F2100 X186.111 Y134.068 E1615.1486
G1 X186.465 Y133.856 E1615.1562
G1 X186.818 Y133.644 E1615.1638
G1 X187.171 Y133.431 E1615.1714
G1 X187.525 Y133.219 E1615.1790
G1 X187.878 Y133.007 E1615.1865
G1 X188.232 Y132.794 E1615.1941
G1 X188.585 Y132.582 E1615.2017
G1 X188.938 Y132.369 E1615.2092
G1 X189.292 Y132.157 E1615.2168
G1 X189.645 Y131.945 E1615.2244
G1 X189.999 Y131.733 E1615.2320
G1 X190.352 Y131.520 E1615.2395
G1 X190.705 Y131.308 E1615.2471
G1 X191.059 Y131.096 E1615.2547
G1 X191.412 Y130.884 E1615.2623
G1 X191.765 Y130.671 E1615.2698
G1 X192.119 Y130.459 E1615.2774
G1 X192.472 Y130.247 E1615.2850
G1 X192.826 Y130.035 E1615.2926
G1 X193.179 Y129.822 E1615.3001
G1 X193.532 Y129.610 E1615.3077
G1 X193.776 Y129.570 E1615.3152
G1 X193.878 Y129.956 E1615.3311
G1 X193.246 Y129.889 E1615.3470
G1 X193.171 Y130.380 E1615.3628
G1 X192.540 Y130.314 E1615.3786
G1 X192.465 Y130.805 E1615.3945
G1 X191.832 Y130.739 E1615.4104
G1 X191.757 Y131.229 E1615.4262
G1 X191.126 Y131.163 E1615.4420
G1 X191.050 Y131.654 E1615.4578
G1 X190.419 Y131.588 E1615.4736
G1 X190.344 Y132.078 E1615.4895
G1 X189.712 Y132.013 E1615.5053
G1 X189.637 Y132.503 E1615.5211
G1 X189.005 Y132.437 E1615.5370
G1 X188.930 Y132.928 E1615.5529
G1 X188.299 Y132.862 E1615.5686
G1 X188.223 Y133.352 E1615.5845
G1 X187.592 Y133.286 E1615.6003
G1 X187.517 Y133.777 E1615.6162
G1 X186.885 Y133.711 E1615.6320
G1 X186.810 Y134.201 E1615.6478
G1 X186.178 Y134.135 E1615.6637
G1 X186.280 Y134.519 E1615.6797
G1 F2400 E1615.1797
G0 F9000 X189.474 Y132.580
;TYPE:FILL
;WIDTH:0.400
G1 F1500 E1615.6797
G1 F5400 X193.929 Y137.035 E1615.9416
G0 F9000 X193.943 Y137.036
G1 F5400 X196.743 Y134.235 E1616.1063
G1 F2400 E1615.6063
G0 F9000 X171.077 Y132.764
;TYPE:WALL-OUTER
;WIDTH:0.400
G1 F1500 E1616.1063
G1 F3000 X176.849 Y135.964 E1616.3807
G1 X176.002 Y137.492 E1616.4533
G1 X170.283 Y137.592 E1616.6911
G1 X169.807 Y137.561 E1616.7109
G1 X169.351 Y137.451 E1616.7304
G1 X168.920 Y137.268 E1616.7499
G1 X168.669 Y137.109 E1616.7623
G1 X171.077 Y132.764 E1616.9688
G0 F3600 X171.251 Y132.860
G1 F2400 E1616.4688
G0 F9000 X171.202 Y132.947
G0 X169.765 Y135.499
;TYPE:FILL
;WIDTH:0.400
G1 F1500 E1616.9688
G1 F5400 X171.654 Y137.388 E1617.0799
G1 F2400 E1616.5799
G0 F9000 X170.951 Y137.400
G1 F1500 E1617.0799
G1 F5400 X173.847 Y134.505 E1617.2501
G1 F2400 E1616.7501
G0 F9000 X164.876 Y126.399
;TYPE:WALL-OUTER
;WIDTH:0.400
G1 F1500 E1617.2501
G1 F3000 X165.178 Y126.561 E1617.2643
G1 X165.329 Y126.598 E1617.2708
G1 X165.556 Y126.598 E1617.2802
G1 X165.741 Y126.554 E1617.2882
G1 X165.972 Y126.420 E1617.2993
G1 X166.083 Y126.309 E1617.3058
G1 X166.222 Y126.075 E1617.3171
G1 X166.278 Y125.783 E1617.3295
G1 X166.866 Y126.109 E1617.3574
G1 X165.509 Y128.558 E1617.4738
G1 X164.109 Y127.782 E1617.5404
G1 X164.876 Y126.399 E1617.6061
G0 F3600 X165.052 Y126.493
G1 F2400 E1617.1061
G0 F9000 X165.004 Y126.581
G0 X165.454 Y128.366
G0 X166.674 Y126.164
G0 X166.591 Y125.916
G0 X166.374 Y125.811
G0 X166.068 Y125.563
;TYPE:WALL-OUTER
;WIDTH:0.107
G1 F1500 E1617.6061
G1 F3000 X166.064 Y125.498 E1617.6068
G1 X166.020 Y125.450 E1617.6076
G0 F9000 X166.374 Y125.811
G0 X166.372 Y125.808
G0 X166.362 Y125.870
G0 X166.268 Y126.387
;TYPE:SOLID-FILL
;WIDTH:0.400
G1 F3000 X166.305 Y126.707 E1617.6157
G1 X165.968 Y126.653 E1617.6299
;PRINTING_TIME: 1272
;REMAINING_TIME: 214
;LAYER:11
;Z:4.670
;HEIGHT:0.250
;PRINTING: top_cover.stl
;PRINTING_ID: 0
G1 F2400 E1617.1299
G0 F900 Z4.670
G0 F9000 X165.035 Y126.938
;TYPE:WALL-INNER
;WIDTH:0.400
G1 F1500 E1617.6299
G1 F3000 X165.287 Y126.999 E1617.6406
G1 X165.650 Y126.992 E1617.6557
G1 X165.804 Y126.950 E1617.6624
G1 X165.885 Y127.053 E1617.6678
G1 X165.353 Y128.014 E1617.7135
G1 X164.653 Y127.626 E1617.7468
G1 X165.035 Y126.938 E1617.7795
G1 F2400 E1617.2795
G0 F9000 X165.178 Y126.561
;TYPE:WALL-OUTER
;WIDTH:0.400
G1 F1500 E1617.7795
G1 F3000 X165.331 Y126.598 E1617.7860
G1 X165.593 Y126.593 E1617.7969
G1 X165.744 Y126.552 E1617.8034
G1 X165.972 Y126.420 E1617.8144
G1 X166.083 Y126.309 E1617.8209
G1 X166.222 Y126.075 E1617.8322
G1 X166.278 Y125.783 E1617.8446
G1 X166.866 Y126.109 E1617.8725
G1 X165.509 Y128.558 E1617.9889
G1 X164.109 Y127.782 E1618.0555
G1 X164.876 Y126.399 E1618.1212
G1 X165.178 Y126.561 E1618.1355
G0 F3600 X165.331 Y126.598
G0 X165.374 Y126.598
G1 F2400 E1617.6355
G0 F9000 X166.238 Y126.080
G0 X166.292 Y125.800
G0 X166.254 Y125.530
G0 X166.169 Y125.411
G0 X166.068 Y125.563
;TYPE:WALL-OUTER
;WIDTH:0.107
G1 F1500 E1618.1355
G1 F3000 X166.064 Y125.498 E1618.1362
G1 X166.020 Y125.450 E1618.1369
G0 F9000 X166.569 Y126.172
;TYPE:SOLID-FILL
;WIDTH:0.400
G1 F3000 X165.948 Y126.794 E1618.1735
G0 F9000 X165.549 Y127.192
G1 F3000 X165.097 Y127.644 E1618.2000
G1 F2400 E1617.7000
G0 F9000 X173.744 Y103.180
;TYPE:WALL-OUTER
;WIDTH:0.400
G1 F1500 E1618.2000
G1 F3000 X174.142 Y102.574 E1618.2302
G1 X174.621 Y102.041 E1618.2600
G1 X175.174 Y101.584 E1618.2898
G1 X175.789 Y101.214 E1618.3196
G1 X176.451 Y100.941 E1618.3494
G1 X177.148 Y100.769 E1618.3793
G1 X177.870 Y100.702 E1618.4094
G1 X186.486 Y100.553 E1618.7677
G1 X187.177 Y100.594 E1618.7964
G1 X187.879 Y100.741 E1618.8263
G1 X188.551 Y100.991 E1618.8561
G1 X189.179 Y101.339 E1618.8859
G1 X189.747 Y101.776 E1618.9157
G1 X190.244 Y102.294 E1618.9456
G1 X190.663 Y102.885 E1618.9757
G1 X203.564 Y124.355 E1620.0171
G1 X203.890 Y125.002 E1620.0472
G1 X204.112 Y125.684 E1620.0770
G1 X204.232 Y126.392 E1620.1068
G1 X204.245 Y127.108 E1620.1366
G1 X204.150 Y127.820 E1620.1665
G1 X203.950 Y128.509 E1620.1963
G1 X203.647 Y129.167 E1620.2264
G1 X199.486 Y136.675 E1620.5833
G1 X199.087 Y137.281 E1620.6135
G1 X198.584 Y137.837 E1620.6446
G1 X198.056 Y138.273 E1620.6731
G1 X197.441 Y138.642 E1620.7029
G1 X196.777 Y138.916 E1620.7328
G1 X196.082 Y139.088 E1620.7626
G1 X195.360 Y139.154 E1620.7927
G1 X170.285 Y139.591 E1621.8354
G1 X169.593 Y139.550 E1621.8642
G1 X168.891 Y139.402 E1621.8940
G1 X168.219 Y139.153 E1621.9238
G1 X167.591 Y138.804 E1621.9537
G1 X167.023 Y138.368 E1621.9834
G1 X166.526 Y137.850 E1622.0133
G1 X166.107 Y137.259 E1622.0434
G1 X161.685 Y129.899 E1622.4004
G1 X161.359 Y129.252 E1622.4305
G1 X161.136 Y128.570 E1622.4603
G1 X161.017 Y127.864 E1622.4901
G1 X161.004 Y127.146 E1622.5200
G1 X161.099 Y126.435 E1622.5498
G1 X161.298 Y125.746 E1622.5796
G1 X161.602 Y125.087 E1622.6098
G1 X162.664 Y123.170 E1622.7009
G1 X163.189 Y123.461 E1622.7258
G1 X162.118 Y125.392 E1622.8176
G1 X161.860 Y125.955 E1622.8434
G1 X161.685 Y126.558 E1622.8695
G1 X161.603 Y127.181 E1622.8956
G1 X161.613 Y127.807 E1622.9216
G1 X161.717 Y128.427 E1622.9478
G1 X161.914 Y129.024 E1622.9739
G1 X162.192 Y129.577 E1622.9997
G1 X162.417 Y129.952 E1623.0178
G1 X166.629 Y136.962 E1623.3578
G1 X166.987 Y137.469 E1623.3836
G1 X167.422 Y137.921 E1623.4097
G1 X167.920 Y138.304 E1623.4358
G1 X168.469 Y138.608 E1623.4619
G1 X169.057 Y138.828 E1623.4880
G1 X169.672 Y138.957 E1623.5142
G1 X170.322 Y138.992 E1623.5412
G1 X195.364 Y138.555 E1624.5825
G1 X195.982 Y138.497 E1624.6083
G1 X196.591 Y138.347 E1624.6344
G1 X197.172 Y138.107 E1624.6605
G1 X197.710 Y137.784 E1624.6866
G1 X198.194 Y137.384 E1624.7127
G1 X198.613 Y136.916 E1624.7388
G1 X198.953 Y136.397 E1624.7646
G1 X203.130 Y128.863 E1625.1228
G1 X203.389 Y128.300 E1625.1485
G1 X203.564 Y127.696 E1625.1747
G1 X203.646 Y127.074 E1625.2008
G1 X203.636 Y126.447 E1625.2268
G1 X203.531 Y125.827 E1625.2530
G1 X203.335 Y125.231 E1625.2791
G1 X203.057 Y124.677 E1625.3048
G1 X190.142 Y103.181 E1626.3474
G1 X189.783 Y102.675 E1626.3732
G1 X189.348 Y102.223 E1626.3993
G1 X188.850 Y101.839 E1626.4255
G1 X188.301 Y101.535 E1626.4515
G1 X187.713 Y101.316 E1626.4776
G1 X187.098 Y101.187 E1626.5038
G1 X186.428 Y101.152 E1626.5316
G1 X177.865 Y101.302 E1626.8877
G1 X177.248 Y101.359 E1626.9135
G1 X176.639 Y101.509 E1626.9395
G1 X176.058 Y101.749 E1626.9657
G1 X175.520 Y102.072 E1626.9918
G1 X175.036 Y102.472 E1627.0179
G1 X174.617 Y102.940 E1627.0440
G1 X174.277 Y103.459 E1627.0698
G1 X172.988 Y105.783 E1627.1803
G1 X172.590 Y105.562 E1627.1992
G1 X172.859 Y104.777 E1627.2337
G1 X173.744 Y103.180 E1627.3096
G0 F3600 X173.853 Y103.013
G1 F2400 E1626.8096
G0 F9000 X173.936 Y103.068
G0 X175.794 Y101.674
;TYPE:SOLID-FILL
;WIDTH:0.400
G1 F1500 E1627.3096
G1 F3000 X176.487 Y101.263 E1627.3342
G1 X177.245 Y101.070 E1627.3500
G1 X177.873 Y101.009 E1627.3628
G1 X178.456 Y100.991 E1627.3747
G1 X179.032 Y100.981 E1627.3866
G1 X179.607 Y100.971 E1627.3985
G1 X180.184 Y100.961 E1627.4105
G1 X180.759 Y100.951 E1627.4224
G1 X181.335 Y100.941 E1627.4344
G1 X181.910 Y100.931 E1627.4463
G1 X182.486 Y100.920 E1627.4583
G1 X183.062 Y100.911 E1627.4701
G1 X183.637 Y100.901 E1627.4820
G1 X184.213 Y100.891 E1627.4939
G1 X184.789 Y100.880 E1627.5059
G1 X185.365 Y100.870 E1627.5178
G1 X185.940 Y100.860 E1627.5297
G1 X186.507 Y100.859 E1627.5416
G1 X187.042 Y100.891 E1627.5527
G1 X187.526 Y100.972 E1627.5624
G1 X187.970 Y101.093 E1627.5720
G1 X188.375 Y101.254 E1627.5810
G1 X188.751 Y101.444 E1627.5895
G1 X189.169 Y101.591 E1627.5980
G1 X189.350 Y101.976 E1627.6063
G1 X189.786 Y102.106 E1627.6145
G1 X189.915 Y102.543 E1627.6226
G1 X190.301 Y102.722 E1627.6308
G1 X190.386 Y103.203 E1627.6390
G1 X190.745 Y103.410 E1627.6475
G1 X190.813 Y103.908 E1627.6559
G1 X191.169 Y104.117 E1627.6643
G1 X191.237 Y104.615 E1627.6728
G1 X191.594 Y104.824 E1627.6813
G1 X191.662 Y105.321 E1627.6897
G1 X192.019 Y105.530 E1627.6982
G1 X192.086 Y106.029 E1627.7067
G1 X192.443 Y106.237 E1627.7152
G1 X192.511 Y106.735 E1627.7237
G1 X192.868 Y106.944 E1627.7321
G1 X192.936 Y107.442 E1627.7406
G1 X193.293 Y107.651 E1627.7491
G1 X193.360 Y108.149 E1627.7576
G1 X193.717 Y108.357 E1627.7660
G1 X193.785 Y108.856 E1627.7746
G1 X194.142 Y109.064 E1627.7831
G1 X194.209 Y109.562 E1627.7916
G1 X194.567 Y109.771 E1627.8001
G1 X194.634 Y110.269 E1627.8086
G1 X194.991 Y110.478 E1627.8171
G1 X195.058 Y110.976 E1627.8256
G1 X195.416 Y111.184 E1627.8341
G1 X195.483 Y111.683 E1627.8426
G1 X195.840 Y111.891 E1627.8511
G1 X195.908 Y112.390 E1627.8597
G1 X196.265 Y112.598 E1627.8682
G1 X196.333 Y113.096 E1627.8767
G1 X196.690 Y113.304 E1627.8852
G1 X196.757 Y113.803 E1627.8937
G1 X197.115 Y114.011 E1627.9023
G1 X197.181 Y114.510 E1627.9108
G1 X197.539 Y114.718 E1627.9193
G1 X197.606 Y115.217 E1627.9279
G1 X197.964 Y115.425 E1627.9364
G1 X198.030 Y115.923 E1627.9449
G1 X198.388 Y116.131 E1627.9535
G1 X198.455 Y116.630 E1627.9620
G1 X198.813 Y116.838 E1627.9705
G1 X198.880 Y117.337 E1627.9790
G1 X199.238 Y117.544 E1627.9876
G1 X199.305 Y118.044 E1627.9961
G1 X199.662 Y118.252 E1628.0046
G1 X199.729 Y118.751 E1628.0131
G1 X200.087 Y118.958 E1628.0217
G1 X200.154 Y119.457 E1628.0303
G1 X200.512 Y119.665 E1628.0388
G1 X200.578 Y120.164 E1628.0473
G1 X200.937 Y120.371 E1628.0559
G1 X201.003 Y120.871 E1628.0645
G1 X201.361 Y121.078 E1628.0730
G1 X201.427 Y121.578 E1628.0816
G1 X201.786 Y121.785 E1628.0902
G1 X201.852 Y122.284 E1628.0988
G1 X202.210 Y122.492 E1628.1073
G1 X202.277 Y122.991 E1628.1159
G1 X202.635 Y123.198 E1628.1244
G1 X202.701 Y123.698 E1628.1330
G1 X203.059 Y123.905 E1628.1415
G1 X203.126 Y124.405 E1628.1501
G1 X203.473 Y124.623 E1628.1587
G1 X203.582 Y125.079 E1628.1672
G1 X203.734 Y125.493 E1628.1765
G1 X203.852 Y125.942 E1628.1856
G1 X203.921 Y126.438 E1628.1956
G1 X203.937 Y126.987 E1628.2069
G1 X203.869 Y127.622 E1628.2204
G1 X203.643 Y128.413 E1628.2373
G1 X203.113 Y129.508 E1628.2626
G1 X202.410 Y130.777 E1628.2926
G1 X201.706 Y132.047 E1628.3228
G1 X201.003 Y133.316 E1628.3530
G1 X200.299 Y134.586 E1628.3832
G1 X199.690 Y135.478 E1628.4281
G1 F2400 E1627.9281
G0 F9000 X199.500 Y136.233
G1 F1500 E1628.4281
G1 F3000 X198.914 Y136.820 E1628.4626
G1 F2400 E1627.9626
G0 F9000 X197.727 Y138.006
G1 F1500 E1628.4626
G1 F3000 X196.919 Y138.531 E1628.4926
G1 X196.125 Y138.759 E1628.5084
G1 X195.479 Y138.840 E1628.5212
G1 X194.891 Y138.862 E1628.5330
G1 X194.315 Y138.872 E1628.5450
G1 X193.740 Y138.882 E1628.5569
G1 X193.163 Y138.892 E1628.5688
G1 X192.588 Y138.902 E1628.5807
G1 X192.012 Y138.912 E1628.5926
G1 X191.437 Y138.922 E1628.6045
G1 X190.861 Y138.932 E1628.6164
G1 X190.285 Y138.942 E1628.6283
G1 X189.709 Y138.952 E1628.6402
G1 X189.134 Y138.962 E1628.6521
G1 X188.558 Y138.972 E1628.6641
G1 X187.982 Y138.983 E1628.6760
G1 X187.406 Y138.993 E1628.6880
G1 X186.831 Y139.002 E1628.6998
G1 X186.255 Y139.012 E1628.7118
G1 X185.679 Y139.022 E1628.7237
G1 X185.104 Y139.033 E1628.7356
G1 X184.528 Y139.043 E1628.7475
G1 X183.952 Y139.053 E1628.7595
G1 X183.376 Y139.063 E1628.7714
G1 X182.801 Y139.072 E1628.7833
G1 X182.225 Y139.083 E1628.7952
G1 X181.649 Y139.093 E1628.8072
G1 X181.073 Y139.103 E1628.8191
G1 X180.498 Y139.113 E1628.8310
G1 X179.922 Y139.123 E1628.8429
G1 X179.346 Y139.133 E1628.8548
G1 X178.770 Y139.143 E1628.8668
G1 X178.195 Y139.153 E1628.8787
G1 X177.619 Y139.163 E1628.8906
G1 X177.044 Y139.173 E1628.9025
G1 X176.468 Y139.183 E1628.9144
G1 X175.892 Y139.193 E1628.9263
G1 X175.316 Y139.203 E1628.9382
G1 X174.740 Y139.213 E1628.9501
G1 X174.165 Y139.223 E1628.9620
G1 X173.589 Y139.234 E1628.9740
G1 X173.013 Y139.244 E1628.9859
G1 X172.437 Y139.253 E1628.9977
G1 X171.862 Y139.263 E1629.0096
G1 X171.286 Y139.273 E1629.0215
G1 X170.711 Y139.284 E1629.0334
G1 X170.147 Y139.281 E1629.0454
G1 X169.624 Y139.239 E1629.0565
G1 X169.147 Y139.150 E1629.0661
G1 X168.713 Y139.018 E1629.0752
G1 X168.314 Y138.852 E1629.0841
G1 X167.942 Y138.658 E1629.0927
G1 X167.530 Y138.505 E1629.1011
G1 X167.357 Y138.112 E1629.1094
G1 X166.925 Y137.978 E1629.1175
G1 X166.801 Y137.536 E1629.1256
G1 X166.418 Y137.353 E1629.1338
G1 X166.338 Y136.868 E1629.1422
G1 X165.979 Y136.661 E1629.1507
G1 X165.913 Y136.162 E1629.1593
G1 X165.555 Y135.954 E1629.1678
G1 X165.489 Y135.455 E1629.1764
G1 X165.130 Y135.247 E1629.1849
G1 X165.064 Y134.748 E1629.1935
G1 X164.706 Y134.540 E1629.2020
G1 X164.639 Y134.041 E1629.2105
G1 X164.282 Y133.833 E1629.2190
G1 X164.214 Y133.334 E1629.2276
G1 X163.857 Y133.127 E1629.2361
G1 X163.790 Y132.628 E1629.2446
G1 X163.432 Y132.420 E1629.2532
G1 X163.366 Y131.921 E1629.2617
G1 X163.007 Y131.713 E1629.2703
G1 X162.941 Y131.214 E1629.2788
G1 X162.583 Y131.006 E1629.2873
G1 X162.517 Y130.507 E1629.2959
G1 X162.158 Y130.299 E1629.3044
G1 X162.020 Y129.872 E1629.3129
G1 X161.821 Y129.506 E1629.3215
G1 X161.642 Y129.119 E1629.3301
G1 X161.493 Y128.703 E1629.3394
G1 X161.382 Y128.247 E1629.3490
G1 X161.319 Y127.744 E1629.3590
G1 X161.315 Y127.183 E1629.3703
G1 X161.398 Y126.534 E1629.3838
G1 X161.651 Y125.716 E1629.4008
G1 X162.227 Y124.574 E1629.4278
G1 X162.834 Y123.684 E1629.4726
G1 F2400 E1628.9726
G0 F9000 X161.203 Y127.157
G0 X161.860 Y129.803
G0 X167.700 Y138.637
G0 X170.289 Y139.391
G0 X196.715 Y138.726
G0 X199.315 Y136.572
G0 X204.046 Y127.097
G0 X203.389 Y124.451
G0 X189.614 Y101.924
G0 X186.482 Y100.753
G0 X175.878 Y101.392
G0 X174.271 Y103.356
G0 X172.971 Y105.062
G1 F1500 E1629.4726
G1 F3000 X173.484 Y104.267 E1629.4971
G1 X174.096 Y103.372 E1629.5421
G1 F2400 E1629.0421
G0 F9000 X171.233 Y133.308
;TYPE:WALL-INNER
;WIDTH:0.400
G1 F1500 E1629.5421
G1 F3000 X176.305 Y136.120 E1629.7833
G1 X175.764 Y137.096 E1629.8296
G1 X170.293 Y137.192 E1630.0571
G1 X169.867 Y137.164 E1630.0749
G1 X169.477 Y137.070 E1630.0916
G1 X169.211 Y136.957 E1630.1036
G1 X171.233 Y133.308 E1630.2770
G1 F2400 E1629.7770
G0 F9000 X171.077 Y132.764
;TYPE:WALL-OUTER
;WIDTH:0.400
G1 F1500 E1630.2770
G1 F3000 X176.849 Y135.964 E1630.5514
G1 X176.002 Y137.492 E1630.6240
G1 X170.283 Y137.592 E1630.8618
G1 X169.807 Y137.561 E1630.8817
G1 X169.351 Y137.451 E1630.9012
G1 X168.920 Y137.268 E1630.9206
G1 X168.669 Y137.109 E1630.9330
G1 X171.077 Y132.764 E1631.1395
G0 F3600 X171.251 Y132.860
G1 F2400 E1630.6395
G0 F9000 X171.202 Y132.947
G0 X173.552 Y134.800
;TYPE:FILL
;WIDTH:0.400
G1 F1500 E1631.1395
G1 F5400 X171.358 Y136.993 E1631.2685
G0 F9000 X171.261 Y136.994
G1 F5400 X170.059 Y135.793 E1631.3391
G1 F2400 E1630.8391
G0 F9000 X186.303 Y134.529
;TYPE:WALL-INNER
;WIDTH:0.400
G1 F1500 E1631.3391
G1 F3000 X193.917 Y129.954 E1631.7084
G1 X197.323 Y135.625 E1631.9835
G1 X197.178 Y135.889 E1631.9960
G1 X197.032 Y136.054 E1632.0052
G1 X196.741 Y136.311 E1632.0213
G1 X196.420 Y136.513 E1632.0371
G1 X196.073 Y136.662 E1632.0528
G1 X195.703 Y136.757 E1632.0687
G1 X195.302 Y136.795 E1632.0854
G1 X187.744 Y136.928 E1632.3997
G1 X186.303 Y134.529 E1632.5160
G1 F2400 E1632.0160
G0 F9000 X185.754 Y134.392
;TYPE:WALL-OUTER
;WIDTH:0.400
G1 F1500 E1632.5160
G1 F3000 X194.054 Y129.405 E1632.9186
G1 X197.785 Y135.617 E1633.2199
G1 X197.507 Y136.121 E1633.2438
G1 X197.315 Y136.338 E1633.2558
G1 X196.981 Y136.632 E1633.2743
G1 X196.607 Y136.868 E1633.2927
G1 X196.202 Y137.042 E1633.3110
G1 X195.772 Y137.152 E1633.3295
G1 X195.325 Y137.195 E1633.3482
G1 X187.520 Y137.332 E1633.6727
G1 X185.754 Y134.392 E1633.8153
G0 F3600 X185.925 Y134.289
G1 F2400 E1633.3153
G0 F9000 X185.975 Y134.375
G0 X187.808 Y134.066
;TYPE:SOLID-FILL
;WIDTH:0.400
G1 F1500 E1633.8153
G1 F3600 X187.319 Y134.555 E1633.8441
G1 X188.735 Y133.704 E1633.9127
G1 X189.224 Y133.216 E1633.9415
G1 X190.641 Y132.364 E1634.0102
G1 X190.153 Y132.853 E1634.0389
G1 X191.570 Y132.001 E1634.1077
G1 X192.057 Y131.514 E1634.1363
G1 X193.475 Y130.662 E1634.2051
G1 X192.986 Y131.151 E1634.2338
G1 F2400 E1633.7338
G0 F9000 X193.749 Y130.671
;TYPE:SOLID-FILL
;WIDTH:0.400
G1 F1500 E1634.2338
G1 F3000 X193.991 Y130.429 E1634.2481
G1 F2400 E1633.7481
G0 F9000 X187.044 Y134.547
G1 F1500 E1634.2481
G1 F3000 X186.720 Y134.872 E1634.2671
G1 F2400 E1633.7671
G0 F9000 X190.030 Y133.136
;TYPE:FILL
;WIDTH:0.400
G1 F1500 E1634.2671
G1 F5400 X193.539 Y136.645 E1634.4734
G1 F2400 E1633.9734
G0 F9000 X194.347 Y136.632
G1 F1500 E1634.4734
G1 F5400 X196.452 Y134.527 E1634.5972
G1 F2400 E1634.0972
G0 F9000 X187.172 Y121.056
;TYPE:WALL-INNER
;WIDTH:0.400
G1 F1500 E1634.5972
G1 F3000 X188.160 Y121.604 E1634.6442
G1 X189.601 Y122.402 E1634.7127
G1 X189.804 Y122.535 E1634.7228
G1 X189.965 Y122.684 E1634.7319
G1 X190.102 Y122.855 E1634.7410
G1 X190.209 Y123.046 E1634.7501
G1 X190.287 Y123.252 E1634.7592
G1 X190.331 Y123.466 E1634.7683
G1 X190.340 Y123.686 E1634.7775
G1 X190.315 Y123.904 E1634.7866
G1 X190.256 Y124.115 E1634.7957
G1 X190.155 Y124.337 E1634.8059
G1 X187.549 Y129.038 E1635.0293
G1 X187.287 Y128.893 E1635.0418
G1 X189.830 Y124.304 E1635.2599
G1 X189.946 Y123.987 E1635.2739
G1 X189.973 Y123.746 E1635.2840
G1 X189.946 Y123.457 E1635.2961
G1 X189.858 Y123.178 E1635.3082
G1 X189.738 Y122.967 E1635.3183
G1 X189.482 Y122.692 E1635.3340
G1 X187.026 Y121.318 E1635.4510
G1 X187.172 Y121.056 E1635.4634
G1 F2400 E1634.9634
G0 F9000 X187.016 Y120.512
;TYPE:WALL-OUTER
;WIDTH:0.400
G1 F1500 E1635.4634
G1 F3000 X188.354 Y121.254 E1635.5270
G1 X189.808 Y122.059 E1635.5961
G1 X190.051 Y122.219 E1635.6082
G1 X190.258 Y122.410 E1635.6199
G1 X190.435 Y122.631 E1635.6317
G1 X190.573 Y122.877 E1635.6434
G1 X190.672 Y123.141 E1635.6552
G1 X190.729 Y123.417 E1635.6669
G1 X190.741 Y123.700 E1635.6787
G1 X190.709 Y123.981 E1635.6904
G1 X190.633 Y124.252 E1635.7021
G1 X190.513 Y124.517 E1635.7142
G1 X187.705 Y129.582 E1635.9550
G1 X186.743 Y129.049 E1636.0007
G1 X189.465 Y124.137 E1636.2342
G1 X189.554 Y123.895 E1636.2449
G1 X189.571 Y123.742 E1636.2513
G1 X189.552 Y123.537 E1636.2599
G1 X189.489 Y123.339 E1636.2685
G1 X189.413 Y123.205 E1636.2749
G1 X189.232 Y123.010 E1636.2860
G1 X186.483 Y121.473 E1636.4169
G1 X187.016 Y120.512 E1636.4626
G0 F3600 X187.191 Y120.609
G1 F2400 E1635.9626
G0 F9000 X187.143 Y120.696
G0 X187.327 Y121.601
G0 X188.143 Y111.390
;TYPE:WALL-INNER
;WIDTH:0.400
G1 F1500 E1636.4626
G1 F3000 X191.728 Y109.237 E1636.6365
G1 X192.520 Y110.555 E1636.7004
G1 X194.201 Y113.351 E1636.8360
G1 X190.615 Y115.505 E1637.0099
G1 X188.143 Y111.390 E1637.2095
G1 F2400 E1636.7095
G0 F9000 X187.594 Y111.253
;TYPE:WALL-OUTER
;WIDTH:0.400
G1 F1500 E1637.2095
G1 F3000 X191.865 Y108.688 E1637.4166
G1 X192.863 Y110.349 E1637.4972
G1 X194.750 Y113.488 E1637.6495
G1 X190.478 Y116.054 E1637.8567
G1 X187.594 Y111.253 E1638.0895
G0 F3600 X187.765 Y111.151
G1 F2400 E1637.5895
G0 F9000 X188.485 Y111.610
;TYPE:SOLID-FILL
;WIDTH:0.400
G1 F1500 E1638.0895
G1 F3000 X188.805 Y111.573 E1638.1021
G1 X188.803 Y112.139 E1638.1145
G1 X189.230 Y112.279 E1638.1271
G1 X189.228 Y112.846 E1638.1396
G1 X189.654 Y112.986 E1638.1521
G1 X189.653 Y113.554 E1638.1646
G1 X190.078 Y113.693 E1638.1771
G1 X190.077 Y114.261 E1638.1896
G1 X190.503 Y114.400 E1638.2021
G1 X190.501 Y114.968 E1638.2147
G1 X190.821 Y114.931 E1638.2281
G1 F2400 E1637.7281
G0 F9000 X193.238 Y113.717
;TYPE:FILL
;WIDTH:0.400
G1 F1500 E1638.2281
G1 F5400 X190.003 Y110.482 E1638.4183
G1 F2400 E1637.9183
G0 F9000 X179.169 Y103.080
;TYPE:WALL-INNER
;WIDTH:0.400
G1 F1500 E1638.4183
G1 F3000 X185.415 Y102.970 E1638.6780
G1 X187.580 Y106.573 E1638.8527
G1 X182.941 Y109.360 E1639.0777
G1 X179.169 Y103.080 E1639.3823
G1 F2400 E1638.8823
G0 F9000 X178.469 Y102.692
;TYPE:WALL-OUTER
;WIDTH:0.400
G1 F1500 E1639.3823
G1 F3000 X185.639 Y102.566 E1639.6804
G1 X188.129 Y106.710 E1639.8814
G1 X182.804 Y109.909 E1640.1397
G1 X178.469 Y102.692 E1640.4897
G0 F3600 X178.668 Y102.689
G1 F2400 E1639.9897
G0 F9000 X182.852 Y108.475
;TYPE:SOLID-FILL
;WIDTH:0.400
G1 F1500 E1640.4897
G1 F3600 X183.064 Y108.829 E1640.5069
G1 X184.319 Y107.574 E1640.5807
G1 X185.735 Y106.724 E1640.6493
G1 X184.449 Y108.009 E1640.7249
G1 X185.865 Y107.159 E1640.7936
G1 X186.879 Y106.145 E1640.8532
G0 F9000 X187.020 Y106.287
;TYPE:SOLID-FILL
;WIDTH:0.400
G1 F3000 X187.024 Y106.000 E1640.8596
G1 X186.737 Y106.004 E1640.8716
G1 F2400 E1640.3716
G0 F9000 X182.778 Y108.266
G1 F1500 E1640.8716
G1 F3000 X182.601 Y108.444 E1640.8820
G1 F2400 E1640.3820
G0 F9000 X180.604 Y105.120
;TYPE:FILL
;WIDTH:0.400
G1 F1500 E1640.8820
G1 F5400 X182.524 Y103.200 E1640.9949
G0 F9000 X182.719 Y103.197
G1 F5400 X185.923 Y106.401 E1641.1833
G1 F2400 E1640.6833
G0 F9000 X172.452 Y113.661
;TYPE:WALL-INNER
;WIDTH:0.400
G1 F1500 E1641.1833
G1 F3000 X173.501 Y114.242 E1641.2331
G1 X173.986 Y113.368 E1641.2747
G1 X174.685 Y113.755 E1641.3079
G1 X173.813 Y115.330 E1641.3828
G1 X173.594 Y115.209 E1641.3932
G1 X173.014 Y116.256 E1641.4429
G1 X172.874 Y116.231 E1641.4488
G1 X172.838 Y115.986 E1641.4591
G1 X172.738 Y115.754 E1641.4696
G1 X172.546 Y115.492 E1641.4831
G1 X172.319 Y115.305 E1641.4954
G1 X171.975 Y115.155 E1641.5110
G1 X171.650 Y115.107 E1641.5246
G1 X172.452 Y113.661 E1641.5934
G1 F2400 E1641.0934
G0 F9000 X172.296 Y113.117
;TYPE:WALL-OUTER
;WIDTH:0.400
G1 F1500 E1641.5934
G1 F3000 X173.345 Y113.698 E1641.6432
G1 X173.830 Y112.824 E1641.6848
G1 X175.229 Y113.599 E1641.7513
G1 X173.969 Y115.873 E1641.8594
G1 X173.750 Y115.752 E1641.8698
G1 X172.975 Y117.152 E1641.9363
G1 X172.357 Y116.809 E1641.9657
G1 X172.470 Y116.514 E1641.9788
G1 X172.488 Y116.357 E1641.9854
G1 X172.450 Y116.096 E1641.9963
G1 X172.389 Y115.954 E1642.0028
G1 X172.253 Y115.769 E1642.0123
G1 X172.108 Y115.649 E1642.0201
G1 X171.864 Y115.543 E1642.0312
G1 X171.709 Y115.520 E1642.0377
G1 X171.480 Y115.540 E1642.0473
G1 X171.304 Y115.599 E1642.0550
G1 X171.111 Y115.730 E1642.0647
G1 X170.949 Y115.908 E1642.0747
G1 X170.806 Y115.805 E1642.0820
G1 X172.296 Y113.117 E1642.2098
G0 F3600 X172.470 Y113.213
G1 F2400 E1641.7098
G0 F9000 X172.421 Y113.299
G0 X170.999 Y115.822
G0 X170.818 Y116.130
;TYPE:WALL-OUTER
;WIDTH:0.132
G1 F1500 E1642.2098
G1 F3000 X170.506 Y115.933 E1642.2149
G0 F9000 X170.873 Y115.730
G0 X173.233 Y114.554
G0 X172.621 Y116.727
;TYPE:SOLID-FILL
;WIDTH:0.400
G1 F3000 X172.899 Y116.448 E1642.2312
G1 F2400 E1641.7312
G0 F9000 X173.517 Y114.699
G1 F1500 E1642.2312
G1 F3000 X174.394 Y113.822 E1642.2828
G1 F2400 E1641.7828
G0 F9000 X169.982 Y109.967
;TYPE:WALL-OUTER
;WIDTH:0.400
G1 F1500 E1642.2828
G1 F3000 X170.505 Y109.322 E1642.3173
G1 X170.903 Y109.544 E1642.3363
G1 X167.814 Y115.117 E1642.6012
G1 X167.290 Y114.826 E1642.6261
G1 X169.982 Y109.967 E1642.8570
G0 F3600 X170.108 Y109.812
G0 F9000 X170.060 Y110.236
;TYPE:SOLID-FILL
;WIDTH:0.400
G1 F3000 X170.573 Y109.723 E1642.8872
G1 F2400 E1642.3872
G0 F9000 X169.869 Y110.993
G1 F1500 E1642.8872
G1 F3000 X169.262 Y111.883 E1642.9172
G1 X168.559 Y113.151 E1642.9472
G1 X167.953 Y114.040 E1642.9919
;PRINTING_TIME: 1307
;REMAINING_TIME: 179
;LAYER:12
;Z:4.920
;HEIGHT:0.250
;PRINTING: top_cover.stl
;PRINTING_ID: 0
G1 F2400 E1642.4919
G0 F900 Z4.920
G0 F9000 X172.296 Y113.117
;TYPE:WALL-OUTER
;WIDTH:0.400
G1 F1500 E1642.9919
G1 F1308 X173.345 Y113.698 E1643.0418
G1 X173.830 Y112.824 E1643.0833
G1 X175.229 Y113.599 E1643.1498
G1 X173.969 Y115.873 E1643.2579
G1 X173.750 Y115.752 E1643.2683
G1 X172.975 Y117.152 E1643.3348
G1 X172.357 Y116.809 E1643.3642
G1 X172.470 Y116.514 E1643.3774
G1 X172.488 Y116.357 E1643.3839
G1 X172.450 Y116.096 E1643.3949
G1 X172.388 Y115.952 E1643.4014
G1 X172.229 Y115.744 E1643.4123
G1 X172.105 Y115.647 E1643.4189
G1 X171.864 Y115.543 E1643.4298
G1 X171.709 Y115.520 E1643.4363
G1 X171.473 Y115.541 E1643.4461
G1 X171.303 Y115.600 E1643.4536
G1 X171.105 Y115.734 E1643.4636
G1 X170.950 Y115.908 E1643.4732
G1 X170.806 Y115.805 E1643.4806
G1 X172.296 Y113.117 E1643.6084
G0 F3600 X172.470 Y113.213
G1 F2400 E1643.1084
G0 F9000 X172.421 Y113.299
G0 X171.000 Y115.822
G0 X170.824 Y116.133
;TYPE:WALL-OUTER
;WIDTH:0.129
G1 F1500 E1643.6084
G1 F1308 X170.506 Y115.933 E1643.6134
G0 F9000 X170.873 Y115.730
G0 X171.612 Y114.718
;TYPE:FILL
;WIDTH:0.400
G1 F2355 X173.224 Y116.330 E1643.7082
G1 F2400 E1643.2082
G0 F9000 X164.876 Y126.399
;TYPE:WALL-OUTER
;WIDTH:0.400
G1 F1500 E1643.7082
G1 F1308 X165.178 Y126.561 E1643.7224
G1 X165.331 Y126.598 E1643.7290
G1 X165.593 Y126.593 E1643.7399
G1 X165.744 Y126.552 E1643.7464
G1 X165.972 Y126.420 E1643.7573
G1 X166.083 Y126.309 E1643.7639
G1 X166.222 Y126.075 E1643.7752
G1 X166.278 Y125.783 E1643.7875
G1 X166.866 Y126.109 E1643.8155
G1 X165.509 Y128.558 E1643.9319
G1 X164.109 Y127.782 E1643.9984
G1 X164.876 Y126.399 E1644.0642
G0 F3600 X165.052 Y126.493
G1 F2400 E1643.5642
G0 F9000 X165.004 Y126.581
G0 X165.454 Y128.366
G0 X166.674 Y126.164
G0 X166.591 Y125.916
G0 X166.374 Y125.811
G0 X166.071 Y125.575
;TYPE:WALL-OUTER
;WIDTH:0.118
G1 F1500 E1644.0642
G1 F1308 X166.059 Y125.500 E1644.0651
G1 X165.995 Y125.441 E1644.0662
G0 F9000 X166.374 Y125.811
G0 X166.372 Y125.808
G0 X166.362 Y125.870
G0 X166.268 Y126.387
;TYPE:SOLID-FILL
;WIDTH:0.400
G1 F1308 X166.305 Y126.707 E1644.0743
G1 X165.968 Y126.653 E1644.0885
G1 F2400 E1643.5885
G0 F9000 X171.077 Y132.764
;TYPE:WALL-OUTER
;WIDTH:0.400
G1 F1500 E1644.0885
G1 F1308 X176.849 Y135.964 E1644.3629
G1 X176.002 Y137.492 E1644.4355
G1 X170.283 Y137.592 E1644.6733
G1 X169.807 Y137.561 E1644.6931
G1 X169.351 Y137.451 E1644.7126
G1 X168.920 Y137.268 E1644.7321
G1 X168.669 Y137.109 E1644.7445
G1 X171.077 Y132.764 E1644.9510
G0 F3600 X171.251 Y132.860
G1 F2400 E1644.4510
G0 F9000 X171.202 Y132.947
G0 X169.765 Y135.499
;TYPE:FILL
;WIDTH:0.400
G1 F1500 E1644.9510
G1 F2355 X171.654 Y137.388 E1645.0621
G1 F2400 E1644.5621
G0 F9000 X170.951 Y137.400
G1 F1500 E1645.0621
G1 F2355 X173.847 Y134.505 E1645.2323
G1 F2400 E1644.7323
G0 F9000 X185.935 Y134.707
;TYPE:WALL-OUTER
;WIDTH:0.400
G1 F1500 E1645.2323
G1 F1308 X194.241 Y129.717 E1645.6352
G1 X197.785 Y135.617 E1645.9213
G1 X197.495 Y136.142 E1645.9462
G1 X197.318 Y136.341 E1645.9573
G1 X196.983 Y136.634 E1645.9758
G1 X196.608 Y136.871 E1645.9943
G1 X196.202 Y137.046 E1646.0126
G1 X195.773 Y137.156 E1646.0310
G1 X195.325 Y137.199 E1646.0498
G1 X187.514 Y137.336 E1646.3745
G1 X185.935 Y134.707 E1646.5020
G0 F3600 X186.106 Y134.604
G0 F9000 X186.398 Y134.638
;TYPE:SOLID-FILL
;WIDTH:0.400
G1 F916 X186.641 Y134.598 E1646.5096
G1 X186.994 Y134.386 E1646.5172
G1 X187.348 Y134.173 E1646.5248
G1 X187.701 Y133.961 E1646.5324
G1 X188.055 Y133.749 E1646.5400
G1 X188.408 Y133.536 E1646.5475
G1 X188.761 Y133.324 E1646.5551
G1 X189.115 Y133.112 E1646.5627
G1 X189.468 Y132.900 E1646.5703
G1 X189.821 Y132.687 E1646.5778
G1 X190.175 Y132.475 E1646.5854
G1 X190.528 Y132.263 E1646.5929
G1 X190.881 Y132.050 E1646.6004
G1 X191.235 Y131.838 E1646.6080
G1 X191.588 Y131.626 E1646.6156
G1 X191.942 Y131.413 E1646.6231
G1 X192.295 Y131.201 E1646.6307
G1 X192.648 Y130.988 E1646.6381
G1 X193.002 Y130.776 E1646.6457
G1 X193.355 Y130.564 E1646.6533
G1 X193.709 Y130.352 E1646.6608
G1 X193.952 Y130.312 E1646.6682
G1 X194.054 Y130.698 E1646.6841
G1 X193.422 Y130.631 E1646.7000
G1 X193.348 Y131.122 E1646.7158
G1 X192.716 Y131.056 E1646.7316
G1 X192.641 Y131.547 E1646.7475
G1 X192.009 Y131.480 E1646.7634
G1 X191.934 Y131.972 E1646.7792
G1 X191.302 Y131.905 E1646.7951
G1 X191.228 Y132.397 E1646.8110
G1 X190.595 Y132.330 E1646.8269
G1 X190.521 Y132.821 E1646.8427
G1 X189.889 Y132.754 E1646.8586
G1 X189.814 Y133.246 E1646.8745
G1 X189.182 Y133.179 E1646.8904
G1 X189.107 Y133.670 E1646.9062
G1 X188.475 Y133.604 E1646.9220
G1 X188.401 Y134.095 E1646.9379
G1 X187.769 Y134.029 E1646.9537
G1 X187.694 Y134.519 E1646.9695
G1 X187.062 Y134.453 E1646.9854
G1 X186.987 Y134.944 E1647.0012
G1 X186.532 Y134.772 E1647.0208
G1 F2400 E1646.5208
G0 F9000 X190.004 Y133.110
;TYPE:FILL
;WIDTH:0.400
G1 F1500 E1647.0208
G1 F2355 X193.936 Y137.042 E1647.2520
G0 F9000 X193.936 Y137.043
G1 F2355 X196.743 Y134.235 E1647.4171
G1 F2400 E1646.9171
G0 F9000 X187.016 Y120.512
;TYPE:WALL-OUTER
;WIDTH:0.400
G1 F1500 E1647.4171
G1 F1308 X188.098 Y121.112 E1647.4685
G1 X189.808 Y122.059 E1647.5498
G1 X190.051 Y122.219 E1647.5619
G1 X190.258 Y122.410 E1647.5736
G1 X190.435 Y122.631 E1647.5853
G1 X190.573 Y122.877 E1647.5971
G1 X190.672 Y123.141 E1647.6088
G1 X190.729 Y123.417 E1647.6205
G1 X190.741 Y123.700 E1647.6323
G1 X190.709 Y123.981 E1647.6440
G1 X190.633 Y124.252 E1647.6557
G1 X190.513 Y124.517 E1647.6678
G1 X187.705 Y129.582 E1647.9086
G1 X186.743 Y129.049 E1647.9543
G1 X189.465 Y124.137 E1648.1878
G1 X189.556 Y123.890 E1648.1988
G1 X189.569 Y123.669 E1648.2080
G1 X189.549 Y123.523 E1648.2141
G1 X189.489 Y123.338 E1648.2222
G1 X189.413 Y123.205 E1648.2285
G1 X189.232 Y123.010 E1648.2396
G1 X186.483 Y121.473 E1648.3705
G1 X187.016 Y120.512 E1648.4162
G0 F3600 X187.190 Y120.609
G0 F9000 X187.413 Y120.938
;TYPE:FILL
;WIDTH:0.400
G1 F2355 X186.869 Y121.483 E1648.4483
G1 F2400 E1647.9483
G0 F9000 X187.789 Y111.136
;TYPE:WALL-OUTER
;WIDTH:0.400
G1 F1500 E1648.4483
G1 F1308 X191.868 Y108.686 E1648.6461
G1 X193.060 Y110.669 E1648.7423
G1 X194.753 Y113.486 E1648.8789
G1 X190.673 Y115.937 E1649.0768
G1 X187.789 Y111.136 E1649.3096
G0 F3600 X187.960 Y111.034
G1 F2400 E1648.8096
G0 F9000 X188.317 Y111.667
;TYPE:SOLID-FILL
;WIDTH:0.400
G1 F1500 E1649.3096
G1 F916 X188.453 Y111.803 E1649.3174
G1 F2400 E1648.8174
G0 F9000 X189.168 Y113.083
G1 F1500 E1649.3174
G1 F916 X189.305 Y113.220 E1649.3252
G1 F2400 E1648.8252
G0 F9000 X190.018 Y114.499
G1 F1500 E1649.3252
G1 F916 X190.157 Y114.638 E1649.3331
G0 F9000 X190.156 Y114.637
;TYPE:SOLID-FILL
;WIDTH:0.400
G1 F1308 X190.877 Y115.358 E1649.3755
G1 F2400 E1648.8755
G0 F9000 X190.027 Y113.942
G1 F1500 E1649.3755
G1 F1308 X189.304 Y113.219 E1649.4180
G1 F2400 E1648.9180
G0 F9000 X189.176 Y112.526
G1 F1500 E1649.4180
G1 F1308 X188.453 Y111.802 E1649.4606
G1 F2400 E1648.9606
G0 F9000 X189.712 Y110.191
;TYPE:FILL
;WIDTH:0.400
G1 F1500 E1649.4606
G1 F2355 X193.530 Y114.009 E1649.6851
G1 F2400 E1649.1851
G0 F9000 X178.469 Y102.692
;TYPE:WALL-OUTER
;WIDTH:0.400
G1 F1500 E1649.6851
G1 F1308 X185.639 Y102.566 E1649.9832
G1 X187.871 Y106.282 E1650.1634
G1 X182.547 Y109.481 E1650.4216
G1 X178.469 Y102.692 E1650.7509
G0 F3600 X178.668 Y102.689
G1 F2400 E1650.2509
G0 F9000 X182.654 Y108.832
;TYPE:SOLID-FILL
;WIDTH:0.400
G1 F1500 E1650.7509
G1 F916 X183.063 Y108.958 E1650.7642
G1 X183.184 Y108.513 E1650.7774
G1 X183.770 Y108.534 E1650.7906
G1 X183.890 Y108.088 E1650.8039
G1 X184.477 Y108.109 E1650.8171
G1 X184.597 Y107.664 E1650.8304
G1 X185.183 Y107.685 E1650.8436
G1 X185.304 Y107.239 E1650.8568
G1 X185.891 Y107.260 E1650.8701
G1 X186.011 Y106.815 E1650.8833
G1 X186.597 Y106.835 E1650.8965
G1 X186.717 Y106.390 E1650.9098
G1 X187.304 Y106.411 E1650.9230
G1 X187.248 Y106.072 E1650.9369
G0 F9000 X186.925 Y106.032
;TYPE:SOLID-FILL
;WIDTH:0.400
G1 F1570 X186.838 Y105.945 E1650.9420
G1 X186.484 Y106.157 E1650.9592
G1 X186.572 Y106.244 E1650.9643
G1 X186.218 Y106.457 E1650.9815
G1 X186.131 Y106.369 E1650.9866
G1 X185.778 Y106.582 E1651.0038
G1 X185.865 Y106.669 E1651.0089
G1 X185.511 Y106.881 E1651.0260
G1 X185.424 Y106.794 E1651.0312
G1 X185.071 Y107.006 E1651.0483
G1 X185.158 Y107.093 E1651.0534
G1 X184.805 Y107.306 E1651.0705
G1 X184.717 Y107.218 E1651.0757
G1 X184.363 Y107.430 E1651.0929
G1 X184.451 Y107.518 E1651.0980
G1 X184.098 Y107.730 E1651.1152
G1 X184.010 Y107.642 E1651.1203
G1 X183.657 Y107.855 E1651.1375
G1 X183.744 Y107.942 E1651.1426
G1 X183.390 Y108.154 E1651.1597
G1 X183.303 Y108.067 E1651.1649
G1 X182.950 Y108.279 E1651.1820
G1 X183.037 Y108.366 E1651.1871
G1 X182.683 Y108.579 E1651.2043
G1 X182.596 Y108.492 E1651.2094
G0 F9000 X182.454 Y108.632
;TYPE:SOLID-FILL
;WIDTH:0.400
G1 F1308 X182.275 Y108.453 E1651.2199
G1 F2400 E1650.7199
G0 F9000 X187.065 Y105.889
G1 F1500 E1651.2199
G1 F1308 X187.247 Y106.071 E1651.2306
G1 F2400 E1650.7306
G0 F9000 X185.848 Y106.327
;TYPE:FILL
;WIDTH:0.400
G1 F1500 E1651.2306
G1 F2355 X182.326 Y102.804 E1651.4377
G1 F2400 E1650.9377
G0 F9000 X182.931 Y102.793
G1 F1500 E1651.4377
G1 F2355 X180.312 Y105.412 E1651.5917
;PRINTING_TIME: 1326
;REMAINING_TIME: 161
;LAYER:13
;Z:5.170
;HEIGHT:0.250
;PRINTING: top_cover.stl
;PRINTING_ID: 0
G1 F2400 E1651.0917
G0 F900 Z5.170
G0 F9000 X179.169 Y103.080
;TYPE:WALL-INNER
;WIDTH:0.400
G1 F1500 E1651.5917
G1 F1971 X185.415 Y102.970 E1651.8514
G1 X187.065 Y105.716 E1651.9846
G1 X182.426 Y108.503 E1652.2096
G1 X179.169 Y103.080 E1652.4726
G1 F2400 E1651.9726
G0 F9000 X178.469 Y102.692
;TYPE:WALL-OUTER
;WIDTH:0.400
G1 F1500 E1652.4726
G1 F1971 X185.639 Y102.566 E1652.7708
G1 X187.614 Y105.853 E1652.9302
G1 X182.289 Y109.052 E1653.1884
G1 X178.469 Y102.692 E1653.4969
G0 F3600 X178.668 Y102.689
G1 F2400 E1652.9969
G0 F9000 X182.990 Y107.206
;TYPE:SOLID-FILL
;WIDTH:0.400
G1 F1500 E1653.4969
G1 F2365 X182.427 Y107.768 E1653.5300
G1 X182.554 Y107.981 E1653.5403
G1 X183.120 Y107.642 E1653.5677
G1 X184.406 Y106.355 E1653.6433
G1 X185.822 Y105.505 E1653.7120
G1 X184.535 Y106.792 E1653.7877
G1 X185.952 Y105.941 E1653.8564
G1 X186.454 Y105.439 E1653.8859
G0 F9000 X186.595 Y105.580
;TYPE:SOLID-FILL
;WIDTH:0.400
G1 F1971 X186.599 Y105.293 E1653.8924
G1 X186.312 Y105.298 E1653.9043
G1 F2400 E1653.4043
G0 F9000 X185.194 Y105.672
;TYPE:FILL
;WIDTH:0.400
G1 F1500 E1653.9043
G1 F3548 X182.719 Y103.197 E1654.0498
G0 F9000 X182.524 Y103.200
G1 F3548 X180.604 Y105.120 E1654.1627
G1 F2400 E1653.6627
G0 F9000 X172.452 Y113.661
;TYPE:WALL-INNER
;WIDTH:0.400
G1 F1500 E1654.1627
G1 F1971 X173.501 Y114.242 E1654.2126
G1 X173.986 Y113.368 E1654.2541
G1 X174.685 Y113.755 E1654.2873
G1 X173.813 Y115.330 E1654.3622
G1 X173.594 Y115.209 E1654.3726
G1 X173.014 Y116.256 E1654.4223
G1 X172.874 Y116.231 E1654.4283
G1 X172.838 Y115.986 E1654.4386
G1 X172.736 Y115.748 E1654.4493
G1 X172.516 Y115.460 E1654.4644
G1 X172.311 Y115.300 E1654.4752
G1 X171.975 Y115.155 E1654.4904
G1 X171.651 Y115.106 E1654.5040
G1 X172.452 Y113.661 E1654.5727
G1 F2400 E1654.0727
G0 F9000 X172.296 Y113.117
;TYPE:WALL-OUTER
;WIDTH:0.400
G1 F1500 E1654.5727
G1 F1971 X173.345 Y113.698 E1654.6226
G1 X173.830 Y112.824 E1654.6641
G1 X175.229 Y113.599 E1654.7306
G1 X173.969 Y115.873 E1654.8387
G1 X173.750 Y115.752 E1654.8491
G1 X172.975 Y117.152 E1654.9156
G1 X172.357 Y116.809 E1654.9450
G1 X172.470 Y116.514 E1654.9582
G1 X172.488 Y116.357 E1654.9647
G1 X172.450 Y116.096 E1654.9757
G1 X172.388 Y115.952 E1654.9822
G1 X172.229 Y115.744 E1654.9931
G1 X172.105 Y115.647 E1654.9996
G1 X171.864 Y115.543 E1655.0106
G1 X171.708 Y115.519 E1655.0171
G1 X171.447 Y115.547 E1655.0280
G1 X171.308 Y115.598 E1655.0342
G1 X171.180 Y115.673 E1655.0404
G1 X170.944 Y115.907 E1655.0542
G1 X170.807 Y115.803 E1655.0613
G1 X172.296 Y113.117 E1655.1890
G0 F3600 X172.470 Y113.213
G1 F2400 E1654.6890
G0 F9000 X172.421 Y113.299
G0 X170.882 Y115.828
G0 X171.032 Y116.174
;TYPE:WALL-OUTER
;WIDTH:0.106
G1 F1500 E1655.1890
G1 F1971 X170.973 Y116.270 E1655.1902
G1 F2400 E1654.6902
G0 F9000 X170.807 Y116.126
;WIDTH:0.134
G1 F1500 E1655.1902
G1 F1971 X170.507 Y115.930 E1655.1952
G0 F9000 X170.875 Y115.731
G0 X173.233 Y114.554
G0 X172.621 Y116.727
;TYPE:SOLID-FILL
;WIDTH:0.400
G1 F1971 X172.899 Y116.448 E1655.2116
G1 F2400 E1654.7116
G0 F9000 X173.517 Y114.699
G1 F1500 E1655.2116
G1 F1971 X174.394 Y113.822 E1655.2632
G1 F2400 E1654.7632
G0 F9000 X188.533 Y111.156
;TYPE:WALL-INNER
;WIDTH:0.400
G1 F1500 E1655.2632
G1 F1971 X191.734 Y109.234 E1655.4184
G1 X192.913 Y111.195 E1655.5135
G1 X194.207 Y113.348 E1655.6180
G1 X191.005 Y115.271 E1655.7733
G1 X188.533 Y111.156 E1655.9728
G1 F2400 E1655.4728
G0 F9000 X187.984 Y111.019
;TYPE:WALL-OUTER
;WIDTH:0.400
G1 F1500 E1655.9728
G1 F1971 X191.871 Y108.685 E1656.1613
G1 X193.256 Y110.989 E1656.2731
G1 X194.756 Y113.485 E1656.3942
G1 X190.868 Y115.820 E1656.5827
G1 X187.984 Y111.019 E1656.8156
G0 F3600 X188.155 Y110.917
G1 F2400 E1656.3156
G0 F9000 X188.817 Y111.278
;TYPE:SOLID-FILL
;WIDTH:0.400
G1 F1500 E1656.8156
G1 F1971 X189.135 Y111.242 E1656.8279
G1 X189.135 Y111.808 E1656.8404
G1 X189.561 Y111.948 E1656.8529
G1 X189.559 Y112.516 E1656.8654
G1 X189.985 Y112.656 E1656.8780
G1 X189.983 Y113.223 E1656.8905
G1 X190.409 Y113.363 E1656.9029
G1 X190.408 Y113.929 E1656.9154
G1 X190.833 Y114.069 E1656.9279
G1 X190.833 Y114.636 E1656.9404
G1 X191.152 Y114.600 E1656.9537
G1 F2400 E1656.4537
G0 F9000 X193.239 Y113.718
;TYPE:FILL
;WIDTH:0.400
G1 F1500 E1656.9537
G1 F3548 X190.003 Y110.482 E1657.1440
G1 F2400 E1656.6440
G0 F9000 X187.172 Y121.056
;TYPE:WALL-INNER
;WIDTH:0.400
G1 F1500 E1657.1440
G1 F1971 X187.647 Y121.320 E1657.1666
G1 X189.601 Y122.402 E1657.2594
G1 X189.804 Y122.535 E1657.2695
G1 X189.965 Y122.684 E1657.2786
G1 X190.102 Y122.855 E1657.2878
G1 X190.209 Y123.046 E1657.2969
G1 X190.287 Y123.252 E1657.3060
G1 X190.331 Y123.466 E1657.3151
G1 X190.340 Y123.686 E1657.3243
G1 X190.315 Y123.904 E1657.3334
G1 X190.256 Y124.115 E1657.3425
G1 X190.155 Y124.337 E1657.3526
G1 X187.549 Y129.038 E1657.5761
G1 X187.287 Y128.893 E1657.5885
G1 X189.830 Y124.304 E1657.8067
G1 X189.946 Y123.987 E1657.8207
G1 X189.973 Y123.743 E1657.8309
G1 X189.941 Y123.433 E1657.8439
G1 X189.856 Y123.174 E1657.8552
G1 X189.740 Y122.972 E1657.8649
G1 X189.533 Y122.739 E1657.8778
G1 X189.331 Y122.595 E1657.8882
G1 X187.027 Y121.317 E1657.9977
G1 X187.172 Y121.056 E1658.0101
G1 F2400 E1657.5101
G0 F9000 X187.016 Y120.512
;TYPE:WALL-OUTER
;WIDTH:0.400
G1 F1500 E1658.0101
G1 F1971 X187.841 Y120.970 E1658.0493
G1 X189.808 Y122.059 E1658.1428
G1 X190.051 Y122.219 E1658.1549
G1 X190.258 Y122.410 E1658.1666
G1 X190.435 Y122.631 E1658.1784
G1 X190.573 Y122.877 E1658.1901
G1 X190.672 Y123.141 E1658.2018
G1 X190.729 Y123.417 E1658.2136
G1 X190.741 Y123.700 E1658.2253
G1 X190.709 Y123.981 E1658.2371
G1 X190.633 Y124.252 E1658.2488
G1 X190.513 Y124.517 E1658.2609
G1 X187.705 Y129.582 E1658.5017
G1 X186.743 Y129.049 E1658.5474
G1 X189.465 Y124.137 E1658.7809
G1 X189.554 Y123.895 E1658.7916
G1 X189.571 Y123.741 E1658.7980
G1 X189.548 Y123.517 E1658.8074
G1 X189.489 Y123.338 E1658.8152
G1 X189.414 Y123.207 E1658.8215
G1 X189.264 Y123.039 E1658.8309
G1 X189.117 Y122.934 E1658.8384
G1 X186.483 Y121.473 E1658.9636
G1 X187.016 Y120.512 E1659.0093
G0 F3600 X187.190 Y120.609
G1 F2400 E1658.5093
G0 F9000 X186.666 Y135.159
;TYPE:WALL-INNER
;WIDTH:0.400
G1 F1500 E1659.0093
G1 F1971 X194.292 Y130.577 E1659.3792
G1 X197.323 Y135.625 E1659.6240
G1 X197.156 Y135.927 E1659.6383
G1 X197.039 Y136.057 E1659.6456
G1 X196.745 Y136.316 E1659.6619
G1 X196.423 Y136.519 E1659.6777
G1 X196.244 Y136.597 E1659.6858
G1 X196.074 Y136.669 E1659.6935
G1 X195.704 Y136.764 E1659.7094
G1 X195.302 Y136.802 E1659.7262
G1 X187.732 Y136.935 E1660.0409
G1 X186.666 Y135.159 E1660.1270
G1 F2400 E1659.6270
G0 F9000 X186.117 Y135.022
;TYPE:WALL-OUTER
;WIDTH:0.400
G1 F1500 E1660.1270
G1 F1971 X194.429 Y130.028 E1660.5302
G1 X197.785 Y135.617 E1660.8012
G1 X197.484 Y136.161 E1660.8271
G1 X197.321 Y136.342 E1660.8372
G1 X196.985 Y136.637 E1660.8558
G1 X196.610 Y136.874 E1660.8742
G1 X196.402 Y136.964 E1660.8837
G1 X196.203 Y137.049 E1660.8927
G1 X195.773 Y137.159 E1660.9111
G1 X195.325 Y137.202 E1660.9298
G1 X187.508 Y137.339 E1661.2549
G1 X186.117 Y135.022 E1661.3672
G0 F3600 X186.288 Y134.919
G1 F2400 E1660.8672
G0 F9000 X186.338 Y135.005
G0 X188.518 Y134.488
;TYPE:SOLID-FILL
;WIDTH:0.400
G1 F1500 E1661.3672
G1 F2365 X188.024 Y134.981 E1661.3962
G1 X189.442 Y134.129 E1661.4650
G1 X189.934 Y133.637 E1661.4939
G1 X191.350 Y132.786 E1661.5626
G1 X190.859 Y133.278 E1661.5915
G1 X192.277 Y132.426 E1661.6603
G1 X192.767 Y131.936 E1661.6891
G1 F2400 E1661.1891
G0 F9000 X193.694 Y131.574
G1 F1500 E1661.6891
G1 F2365 X194.165 Y131.103 E1661.7168
G1 X194.162 Y131.098 E1661.7170
G1 F2400 E1661.2170
G0 F9000 X193.552 Y131.433
;TYPE:SOLID-FILL
;WIDTH:0.400
G1 F1500 E1661.7170
G1 F1971 X192.908 Y132.077 E1661.7549
G1 F2400 E1661.2549
G0 F9000 X187.750 Y134.973
G1 F1500 E1661.7549
G1 F1971 X187.134 Y135.589 E1661.7911
G1 F2400 E1661.2911
G0 F9000 X190.561 Y133.667
;TYPE:FILL
;WIDTH:0.400
G1 F1500 E1661.7911
G1 F3548 X193.546 Y136.652 E1661.9666
G1 F2400 E1661.4666
G0 F9000 X194.340 Y136.639
G1 F1500 E1661.9666
G1 F3548 X196.453 Y134.526 E1662.0909
G1 F2400 E1661.5909
G0 F9000 X171.233 Y133.308
;TYPE:WALL-INNER
;WIDTH:0.400
G1 F1500 E1662.0909
G1 F1971 X176.305 Y136.120 E1662.3320
G1 X175.764 Y137.096 E1662.3784
G1 X170.293 Y137.192 E1662.6059
G1 X169.867 Y137.164 E1662.6236
G1 X169.477 Y137.070 E1662.6403
G1 X169.211 Y136.957 E1662.6523
G1 X171.233 Y133.308 E1662.8258
G1 F2400 E1662.3258
G0 F9000 X171.077 Y132.764
;TYPE:WALL-OUTER
;WIDTH:0.400
G1 F1500 E1662.8258
G1 F1971 X176.849 Y135.964 E1663.1001
G1 X176.002 Y137.492 E1663.1728
G1 X170.283 Y137.592 E1663.4106
G1 X169.807 Y137.561 E1663.4304
G1 X169.351 Y137.451 E1663.4499
G1 X168.920 Y137.268 E1663.4694
G1 X168.669 Y137.109 E1663.4817
G1 X171.077 Y132.764 E1663.6883
G0 F3600 X171.251 Y132.860
G1 F2400 E1663.1883
G0 F9000 X171.202 Y132.947
G0 X173.552 Y134.800
;TYPE:FILL
;WIDTH:0.400
G1 F1500 E1663.6883
G1 F3548 X171.358 Y136.993 E1663.8172
G0 F9000 X171.261 Y136.994
G1 F3548 X170.059 Y135.793 E1663.8879
G1 F2400 E1663.3879
G0 F9000 X165.036 Y126.935
;TYPE:WALL-INNER
;WIDTH:0.400
G1 F1500 E1663.8879
G1 F1971 X165.264 Y126.995 E1663.8977
G1 X165.630 Y126.996 E1663.9129
G1 X165.805 Y126.950 E1663.9204
G1 X165.886 Y127.053 E1663.9259
G1 X165.353 Y128.014 E1663.9715
G1 X164.653 Y127.626 E1664.0048
G1 X165.036 Y126.935 E1664.0377
G1 F2400 E1663.5377
G0 F9000 X165.164 Y126.555
;TYPE:WALL-OUTER
;WIDTH:0.400
G1 F1500 E1664.0377
G1 F1971 X165.316 Y126.595 E1664.0442
G1 X165.579 Y126.596 E1664.0551
G1 X165.730 Y126.556 E1664.0616
G1 X165.960 Y126.429 E1664.0726
G1 X166.073 Y126.319 E1664.0791
G1 X166.216 Y126.088 E1664.0904
G1 X166.279 Y125.783 E1664.1034
G1 X166.866 Y126.109 E1664.1313
G1 X165.509 Y128.558 E1664.2477
G1 X164.109 Y127.782 E1664.3142
G1 X164.878 Y126.395 E1664.3802
G1 X165.164 Y126.555 E1664.3938
G0 F3600 X165.316 Y126.595
G0 X165.359 Y126.595
G1 F2400 E1663.8938
G0 F9000 X166.231 Y126.094
G0 X166.289 Y125.816
G0 X166.254 Y125.533
G0 X166.178 Y125.427
G0 X166.070 Y125.583
;TYPE:WALL-OUTER
;WIDTH:0.120
G1 F1500 E1664.3938
G1 F1971 X166.060 Y125.503 E1664.3948
G1 X165.992 Y125.438 E1664.3960
G0 F9000 X166.569 Y126.172
;TYPE:SOLID-FILL
;WIDTH:0.400
G1 F1971 X165.948 Y126.793 E1664.4325
G0 F9000 X165.547 Y127.195
G1 F1971 X165.097 Y127.644 E1664.4589
;PRINTING_TIME: 1346
;REMAINING_TIME: 140
;LAYER:14
;Z:5.420
;HEIGHT:0.250
;PRINTING: top_cover.stl
;PRINTING_ID: 0
G1 F2400 E1663.9589
G0 F900 Z5.420
G0 F9000 X165.097 Y127.644
G0 X164.837 Y126.488
G0 X164.877 Y126.397
;TYPE:WALL-OUTER
;WIDTH:0.400
G1 F1500 E1664.4589
G1 F1335 X165.172 Y126.559 E1664.4729
G1 X165.325 Y126.597 E1664.4794
G1 X165.588 Y126.595 E1664.4904
G1 X165.739 Y126.553 E1664.4969
G1 X165.968 Y126.424 E1664.5078
G1 X166.080 Y126.312 E1664.5144
G1 X166.219 Y126.080 E1664.5257
G1 X166.278 Y125.783 E1664.5382
G1 X166.866 Y126.109 E1664.5662
G1 X165.509 Y128.558 E1664.6826
G1 X164.109 Y127.782 E1664.7491
G1 X164.877 Y126.397 E1664.8150
G0 F3600 X165.052 Y126.493
G1 F2400 E1664.3150
G0 F9000 X165.524 Y128.611
G0 X166.314 Y127.185
G0 X166.070 Y125.573
;TYPE:WALL-OUTER
;WIDTH:0.116
G1 F1500 E1664.8150
G1 F1335 X166.061 Y125.500 E1664.8159
G1 X166.005 Y125.444 E1664.8168
G0 F9000 X166.374 Y125.812
G0 X166.373 Y125.807
G0 X166.362 Y125.869
G0 X166.266 Y126.386
;TYPE:SOLID-FILL
;WIDTH:0.400
G1 F1335 X166.305 Y126.706 E1664.8250
G1 X165.746 Y126.714 E1664.8388
G1 X166.017 Y127.267 E1664.8644
G0 F9000 X165.815 Y127.632
;TYPE:SOLID-FILL
;WIDTH:0.400
G1 F934 X164.902 Y126.719 E1664.9165
G0 F9000 X164.701 Y127.083
G1 F934 X165.614 Y127.996 E1664.9686
G0 F9000 X165.274 Y128.221
G1 F934 X164.499 Y127.446 E1665.0128
G1 F2400 E1664.5128
G0 F9000 X171.077 Y132.764
;TYPE:WALL-OUTER
;WIDTH:0.400
G1 F1500 E1665.0128
G1 F1335 X176.849 Y135.964 E1665.2872
G1 X176.002 Y137.492 E1665.3598
G1 X170.283 Y137.592 E1665.5976
G1 X169.807 Y137.561 E1665.6174
G1 X169.351 Y137.451 E1665.6369
G1 X168.920 Y137.268 E1665.6564
G1 X168.669 Y137.109 E1665.6688
G1 X171.077 Y132.764 E1665.8753
G0 F3600 X171.251 Y132.860
G1 F2400 E1665.3753
G0 F9000 X171.202 Y132.947
G0 X169.765 Y135.499
;TYPE:FILL
;WIDTH:0.400
G1 F1500 E1665.8753
G1 F2403 X171.654 Y137.388 E1665.9864
G1 F2400 E1665.4864
G0 F9000 X170.951 Y137.400
G1 F1500 E1665.9864
G1 F2403 X173.847 Y134.505 E1666.1566
G1 F2400 E1665.6566
G0 F9000 X186.298 Y135.338
;TYPE:WALL-OUTER
;WIDTH:0.400
G1 F1500 E1666.1566
G1 F1335 X194.616 Y130.340 E1666.5600
G1 X197.785 Y135.617 E1666.8160
G1 X197.475 Y136.178 E1666.8426
G1 X197.324 Y136.346 E1666.8520
G1 X196.987 Y136.640 E1666.8706
G1 X196.612 Y136.877 E1666.8890
G1 X196.204 Y137.052 E1666.9075
G1 X195.774 Y137.162 E1666.9259
G1 X195.325 Y137.206 E1666.9447
G1 X187.502 Y137.343 E1667.2700
G1 X186.298 Y135.338 E1667.3672
G0 F3600 X186.469 Y135.235
G0 F9000 X186.575 Y135.380
;TYPE:SOLID-FILL
;WIDTH:0.400
G1 F934 X186.818 Y135.341 E1667.3748
G1 X187.172 Y135.129 E1667.3824
G1 X187.525 Y134.916 E1667.3900
G1 X187.878 Y134.704 E1667.3975
G1 X188.232 Y134.491 E1667.4051
G1 X188.585 Y134.279 E1667.4127
G1 X188.938 Y134.066 E1667.4202
G1 X189.292 Y133.854 E1667.4278
G1 X189.645 Y133.642 E1667.4353
G1 X189.999 Y133.430 E1667.4429
G1 X190.352 Y133.217 E1667.4505
G1 X190.705 Y133.005 E1667.4581
G1 X191.059 Y132.793 E1667.4656
G1 X191.412 Y132.580 E1667.4731
G1 X191.765 Y132.368 E1667.4807
G1 X192.119 Y132.156 E1667.4883
G1 X192.472 Y131.944 E1667.4958
G1 X192.825 Y131.731 E1667.5033
G1 X193.179 Y131.519 E1667.5109
G1 X193.532 Y131.307 E1667.5184
G1 X193.885 Y131.094 E1667.5259
G1 X194.239 Y130.882 E1667.5335
G1 X194.482 Y130.843 E1667.5410
G1 X194.585 Y131.229 E1667.5569
G1 X193.952 Y131.161 E1667.5729
G1 X193.879 Y131.654 E1667.5888
G1 X193.246 Y131.586 E1667.6047
G1 X193.172 Y132.078 E1667.6206
G1 X192.539 Y132.011 E1667.6365
G1 X192.465 Y132.503 E1667.6524
G1 X191.832 Y132.436 E1667.6683
G1 X191.758 Y132.927 E1667.6841
G1 X191.125 Y132.860 E1667.7001
G1 X191.052 Y133.352 E1667.7160
G1 X190.419 Y133.285 E1667.7318
G1 X190.345 Y133.776 E1667.7477
G1 X189.712 Y133.710 E1667.7636
G1 X189.638 Y134.201 E1667.7794
G1 X189.005 Y134.134 E1667.7954
G1 X188.931 Y134.625 E1667.8112
G1 X188.299 Y134.559 E1667.8271
G1 X188.225 Y135.050 E1667.8430
G1 X187.592 Y134.983 E1667.8590
G1 X187.518 Y135.475 E1667.8749
G1 X186.885 Y135.408 E1667.8907
G1 X186.988 Y135.794 E1667.9068
G1 F2400 E1667.4068
G0 F9000 X190.534 Y133.641
;TYPE:FILL
;WIDTH:0.400
G1 F1500 E1667.9068
G1 F2403 X193.943 Y137.049 E1668.1072
G0 F9000 X193.928 Y137.050
G1 F2403 X196.743 Y134.235 E1668.2727
G1 F2400 E1667.7727
G0 F9000 X187.016 Y120.512
;TYPE:WALL-OUTER
;WIDTH:0.400
G1 F1500 E1668.2727
G1 F1335 X187.585 Y120.827 E1668.2998
G1 X189.808 Y122.059 E1668.4054
G1 X190.051 Y122.219 E1668.4175
G1 X190.258 Y122.410 E1668.4292
G1 X190.435 Y122.631 E1668.4410
G1 X190.573 Y122.877 E1668.4527
G1 X190.672 Y123.141 E1668.4645
G1 X190.729 Y123.417 E1668.4762
G1 X190.741 Y123.700 E1668.4880
G1 X190.709 Y123.981 E1668.4997
G1 X190.633 Y124.252 E1668.5114
G1 X190.513 Y124.517 E1668.5235
G1 X187.705 Y129.582 E1668.7643
G1 X186.743 Y129.049 E1668.8100
G1 X189.465 Y124.137 E1669.0435
G1 X189.554 Y123.895 E1669.0542
G1 X189.571 Y123.739 E1669.0607
G1 X189.539 Y123.474 E1669.0718
G1 X189.484 Y123.327 E1669.0784
G1 X189.336 Y123.106 E1669.0894
G1 X189.220 Y123.001 E1669.0959
G1 X186.483 Y121.474 E1669.2262
G1 X187.016 Y120.512 E1669.2719
G0 F3600 X187.191 Y120.608
G0 F9000 X187.413 Y120.938
;TYPE:FILL
;WIDTH:0.400
G1 F2403 X186.869 Y121.483 E1669.3040
G1 F2400 E1668.8040
G0 F9000 X188.178 Y110.902
;TYPE:WALL-OUTER
;WIDTH:0.400
G1 F1500 E1669.3040
G1 F1335 X191.874 Y108.683 E1669.4832
G1 X193.452 Y111.308 E1669.6105
G1 X194.759 Y113.483 E1669.7160
G1 X191.062 Y115.703 E1669.8953
G1 X188.178 Y110.902 E1670.1282
G0 F3600 X188.349 Y110.800
G1 F2400 E1669.6282
G0 F9000 X188.791 Y111.575
;TYPE:SOLID-FILL
;WIDTH:0.400
G1 F1500 E1670.1282
G1 F934 X188.931 Y111.715 E1670.1361
G1 F2400 E1669.6361
G0 F9000 X189.642 Y112.992
G1 F1500 E1670.1361
G1 F934 X189.782 Y113.132 E1670.1441
G1 F2400 E1669.6441
G0 F9000 X190.492 Y114.407
G1 F1500 E1670.1441
G1 F934 X190.633 Y114.549 E1670.1522
G0 F9000 X190.633 Y114.548
;TYPE:SOLID-FILL
;WIDTH:0.400
G1 F1335 X191.356 Y115.271 E1670.1947
G1 F2400 E1669.6947
G0 F9000 X190.505 Y113.855
G1 F1500 E1670.1947
G1 F1335 X189.781 Y113.131 E1670.2373
G1 F2400 E1669.7373
G0 F9000 X189.654 Y112.438
G1 F1500 E1670.2373
G1 F1335 X188.930 Y111.714 E1670.2798
G1 F2400 E1669.7798
G0 F9000 X188.803 Y111.021
G1 F1500 E1670.2798
G1 F1335 X188.625 Y110.843 E1670.2903
G1 F2400 E1669.7903
G0 F9000 X189.711 Y110.190
;TYPE:FILL
;WIDTH:0.400
G1 F1500 E1670.2903
G1 F2403 X193.530 Y114.009 E1670.5149
G1 F2400 E1670.0149
G0 F9000 X178.469 Y102.692
;TYPE:WALL-OUTER
;WIDTH:0.400
G1 F1500 E1670.5149
G1 F1335 X185.639 Y102.566 E1670.8130
G1 X187.356 Y105.424 E1670.9516
G1 X182.032 Y108.623 E1671.2098
G1 X178.469 Y102.692 E1671.4975
G0 F3600 X178.668 Y102.689
G1 F2400 E1670.9975
G0 F9000 X181.933 Y108.111
;TYPE:SOLID-FILL
;WIDTH:0.400
G1 F1500 E1671.4975
G1 F934 X182.334 Y108.229 E1671.5102
G1 X182.455 Y107.784 E1671.5234
G1 X183.040 Y107.804 E1671.5366
G1 X183.162 Y107.360 E1671.5499
G1 X183.747 Y107.380 E1671.5631
G1 X183.868 Y106.935 E1671.5763
G1 X184.454 Y106.955 E1671.5895
G1 X184.575 Y106.511 E1671.6028
G1 X185.161 Y106.531 E1671.6159
G1 X185.282 Y106.086 E1671.6292
G1 X185.867 Y106.106 E1671.6424
G1 X185.989 Y105.662 E1671.6556
G1 X186.574 Y105.681 E1671.6688
G1 X186.696 Y105.237 E1671.6820
G1 X187.105 Y105.363 E1671.6993
G1 F2400 E1671.1993
G0 F9000 X186.464 Y105.005
;TYPE:SOLID-FILL
;WIDTH:0.400
G1 F1500 E1671.6993
G1 F1602 X186.550 Y105.091 E1671.7043
G1 X186.196 Y105.303 E1671.7215
G1 X186.110 Y105.217 E1671.7265
G1 X185.756 Y105.429 E1671.7437
G1 X185.843 Y105.516 E1671.7488
G1 X185.490 Y105.728 E1671.7659
G1 X185.403 Y105.641 E1671.7710
G1 X185.049 Y105.853 E1671.7882
G1 X185.136 Y105.940 E1671.7933
G1 X184.783 Y106.152 E1671.8104
G1 X184.696 Y106.066 E1671.8155
G1 X184.342 Y106.278 E1671.8327
G1 X184.430 Y106.365 E1671.8378
G1 X184.076 Y106.577 E1671.8550
G1 X183.989 Y106.490 E1671.8601
G1 X183.635 Y106.702 E1671.8772
G1 X183.723 Y106.790 E1671.8824
G1 X183.369 Y107.002 E1671.8996
G1 X183.282 Y106.914 E1671.9047
G1 X182.929 Y107.127 E1671.9218
G1 X183.016 Y107.215 E1671.9270
G1 X182.663 Y107.427 E1671.9441
G1 X182.575 Y107.339 E1671.9493
G1 X182.222 Y107.551 E1671.9664
G1 X182.309 Y107.639 E1671.9716
G0 F9000 X182.167 Y107.780
;TYPE:SOLID-FILL
;WIDTH:0.400
G1 F1335 X182.278 Y107.891 E1671.9781
G1 F2400 E1671.4781
G0 F9000 X180.312 Y105.411
;TYPE:FILL
;WIDTH:0.400
G1 F1500 E1671.9781
G1 F2403 X182.931 Y102.793 E1672.1320
G1 F2400 E1671.6320
G0 F9000 X182.326 Y102.804
G1 F1500 E1672.1320
G1 F2403 X185.121 Y105.600 E1672.2964
G1 F2400 E1671.7964
G0 F9000 X172.296 Y113.117
;TYPE:WALL-OUTER
;WIDTH:0.400
G1 F1500 E1672.2964
G1 F1335 X173.345 Y113.698 E1672.3463
G1 X173.830 Y112.824 E1672.3878
G1 X175.229 Y113.599 E1672.4543
G1 X173.969 Y115.873 E1672.5624
G1 X173.750 Y115.752 E1672.5728
G1 X172.975 Y117.152 E1672.6393
G1 X172.339 Y116.799 E1672.6696
G1 X172.430 Y116.651 E1672.6768
G1 X172.486 Y116.386 E1672.6880
G1 X172.480 Y116.230 E1672.6945
G1 X172.401 Y115.978 E1672.7055
G1 X172.323 Y115.852 E1672.7117
G1 X172.225 Y115.741 E1672.7178
G1 X172.008 Y115.596 E1672.7287
G1 X171.860 Y115.543 E1672.7352
G1 X171.584 Y115.520 E1672.7467
G1 X171.327 Y115.589 E1672.7578
G1 X171.190 Y115.666 E1672.7643
G1 X170.944 Y115.903 E1672.7785
G1 X170.809 Y115.800 E1672.7856
G1 X172.296 Y113.117 E1672.9131
G0 F3600 X172.470 Y113.213
G1 F2400 E1672.4131
G0 F9000 X172.421 Y113.299
G0 X170.883 Y115.824
G0 X171.029 Y116.161
;TYPE:WALL-OUTER
;WIDTH:0.111
G1 F1500 E1672.9131
G1 F1335 X170.972 Y116.269 E1672.9145
G1 F2400 E1672.4145
G0 F9000 X170.828 Y116.137
;WIDTH:0.137
G1 F1500 E1672.9145
G1 F1335 X170.509 Y115.927 E1672.9200
G0 F9000 X170.877 Y115.728
G0 X171.643 Y115.075
;TYPE:SOLID-FILL
;WIDTH:0.400
G1 F1602 X171.718 Y115.150 E1672.9244
G0 F9000 X171.764 Y114.858
G1 F1602 X172.275 Y115.141 E1672.9487
G1 X173.161 Y116.027 E1673.0008
G0 F9000 X172.862 Y116.293
G1 F1602 X173.185 Y116.192 E1673.0065
G1 X173.201 Y116.066 E1673.0129
G1 X173.107 Y116.539 E1673.0192
G1 X172.818 Y116.532 E1673.0312
G1 F2400 E1672.5312
G0 F9000 X172.235 Y115.631
G0 X171.501 Y115.215
;TYPE:SOLID-FILL
;WIDTH:0.400
G1 F1500 E1673.0312
G1 F1335 X171.569 Y115.000 E1673.0374
G1 X171.597 Y114.745 E1673.0481
;PRINTING_TIME: 1366
;REMAINING_TIME: 121
;LAYER:15
;Z:5.670
;HEIGHT:0.250
;PRINTING: top_cover.stl
;PRINTING_ID: 0
G1 F2400 E1672.5481
G0 F900 Z5.670
G0 F9000 X172.452 Y113.661
;TYPE:WALL-INNER
;WIDTH:0.400
G1 F1500 E1673.0481
G1 F1800 X173.501 Y114.242 E1673.0979
G1 X173.986 Y113.368 E1673.1395
G1 X174.685 Y113.755 E1673.1727
G1 X173.813 Y115.330 E1673.2476
G1 X173.594 Y115.209 E1673.2580
G1 X173.029 Y116.229 E1673.3064
G1 X172.900 Y116.217 E1673.3118
G1 X172.763 Y115.801 E1673.3300
G1 X172.626 Y115.580 E1673.3408
G1 X172.337 Y115.313 E1673.3572
G1 X171.964 Y115.150 E1673.3741
G1 X171.639 Y115.126 E1673.3877
G1 X172.452 Y113.661 E1673.4573
G1 F2400 E1672.9573
G0 F9000 X172.296 Y113.117
;TYPE:WALL-OUTER
;WIDTH:0.400
G1 F1500 E1673.4573
G1 F1800 X173.345 Y113.698 E1673.5072
G1 X173.830 Y112.824 E1673.5487
G1 X175.229 Y113.599 E1673.6152
G1 X173.969 Y115.873 E1673.7233
G1 X173.750 Y115.752 E1673.7337
G1 X172.975 Y117.152 E1673.8003
G1 X172.356 Y116.809 E1673.8297
G1 X172.469 Y116.516 E1673.8427
G1 X172.480 Y116.221 E1673.8550
G1 X172.398 Y115.971 E1673.8659
G1 X172.315 Y115.837 E1673.8725
G1 X172.115 Y115.653 E1673.8838
G1 X171.866 Y115.544 E1673.8951
G1 X171.570 Y115.522 E1673.9074
G1 X171.309 Y115.596 E1673.9187
G1 X171.088 Y115.749 E1673.9299
G1 X170.953 Y115.908 E1673.9386
G1 X170.805 Y115.806 E1673.9460
G1 X172.296 Y113.117 E1674.0739
G0 F3600 X172.470 Y113.213
G1 F2400 E1673.5739
G0 F9000 X172.421 Y113.299
G0 X171.001 Y115.821
G0 X170.835 Y116.139
;TYPE:WALL-OUTER
;WIDTH:0.125
G1 F1500 E1674.0739
G1 F1800 X170.505 Y115.934 E1674.0789
G0 F9000 X170.870 Y115.730
G0 X172.080 Y115.005
;TYPE:SOLID-FILL
;WIDTH:0.400
G1 F1260 X172.329 Y115.038 E1674.0854
G1 X172.740 Y115.192 E1674.0908
G1 X172.867 Y115.631 E1674.1002
G1 X173.029 Y115.328 E1674.1103
G1 X172.521 Y114.704 E1674.1270
G1 X172.194 Y114.890 E1674.1422
G1 F2400 E1673.6422
G0 F9000 X172.922 Y115.294
;TYPE:SOLID-FILL
;WIDTH:0.400
G1 F1500 E1674.1422
G1 F1800 X173.232 Y114.984 E1674.1604
G0 F9000 X173.517 Y114.699
G1 F1800 X174.394 Y113.822 E1674.2119
G1 F2400 E1673.7119
G0 F9000 X172.919 Y116.428
G1 F1500 E1674.2119
G1 F1800 X172.620 Y116.727 E1674.2295
G1 F2400 E1673.7295
G0 F9000 X179.168 Y103.080
;TYPE:WALL-INNER
;WIDTH:0.400
G1 F1500 E1674.2295
G1 F1800 X185.415 Y102.970 E1674.4893
G1 X186.550 Y104.859 E1674.5809
G1 X181.911 Y107.646 E1674.8059
G1 X179.168 Y103.080 E1675.0274
G1 F2400 E1674.5274
G0 F9000 X178.469 Y102.692
;TYPE:WALL-OUTER
;WIDTH:0.400
G1 F1500 E1675.0274
G1 F1800 X185.639 Y102.566 E1675.3255
G1 X187.099 Y104.996 E1675.4434
G1 X181.774 Y108.195 E1675.7016
G1 X178.469 Y102.692 E1675.9685
G0 F3600 X178.668 Y102.689
G1 F2400 E1675.4685
G0 F9000 X183.077 Y105.988
;TYPE:SOLID-FILL
;WIDTH:0.400
G1 F1500 E1675.9685
G1 F2159 X182.002 Y107.063 E1676.0317
G1 X182.038 Y107.125 E1676.0347
G1 X183.207 Y106.423 E1676.0914
G1 X184.493 Y105.137 E1676.1670
G0 F9000 X184.622 Y105.573
G1 F2159 X185.817 Y104.378 E1676.2373
G1 X185.802 Y104.351 E1676.2385
G0 F9000 X185.676 Y104.237
;TYPE:SOLID-FILL
;WIDTH:0.400
G1 F1800 X185.785 Y104.128 E1676.2449
G1 F2400 E1675.7449
G0 F9000 X186.280 Y104.764
G1 F1500 E1676.2449
G1 F1800 X186.163 Y104.881 E1676.2518
G1 F2400 E1675.7518
G0 F9000 X184.465 Y104.943
;TYPE:FILL
;WIDTH:0.400
G1 F1500 E1676.2518
G1 F3239 X182.719 Y103.197 E1676.3545
G0 F9000 X182.524 Y103.200
G1 F3239 X180.603 Y105.121 E1676.4674
G1 F2400 E1675.9674
G0 F9000 X188.922 Y110.922
;TYPE:WALL-INNER
;WIDTH:0.400
G1 F1500 E1676.4674
G1 F1800 X191.740 Y109.230 E1676.6041
G1 X193.305 Y111.834 E1676.7304
G1 X194.212 Y113.344 E1676.8036
G1 X191.394 Y115.037 E1676.9403
G1 X188.922 Y110.922 E1677.1399
G1 F2400 E1676.6399
G0 F9000 X188.373 Y110.785
;TYPE:WALL-OUTER
;WIDTH:0.400
G1 F1500 E1677.1399
G1 F1800 X191.877 Y108.681 E1677.3098
G1 X193.648 Y111.628 E1677.4528
G1 X194.761 Y113.481 E1677.5426
G1 X191.257 Y115.586 E1677.7126
G1 X188.373 Y110.785 E1677.9454
G0 F3600 X188.544 Y110.683
G1 F2400 E1677.4454
G0 F9000 X189.359 Y111.302
;TYPE:SOLID-FILL
;WIDTH:0.400
G1 F1500 E1677.9454
G1 F1800 X189.679 Y111.263 E1677.9580
G1 X189.678 Y111.831 E1677.9705
G1 X190.104 Y111.970 E1677.9831
G1 X190.102 Y112.538 E1677.9957
G1 X190.529 Y112.677 E1678.0082
G1 X190.527 Y113.245 E1678.0208
G1 X190.953 Y113.384 E1678.0333
G1 X190.951 Y113.952 E1678.0459
G1 X191.378 Y114.091 E1678.0585
G1 X191.270 Y114.482 E1678.0753
G1 F2400 E1677.5753
G0 F9000 X193.239 Y113.718
;TYPE:FILL
;WIDTH:0.400
G1 F1500 E1678.0753
G1 F3239 X190.003 Y110.481 E1678.2656
G1 F2400 E1677.7656
G0 F9000 X187.172 Y121.055
;TYPE:WALL-INNER
;WIDTH:0.400
G1 F1500 E1678.2656
G1 F1800 X189.601 Y122.401 E1678.3811
G1 X189.804 Y122.535 E1678.3912
G1 X189.965 Y122.684 E1678.4003
G1 X190.102 Y122.855 E1678.4094
G1 X190.209 Y123.046 E1678.4185
G1 X190.287 Y123.252 E1678.4277
G1 X190.331 Y123.466 E1678.4368
G1 X190.339 Y123.680 E1678.4457
G1 X190.304 Y123.948 E1678.4569
G1 X190.257 Y124.114 E1678.4641
G1 X190.156 Y124.337 E1678.4743
G1 X187.549 Y129.038 E1678.6978
G1 X187.287 Y128.893 E1678.7102
G1 X189.830 Y124.304 E1678.9283
G1 X189.955 Y123.966 E1678.9433
G1 X189.968 Y123.556 E1678.9604
G1 X189.862 Y123.185 E1678.9764
G1 X189.737 Y122.966 E1678.9869
G1 X189.482 Y122.692 E1679.0024
G1 X187.026 Y121.318 E1679.1195
G1 X187.172 Y121.055 E1679.1320
G1 F2400 E1678.6320
G0 F9000 X187.329 Y120.685
;TYPE:WALL-OUTER
;WIDTH:0.400
G1 F1500 E1679.1320
G1 F1800 X189.808 Y122.059 E1679.2498
G1 X190.051 Y122.219 E1679.2619
G1 X190.258 Y122.410 E1679.2736
G1 X190.435 Y122.631 E1679.2854
G1 X190.573 Y122.877 E1679.2971
G1 X190.672 Y123.141 E1679.3088
G1 X190.729 Y123.417 E1679.3205
G1 X190.740 Y123.698 E1679.3322
G1 X190.697 Y124.028 E1679.3461
G1 X190.634 Y124.252 E1679.3557
G1 X190.513 Y124.517 E1679.3679
G1 X187.705 Y129.582 E1679.6086
G1 X186.743 Y129.049 E1679.6543
G1 X189.465 Y124.137 E1679.8878
G1 X189.557 Y123.888 E1679.8989
G1 X189.566 Y123.605 E1679.9106
G1 X189.491 Y123.341 E1679.9220
G1 X189.413 Y123.205 E1679.9286
G1 X189.232 Y123.010 E1679.9396
G1 X186.483 Y121.473 E1680.0706
G1 X187.016 Y120.512 E1680.1163
G1 X187.329 Y120.685 E1680.1311
G0 F3600 X187.503 Y120.781
G0 F9000 X187.357 Y121.046
G1 F2400 E1679.6311
G0 F9000 X187.028 Y135.790
;TYPE:WALL-INNER
;WIDTH:0.400
G1 F1500 E1680.1311
G1 F1800 X194.666 Y131.201 E1680.5016
G1 X197.323 Y135.625 E1680.7161
G1 X197.138 Y135.960 E1680.7320
G1 X197.046 Y136.063 E1680.7378
G1 X196.749 Y136.321 E1680.7541
G1 X196.426 Y136.525 E1680.7700
G1 X196.075 Y136.676 E1680.7859
G1 X195.706 Y136.771 E1680.8017
G1 X195.302 Y136.809 E1680.8186
G1 X187.720 Y136.943 E1681.1339
G1 X187.028 Y135.790 E1681.1898
G1 F2400 E1680.6898
G0 F9000 X186.479 Y135.653
;TYPE:WALL-OUTER
;WIDTH:0.400
G1 F1500 E1681.1898
G1 F1800 X194.803 Y130.652 E1681.5935
G1 X197.785 Y135.617 E1681.8343
G1 X197.466 Y136.193 E1681.8617
G1 X197.327 Y136.348 E1681.8703
G1 X196.989 Y136.643 E1681.8890
G1 X196.613 Y136.880 E1681.9075
G1 X196.205 Y137.056 E1681.9259
G1 X195.775 Y137.166 E1681.9444
G1 X195.325 Y137.209 E1681.9632
G1 X187.496 Y137.347 E1682.2887
G1 X186.479 Y135.653 E1682.3709
G0 F3600 X186.650 Y135.550
G1 F2400 E1681.8709
G0 F9000 X186.700 Y135.636
G0 X187.588 Y135.983
;TYPE:SOLID-FILL
;WIDTH:0.400
G1 F1500 E1682.3709
G1 F2159 X187.808 Y135.763 E1682.3838
G1 X189.225 Y134.912 E1682.4525
G1 X188.733 Y135.404 E1682.4815
G1 X190.151 Y134.551 E1682.5503
G1 X190.642 Y134.061 E1682.5791
G1 X192.059 Y133.209 E1682.6478
G1 X191.569 Y133.699 E1682.6767
G1 X192.987 Y132.847 E1682.7454
G1 X193.476 Y132.358 E1682.7742
G1 F2400 E1682.2742
G0 F9000 X194.404 Y131.995
G1 F1500 E1682.7742
G1 F2159 X194.588 Y131.811 E1682.7850
G1 X194.534 Y131.722 E1682.7893
G0 F9000 X194.447 Y131.670
;TYPE:SOLID-FILL
;WIDTH:0.400
G1 F1800 X194.628 Y131.489 E1682.8000
G0 F9000 X194.262 Y131.854
G1 F1800 X193.617 Y132.500 E1682.8379
G1 F2400 E1682.3379
G0 F9000 X187.729 Y136.125
G1 F1500 E1682.8379
G1 F1800 X187.441 Y136.129 E1682.8485
G1 X187.446 Y135.842 E1682.8605
G1 F2400 E1682.3605
G0 F9000 X191.091 Y134.197
;TYPE:FILL
;WIDTH:0.400
G1 F1500 E1682.8605
G1 F3239 X193.552 Y136.658 E1683.0052
G1 F2400 E1682.5052
G0 F9000 X194.333 Y136.646
G1 F1500 E1683.0052
G1 F3239 X196.452 Y134.527 E1683.1297
G1 F2400 E1682.6297
G0 F9000 X171.233 Y133.308
;TYPE:WALL-INNER
;WIDTH:0.400
G1 F1500 E1683.1297
G1 F1800 X176.305 Y136.120 E1683.3709
G1 X175.764 Y137.096 E1683.4172
G1 X170.293 Y137.192 E1683.6447
G1 X169.867 Y137.164 E1683.6625
G1 X169.477 Y137.070 E1683.6792
G1 X169.211 Y136.957 E1683.6912
G1 X171.233 Y133.308 E1683.8646
G1 F2400 E1683.3646
G0 F9000 X171.077 Y132.764
;TYPE:WALL-OUTER
;WIDTH:0.400
G1 F1500 E1683.8646
G1 F1800 X176.849 Y135.964 E1684.1390
G1 X176.002 Y137.492 E1684.2116
G1 X170.283 Y137.592 E1684.4494
G1 X169.807 Y137.561 E1684.4693
G1 X169.351 Y137.451 E1684.4888
G1 X168.920 Y137.268 E1684.5082
G1 X168.669 Y137.109 E1684.5206
G1 X171.077 Y132.764 E1684.7271
G0 F3600 X171.251 Y132.860
G1 F2400 E1684.2271
G0 F9000 X171.202 Y132.947
G0 X173.552 Y134.800
;TYPE:FILL
;WIDTH:0.400
G1 F1500 E1684.7271
G1 F3239 X171.358 Y136.993 E1684.8561
G0 F9000 X171.261 Y136.994
G1 F3239 X170.059 Y135.793 E1684.9267
;PRINTING_TIME: 1385
;REMAINING_TIME: 101
;LAYER:16
;Z:5.920
;HEIGHT:0.250
;PRINTING: top_cover.stl
;PRINTING_ID: 0
G1 F2400 E1684.4267
G0 F900 Z5.920
G0 F9000 X170.059 Y135.793
G0 X171.037 Y132.855
G0 X171.077 Y132.764
;TYPE:WALL-OUTER
;WIDTH:0.400
G1 F1500 E1684.9267
G1 F1370 X176.849 Y135.964 E1685.2011
G1 X176.002 Y137.492 E1685.2738
G1 X170.491 Y137.589 E1685.5029
G1 X169.805 Y137.560 E1685.5315
G1 X169.351 Y137.451 E1685.5509
G1 X168.920 Y137.268 E1685.5703
G1 X168.669 Y137.109 E1685.5827
G1 X171.077 Y132.764 E1685.7892
G0 F3600 X171.251 Y132.860
G1 F2400 E1685.2892
G0 F9000 X171.202 Y132.947
G0 X169.765 Y135.499
;TYPE:FILL
;WIDTH:0.400
G1 F1500 E1685.7892
G1 F2467 X171.655 Y137.388 E1685.9003
G1 F2400 E1685.4003
G0 F9000 X170.950 Y137.401
G1 F1500 E1685.9003
G1 F2467 X173.847 Y134.505 E1686.0706
G1 F2400 E1685.5706
G0 F9000 X186.661 Y135.969
;TYPE:WALL-OUTER
;WIDTH:0.400
G1 F1500 E1686.0706
G1 F1370 X194.991 Y130.964 E1686.4747
G1 X197.785 Y135.617 E1686.7003
G1 X197.458 Y136.209 E1686.7284
G1 X197.330 Y136.351 E1686.7364
G1 X196.991 Y136.646 E1686.7550
G1 X196.615 Y136.883 E1686.7735
G1 X196.207 Y137.059 E1686.7920
G1 X195.775 Y137.169 E1686.8105
G1 X195.325 Y137.213 E1686.8293
G1 X187.490 Y137.350 E1687.1551
G1 X186.661 Y135.969 E1687.2221
G0 F3600 X186.832 Y135.866
G0 F9000 X187.105 Y135.910
;TYPE:SOLID-FILL
;WIDTH:0.400
G1 F959 X187.348 Y135.871 E1687.2297
G1 X187.702 Y135.659 E1687.2373
G1 X188.056 Y135.447 E1687.2450
G1 X188.408 Y135.234 E1687.2525
G1 X188.762 Y135.022 E1687.2601
G1 X189.116 Y134.810 E1687.2677
G1 X189.469 Y134.598 E1687.2753
G1 X189.822 Y134.385 E1687.2829
G1 X190.175 Y134.173 E1687.2904
G1 X190.529 Y133.960 E1687.2980
G1 X190.882 Y133.748 E1687.3055
G1 X191.236 Y133.535 E1687.3131
G1 X191.589 Y133.323 E1687.3206
G1 X191.943 Y133.111 E1687.3282
G1 X192.295 Y132.898 E1687.3357
G1 X192.649 Y132.686 E1687.3433
G1 X193.003 Y132.474 E1687.3509
G1 X193.355 Y132.261 E1687.3584
G1 X193.709 Y132.049 E1687.3659
G1 X194.063 Y131.837 E1687.3735
G1 X194.416 Y131.625 E1687.3810
G1 X194.769 Y131.413 E1687.3885
G1 X194.836 Y131.479 E1687.3960
G1 X194.761 Y131.970 E1687.4119
G1 X194.129 Y131.904 E1687.4277
G1 X194.055 Y132.395 E1687.4435
G1 X193.423 Y132.329 E1687.4593
G1 X193.348 Y132.820 E1687.4752
G1 X192.716 Y132.754 E1687.4910
G1 X192.641 Y133.245 E1687.5069
G1 X192.009 Y133.178 E1687.5227
G1 X191.934 Y133.669 E1687.5386
G1 X191.303 Y133.603 E1687.5544
G1 X191.228 Y134.094 E1687.5702
G1 X190.596 Y134.027 E1687.5861
G1 X190.521 Y134.518 E1687.6019
G1 X189.889 Y134.452 E1687.6177
G1 X189.814 Y134.943 E1687.6335
G1 X189.183 Y134.877 E1687.6493
G1 X189.107 Y135.367 E1687.6652
G1 X188.476 Y135.301 E1687.6810
G1 X188.401 Y135.792 E1687.6968
G1 X187.769 Y135.726 E1687.7126
G1 X187.694 Y136.216 E1687.7284
G1 X187.240 Y136.045 E1687.7480
G1 F2400 E1687.2480
G0 F9000 X191.064 Y134.170
;TYPE:FILL
;WIDTH:0.400
G1 F1500 E1687.7480
G1 F2467 X193.950 Y137.056 E1687.9177
G0 F9000 X193.921 Y137.057
G1 F2467 X196.743 Y134.235 E1688.0836
G1 F2400 E1687.5836
G0 F9000 X187.016 Y120.512
;TYPE:WALL-OUTER
;WIDTH:0.400
G1 F1500 E1688.0836
G1 F1370 X189.808 Y122.059 E1688.2163
G1 X190.051 Y122.219 E1688.2284
G1 X190.258 Y122.410 E1688.2401
G1 X190.435 Y122.631 E1688.2519
G1 X190.573 Y122.877 E1688.2636
G1 X190.672 Y123.141 E1688.2753
G1 X190.729 Y123.417 E1688.2871
G1 X190.741 Y123.700 E1688.2988
G1 X190.709 Y123.981 E1688.3106
G1 X190.633 Y124.252 E1688.3223
G1 X190.513 Y124.517 E1688.3344
G1 X187.705 Y129.582 E1688.5752
G1 X186.743 Y129.049 E1688.6209
G1 X189.465 Y124.137 E1688.8544
G1 X189.553 Y123.898 E1688.8649
G1 X189.567 Y123.617 E1688.8766
G1 X189.495 Y123.352 E1688.8881
G1 X189.420 Y123.215 E1688.8946
G1 X189.241 Y123.018 E1688.9056
G1 X189.123 Y122.938 E1688.9115
G1 X186.483 Y121.473 E1689.0371
G1 X187.016 Y120.512 E1689.0828
G0 F3600 X187.190 Y120.608
G1 F2400 E1688.5828
G0 F9000 X187.141 Y120.694
G0 X188.667 Y121.633
;TYPE:SOLID-FILL
;WIDTH:0.400
G1 F1500 E1689.0828
G1 F959 X190.552 Y123.518 E1689.1903
G0 F9000 X190.505 Y124.037
G1 F959 X189.455 Y122.987 E1689.2501
G0 F9000 X189.329 Y122.861
G1 F959 X187.398 Y120.930 E1689.3603
G0 F9000 X186.932 Y121.030
G1 F959 X188.025 Y122.122 E1689.4226
G1 F2400 E1688.9226
G0 F9000 X189.365 Y123.057
G0 X189.735 Y123.832
G1 F1500 E1689.4226
G1 F959 X190.346 Y124.444 E1689.4575
G0 F9000 X190.145 Y124.808
G1 F959 X189.498 Y124.444 E1689.4886
G1 X189.842 Y125.354 E1689.5197
G1 X189.095 Y125.172 E1689.5508
G1 X189.438 Y126.082 E1689.5819
G1 X188.691 Y125.900 E1689.6130
G1 X189.035 Y126.809 E1689.6441
G1 X188.288 Y126.628 E1689.6751
G1 X188.632 Y127.538 E1689.7062
G1 X187.885 Y127.356 E1689.7373
G1 X188.228 Y128.265 E1689.7684
G1 X187.481 Y128.084 E1689.7995
G1 X187.825 Y128.993 E1689.8305
G1 X187.179 Y128.631 E1689.8604
G1 F2400 E1689.3604
G0 F9000 X188.568 Y110.668
;TYPE:WALL-OUTER
;WIDTH:0.400
G1 F1500 E1689.8604
G1 F1370 X191.880 Y108.679 E1690.0210
G1 X193.844 Y111.947 E1690.1795
G1 X194.765 Y113.479 E1690.2538
G1 X191.452 Y115.469 E1690.4145
G1 X188.568 Y110.668 E1690.6474
G0 F3600 X188.739 Y110.566
G1 F2400 E1690.1474
G0 F9000 X189.270 Y111.488
;TYPE:SOLID-FILL
;WIDTH:0.400
G1 F1500 E1690.6474
G1 F959 X189.407 Y111.625 E1690.6552
G1 F2400 E1690.1552
G0 F9000 X190.120 Y112.904
G1 F1500 E1690.6552
G1 F959 X190.259 Y113.043 E1690.6631
G1 F2400 E1690.1631
G0 F9000 X190.969 Y114.319
G1 F1500 E1690.6631
G1 F959 X191.110 Y114.460 E1690.6711
G0 F9000 X191.109 Y114.459
;TYPE:SOLID-FILL
;WIDTH:0.400
G1 F1370 X191.736 Y115.086 E1690.7080
G1 F2400 E1690.2080
G0 F9000 X190.982 Y113.766
G1 F1500 E1690.7080
G1 F1370 X190.258 Y113.042 E1690.7506
G1 F2400 E1690.2506
G0 F9000 X190.131 Y112.349
G1 F1500 E1690.7506
G1 F1370 X189.407 Y111.625 E1690.7931
G1 F2400 E1690.2931
G0 F9000 X189.279 Y110.932
G1 F1500 E1690.7931
G1 F1370 X188.978 Y110.631 E1690.8108
G0 F9000 X189.711 Y110.190
;TYPE:FILL
;WIDTH:0.400
G1 F2467 X193.530 Y114.009 E1691.0354
G1 F2400 E1690.5354
G0 F9000 X178.469 Y102.692
;TYPE:WALL-OUTER
;WIDTH:0.400
G1 F1500 E1691.0354
G1 F1370 X185.639 Y102.566 E1691.3335
G1 X186.841 Y104.567 E1691.4306
G1 X181.517 Y107.766 E1691.6888
G1 X178.469 Y102.692 E1691.9349
G0 F3600 X178.668 Y102.689
G1 F2400 E1691.4349
G0 F9000 X181.550 Y107.162
;TYPE:SOLID-FILL
;WIDTH:0.400
G1 F1500 E1691.9349
G1 F959 X181.959 Y107.288 E1691.9482
G1 X182.080 Y106.844 E1691.9614
G1 X182.665 Y106.864 E1691.9746
G1 X182.786 Y106.419 E1691.9878
G1 X183.372 Y106.439 E1692.0011
G1 X183.493 Y105.995 E1692.0143
G1 X184.079 Y106.015 E1692.0275
G1 X184.200 Y105.570 E1692.0407
G1 X184.786 Y105.590 E1692.0539
G1 X184.907 Y105.146 E1692.0671
G1 X185.492 Y105.165 E1692.0802
G1 X185.614 Y104.721 E1692.0934
G1 X186.200 Y104.741 E1692.1066
G1 X186.144 Y104.402 E1692.1205
G0 F9000 X186.087 Y104.063
;TYPE:SOLID-FILL
;WIDTH:0.400
G1 F1645 X185.734 Y104.275 E1692.1376
G1 X185.822 Y104.363 E1692.1428
G1 X185.468 Y104.575 E1692.1599
G1 X185.381 Y104.488 E1692.1650
G1 X185.027 Y104.700 E1692.1822
G1 X185.114 Y104.787 E1692.1873
G1 X184.761 Y104.999 E1692.2044
G1 X184.674 Y104.912 E1692.2095
G1 X184.320 Y105.124 E1692.2267
G1 X184.408 Y105.212 E1692.2319
G1 X184.054 Y105.424 E1692.2490
G1 X183.967 Y105.336 E1692.2542
G1 X183.613 Y105.549 E1692.2713
G1 X183.701 Y105.636 E1692.2765
G1 X183.347 Y105.848 E1692.2936
G1 X183.260 Y105.761 E1692.2987
G1 X182.907 Y105.974 E1692.3159
G1 X182.994 Y106.061 E1692.3210
G1 X182.641 Y106.273 E1692.3381
G1 X182.553 Y106.186 E1692.3433
G1 X182.200 Y106.398 E1692.3604
G1 X182.287 Y106.486 E1692.3655
G1 X181.934 Y106.698 E1692.3827
G1 X181.846 Y106.610 E1692.3878
G1 X181.493 Y106.822 E1692.4049
G1 X181.581 Y106.911 E1692.4101
G1 F2400 E1691.9101
G0 F9000 X180.312 Y105.411
;TYPE:FILL
;WIDTH:0.400
G1 F1500 E1692.4101
G1 F2467 X182.931 Y102.793 E1692.5641
G1 F2400 E1692.0641
G0 F9000 X182.326 Y102.804
G1 F1500 E1692.5641
G1 F2467 X184.392 Y104.871 E1692.6856
G1 F2400 E1692.1856
G0 F9000 X172.296 Y113.117
;TYPE:WALL-OUTER
;WIDTH:0.400
G1 F1500 E1692.6856
G1 F1370 X173.345 Y113.698 E1692.7355
G1 X173.830 Y112.824 E1692.7770
G1 X175.229 Y113.599 E1692.8435
G1 X173.969 Y115.873 E1692.9516
G1 X171.520 Y114.516 E1693.0680
G1 X172.296 Y113.117 E1693.1345
G0 F3600 X172.470 Y113.213
G1 F2400 E1692.6345
G0 F9000 X172.421 Y113.299
G0 X172.105 Y114.405
;TYPE:SOLID-FILL
;WIDTH:0.400
G1 F1500 E1693.1345
G1 F1645 X172.046 Y114.346 E1693.1380
G1 X172.249 Y113.983 E1693.1553
G1 X173.375 Y115.109 E1693.2215
G1 X173.820 Y115.356 E1693.2426
G1 X173.951 Y115.120 E1693.2539
G1 X172.493 Y113.662 E1693.3396
G1 X173.492 Y114.215 E1693.3871
G1 X173.534 Y114.137 E1693.3907
G1 X174.153 Y114.756 E1693.4271
G1 X174.354 Y114.392 E1693.4444
G1 X173.736 Y113.774 E1693.4808
G1 X173.938 Y113.410 E1693.4981
G1 X174.556 Y114.028 E1693.5344
G0 F9000 X174.697 Y113.885
;TYPE:SOLID-FILL
;WIDTH:0.400
G1 F1370 X174.804 Y113.993 E1693.5407
;PRINTING_TIME: 1404
;REMAINING_TIME: 83
;LAYER:17
;Z:6.170
;HEIGHT:0.250
;PRINTING: top_cover.stl
;PRINTING_ID: 0
G1 F2400 E1693.0407
G0 F900 Z6.170
G0 F9000 X172.452 Y113.661
;TYPE:WALL-INNER
;WIDTH:0.400
G1 F1500 E1693.5407
G1 F1389 X173.501 Y114.242 E1693.5906
G1 X173.986 Y113.368 E1693.6321
G1 X174.685 Y113.755 E1693.6653
G1 X173.813 Y115.329 E1693.7402
G1 X172.064 Y114.360 E1693.8233
G1 X172.452 Y113.661 E1693.8565
G1 F2400 E1693.3565
G0 F9000 X172.296 Y113.117
;TYPE:WALL-OUTER
;WIDTH:0.400
G1 F1500 E1693.8565
G1 F1389 X173.345 Y113.698 E1693.9064
G1 X173.830 Y112.824 E1693.9479
G1 X175.229 Y113.599 E1694.0144
G1 X173.969 Y115.873 E1694.1225
G1 X171.520 Y114.516 E1694.2389
G1 X172.296 Y113.117 E1694.3054
G0 F3600 X172.470 Y113.213
G1 F2400 E1693.8054
G0 F9000 X172.421 Y113.299
G0 X172.566 Y113.953
;TYPE:SOLID-FILL
;WIDTH:0.400
G1 F1500 E1694.3054
G1 F1389 X172.545 Y114.255 E1694.3118
G1 X173.112 Y114.255 E1694.3291
G1 X173.000 Y114.651 E1694.3463
G0 F9000 X173.364 Y114.852
G1 F1389 X174.394 Y113.822 E1694.4068
G1 F2400 E1693.9068
G0 F9000 X179.168 Y103.080
;TYPE:WALL-INNER
;WIDTH:0.400
G1 F1500 E1694.4068
G1 F1389 X185.415 Y102.970 E1694.6666
G1 X186.035 Y104.002 E1694.7166
G1 X181.396 Y106.789 E1694.9416
G1 X179.168 Y103.080 E1695.1215
G1 F2400 E1694.6215
G0 F9000 X178.469 Y102.692
;TYPE:WALL-OUTER
;WIDTH:0.400
G1 F1500 E1695.1215
G1 F1389 X185.639 Y102.566 E1695.4196
G1 X186.584 Y104.139 E1695.4959
G1 X181.259 Y107.338 E1695.7542
G1 X178.469 Y102.692 E1695.9795
G0 F3600 X178.668 Y102.689
G1 F2400 E1695.4795
G0 F9000 X178.702 Y102.732
G0 X181.366 Y106.001
;TYPE:SOLID-FILL
;WIDTH:0.400
G1 F1500 E1695.9795
G1 F1666 X181.751 Y105.617 E1696.0021
G1 X183.166 Y104.767 E1696.0708
G1 X181.875 Y106.058 E1696.1467
G1 X183.291 Y105.207 E1696.2153
G1 X184.582 Y103.917 E1696.2912
G0 F9000 X184.709 Y104.356
G1 F1666 X185.392 Y103.672 E1696.3314
G1 X185.286 Y103.494 E1696.3400
G0 F9000 X185.293 Y103.489
;TYPE:SOLID-FILL
;WIDTH:0.400
G1 F1389 X185.431 Y103.350 E1696.3482
G1 F2400 E1695.8482
G0 F9000 X181.507 Y106.143
G1 F1500 E1696.3482
G1 F1389 X181.220 Y106.147 E1696.3588
G1 X181.224 Y105.860 E1696.3707
G1 F2400 E1695.8707
G0 F9000 X180.603 Y105.121
;TYPE:FILL
;WIDTH:0.400
G1 F1500 E1696.3707
G1 F2499 X182.524 Y103.200 E1696.4836
G0 F9000 X182.719 Y103.197
G1 F2499 X183.735 Y104.214 E1696.5434
G1 F2400 E1696.0434
G0 F9000 X189.312 Y110.688
;TYPE:WALL-INNER
;WIDTH:0.400
G1 F1500 E1696.5434
G1 F1389 X191.746 Y109.226 E1696.6614
G1 X193.697 Y112.473 E1696.8189
G1 X194.218 Y113.340 E1696.8610
G1 X191.784 Y114.803 E1696.9791
G1 X189.312 Y110.688 E1697.1786
G1 F2400 E1696.6786
G0 F9000 X188.763 Y110.551
;TYPE:WALL-OUTER
;WIDTH:0.400
G1 F1500 E1697.1786
G1 F1389 X191.883 Y108.677 E1697.3299
G1 X194.040 Y112.267 E1697.5041
G1 X194.767 Y113.477 E1697.5628
G1 X191.647 Y115.352 E1697.7141
G1 X188.763 Y110.551 E1697.9469
G0 F3600 X188.934 Y110.449
G1 F2400 E1697.4469
G0 F9000 X189.692 Y110.969
;TYPE:SOLID-FILL
;WIDTH:0.400
G1 F1500 E1697.9469
G1 F1389 X190.011 Y110.932 E1697.9595
G1 X190.010 Y111.499 E1697.9720
G1 X190.435 Y111.639 E1697.9845
G1 X190.434 Y112.207 E1697.9969
G1 X190.860 Y112.347 E1698.0095
G1 X190.858 Y112.913 E1698.0219
G1 X191.284 Y113.054 E1698.0344
G1 X191.283 Y113.620 E1698.0469
G1 X191.709 Y113.760 E1698.0594
G1 X191.707 Y114.327 E1698.0720
G1 X192.027 Y114.291 E1698.0854
G1 F2400 E1697.5854
G0 F9000 X193.238 Y113.717
;TYPE:FILL
;WIDTH:0.400
G1 F1500 E1698.0854
G1 F2499 X190.003 Y110.482 E1698.2756
G1 F2400 E1697.7756
G0 F9000 X187.391 Y136.421
;TYPE:WALL-INNER
;WIDTH:0.400
G1 F1500 E1698.2756
G1 F1389 X195.041 Y131.824 E1698.6466
G1 X197.323 Y135.625 E1698.8310
G1 X197.121 Y135.990 E1698.8483
G1 X197.052 Y136.067 E1698.8526
G1 X196.754 Y136.326 E1698.8690
G1 X196.430 Y136.531 E1698.8850
G1 X196.078 Y136.682 E1698.9009
G1 X195.707 Y136.778 E1698.9168
G1 X195.302 Y136.816 E1698.9337
G1 X187.708 Y136.950 E1699.2495
G1 X187.391 Y136.421 E1699.2751
G1 F2400 E1698.7751
G0 F9000 X186.842 Y136.284
;TYPE:WALL-OUTER
;WIDTH:0.400
G1 F1500 E1699.2751
G1 F1389 X195.178 Y131.275 E1699.6795
G1 X197.785 Y135.617 E1699.8900
G1 X197.449 Y136.224 E1699.9189
G1 X197.333 Y136.353 E1699.9261
G1 X196.993 Y136.648 E1699.9448
G1 X196.617 Y136.886 E1699.9633
G1 X196.208 Y137.062 E1699.9818
G1 X195.776 Y137.173 E1700.0004
G1 X195.325 Y137.216 E1700.0192
G1 X187.484 Y137.354 E1700.3452
G1 X186.842 Y136.284 E1700.3971
G0 F3600 X187.013 Y136.181
G1 F2400 E1699.8971
G0 F9000 X187.063 Y136.267
G0 X188.141 Y136.562
;TYPE:SOLID-FILL
;WIDTH:0.400
G1 F1500 E1700.3971
G1 F1666 X188.514 Y136.188 E1700.4191
G1 X189.932 Y135.336 E1700.4878
G1 X189.440 Y135.828 E1700.5168
G1 X190.858 Y134.976 E1700.5855
G1 X191.350 Y134.483 E1700.6145
G1 X192.768 Y133.631 E1700.6833
G1 X192.275 Y134.125 E1700.7123
G1 X193.692 Y133.273 E1700.7810
G1 X194.187 Y132.779 E1700.8101
G0 F9000 X194.328 Y132.920
;TYPE:SOLID-FILL
;WIDTH:0.400
G1 F1389 X195.053 Y132.195 E1700.8527
G1 F2400 E1700.3527
G0 F9000 X187.999 Y136.420
G1 F1500 E1700.8527
G1 F1389 X187.763 Y136.656 E1700.8666
G1 F2400 E1700.3666
G0 F9000 X191.620 Y134.727
;TYPE:FILL
;WIDTH:0.400
G1 F1500 E1700.8666
G1 F2499 X193.559 Y136.666 E1700.9806
G1 F2400 E1700.4806
G0 F9000 X194.326 Y136.653
G1 F1500 E1700.9806
G1 F2499 X196.452 Y134.527 E1701.1056
G1 F2400 E1700.6056
G0 F9000 X171.233 Y133.308
;TYPE:WALL-INNER
;WIDTH:0.400
G1 F1500 E1701.1056
G1 F1389 X176.305 Y136.120 E1701.3467
G1 X175.764 Y137.096 E1701.3931
G1 X170.458 Y137.190 E1701.6138
G1 X169.861 Y137.162 E1701.6386
G1 X169.477 Y137.070 E1701.6550
G1 X169.211 Y136.957 E1701.6670
G1 X171.233 Y133.308 E1701.8405
G1 F2400 E1701.3405
G0 F9000 X171.077 Y132.764
;TYPE:WALL-OUTER
;WIDTH:0.400
G1 F1500 E1701.8405
G1 F1389 X176.849 Y135.964 E1702.1149
G1 X176.002 Y137.492 E1702.1875
G1 X170.452 Y137.590 E1702.4183
G1 X169.805 Y137.560 E1702.4452
G1 X169.351 Y137.451 E1702.4646
G1 X168.920 Y137.268 E1702.4841
G1 X168.669 Y137.109 E1702.4964
G1 X171.077 Y132.764 E1702.7030
G0 F3600 X171.251 Y132.860
G1 F2400 E1702.2030
G0 F9000 X171.202 Y132.947
G0 X173.552 Y134.800
;TYPE:FILL
;WIDTH:0.400
G1 F1500 E1702.7030
G1 F2499 X171.358 Y136.994 E1702.8320
G0 F9000 X171.261 Y136.994
G1 F2499 X170.059 Y135.793 E1702.9026
;PRINTING_TIME: 1421
;REMAINING_TIME: 66
;LAYER:18
;Z:6.420
;HEIGHT:0.250
;PRINTING: top_cover.stl
;PRINTING_ID: 0
G1 F2400 E1702.4026
G0 F900 Z6.420
G0 F9000 X170.059 Y135.793
G0 X171.037 Y132.855
G0 X171.077 Y132.764
;TYPE:WALL-OUTER
;WIDTH:0.400
G1 F1500 E1702.9026
G1 F857 X176.849 Y135.964 E1703.1770
G1 X176.002 Y137.492 E1703.2496
G1 X170.412 Y137.590 E1703.4821
G1 X169.805 Y137.560 E1703.5073
G1 X169.351 Y137.451 E1703.5267
G1 X168.920 Y137.268 E1703.5462
G1 X168.669 Y137.109 E1703.5586
G1 X171.077 Y132.764 E1703.7651
G0 F3600 X171.251 Y132.860
G1 F2400 E1703.2651
G0 F9000 X171.202 Y132.947
G0 X169.765 Y135.499
;TYPE:FILL
;WIDTH:0.400
G1 F1500 E1703.7651
G1 F1543 X171.654 Y137.388 E1703.8762
G1 F2400 E1703.3762
G0 F9000 X170.951 Y137.400
G1 F1500 E1703.8762
G1 F1543 X173.847 Y134.505 E1704.0464
G1 F2400 E1703.5464
G0 F9000 X187.023 Y136.600
;TYPE:WALL-OUTER
;WIDTH:0.400
G1 F1500 E1704.0464
G1 F857 X195.365 Y131.587 E1704.4510
G1 X197.785 Y135.617 E1704.6465
G1 X197.441 Y136.238 E1704.6760
G1 X197.335 Y136.355 E1704.6825
G1 X196.995 Y136.651 E1704.7013
G1 X196.618 Y136.889 E1704.7198
G1 X196.209 Y137.066 E1704.7384
G1 X195.776 Y137.176 E1704.7569
G1 X195.325 Y137.220 E1704.7758
G1 X187.478 Y137.358 E1705.1021
G1 X187.023 Y136.600 E1705.1388
G0 F3600 X187.194 Y136.497
G0 F9000 X187.282 Y136.653
;TYPE:SOLID-FILL
;WIDTH:0.400
G1 F600 X187.525 Y136.613 E1705.1464
G1 X187.879 Y136.401 E1705.1540
G1 X188.232 Y136.189 E1705.1615
G1 X188.585 Y135.976 E1705.1691
G1 X188.939 Y135.764 E1705.1766
G1 X189.292 Y135.552 E1705.1842
G1 X189.645 Y135.339 E1705.1918
G1 X189.999 Y135.127 E1705.1995
G1 X190.352 Y134.915 E1705.2070
G1 X190.706 Y134.703 E1705.2146
G1 X191.059 Y134.490 E1705.2222
G1 X191.412 Y134.278 E1705.2298
G1 X191.766 Y134.066 E1705.2375
G1 X192.119 Y133.854 E1705.2450
G1 X192.472 Y133.641 E1705.2526
G1 X192.826 Y133.429 E1705.2603
G1 X193.179 Y133.217 E1705.2678
G1 X193.533 Y133.004 E1705.2754
G1 X193.886 Y132.792 E1705.2830
G1 X194.239 Y132.580 E1705.2906
G1 X194.593 Y132.367 E1705.2981
G1 X194.946 Y132.155 E1705.3057
G1 X195.190 Y132.116 E1705.3133
G1 X195.291 Y132.500 E1705.3290
G1 X194.660 Y132.435 E1705.3448
G1 X194.584 Y132.925 E1705.3606
G1 X193.954 Y132.860 E1705.3764
G1 X193.878 Y133.349 E1705.3921
G1 X193.247 Y133.284 E1705.4079
G1 X193.171 Y133.774 E1705.4238
G1 X192.540 Y133.709 E1705.4395
G1 X192.465 Y134.199 E1705.4553
G1 X191.833 Y134.133 E1705.4712
G1 X191.758 Y134.623 E1705.4870
G1 X191.127 Y134.558 E1705.5027
G1 X191.051 Y135.048 E1705.5186
G1 X190.420 Y134.983 E1705.5343
G1 X190.345 Y135.473 E1705.5502
G1 X189.713 Y135.408 E1705.5659
G1 X189.638 Y135.898 E1705.5818
G1 X189.006 Y135.832 E1705.5976
G1 X188.931 Y136.323 E1705.6134
G1 X188.299 Y136.256 E1705.6293
G1 X188.225 Y136.748 E1705.6452
G1 X187.593 Y136.681 E1705.6610
G1 X187.695 Y137.066 E1705.6771
G1 F2400 E1705.1771
G0 F9000 X191.594 Y134.701
;TYPE:FILL
;WIDTH:0.400
G1 F1500 E1705.6771
G1 F1543 X193.957 Y137.063 E1705.8160
G0 F9000 X193.914 Y137.064
G1 F1543 X196.743 Y134.235 E1705.9823
G1 F2400 E1705.4823
G0 F9000 X188.958 Y110.434
;TYPE:WALL-OUTER
;WIDTH:0.400
G1 F1500 E1705.9823
G1 F857 X191.886 Y108.675 E1706.1244
G1 X194.236 Y112.587 E1706.3141
G1 X194.770 Y113.475 E1706.3572
G1 X191.842 Y115.235 E1706.4992
G1 X188.958 Y110.434 E1706.7320
G0 F3600 X189.129 Y110.331
G1 F2400 E1706.2320
G0 F9000 X189.179 Y110.417
G0 X189.747 Y111.400
;TYPE:SOLID-FILL
;WIDTH:0.400
G1 F1500 E1706.7320
G1 F600 X189.885 Y111.537 E1706.7399
G1 F2400 E1706.2399
G0 F9000 X190.598 Y112.816
G1 F1500 E1706.7399
G1 F600 X190.734 Y112.953 E1706.7477
G1 F2400 E1706.2477
G0 F9000 X191.449 Y114.233
G1 F1500 E1706.7477
G1 F600 X191.584 Y114.368 E1706.7554
G1 X192.091 Y114.875 E1706.7844
G1 F2400 E1706.2844
G0 F9000 X191.457 Y113.675
;TYPE:SOLID-FILL
;WIDTH:0.400
G1 F1500 E1706.7844
G1 F857 X190.734 Y112.952 E1706.8269
G1 F2400 E1706.3269
G0 F9000 X190.606 Y112.259
G1 F1500 E1706.8269
G1 F857 X189.884 Y111.536 E1706.8693
G1 F2400 E1706.3693
G0 F9000 X189.756 Y110.843
G1 F1500 E1706.8693
G1 F857 X189.332 Y110.418 E1706.8943
G0 F9000 X189.711 Y110.190
;TYPE:FILL
;WIDTH:0.400
G1 F1543 X193.530 Y114.009 E1707.1189
G1 F2400 E1706.6189
G0 F9000 X178.469 Y102.692
;TYPE:WALL-OUTER
;WIDTH:0.400
G1 F1500 E1707.1189
G1 F857 X185.639 Y102.566 E1707.4170
G1 X186.326 Y103.710 E1707.4725
G1 X181.001 Y106.909 E1707.7307
G1 X178.469 Y102.692 E1707.9352
G0 F3600 X178.668 Y102.689
G1 F2400 E1707.4352
G0 F9000 X178.699 Y102.734
G0 X181.174 Y106.221
;TYPE:SOLID-FILL
;WIDTH:0.400
G1 F1500 E1707.9352
G1 F600 X181.583 Y106.347 E1707.9485
G1 X181.704 Y105.902 E1707.9617
G1 X182.290 Y105.923 E1707.9749
G1 X182.411 Y105.478 E1707.9881
G1 X182.997 Y105.498 E1708.0013
G1 X183.117 Y105.053 E1708.0145
G1 X183.703 Y105.073 E1708.0278
G1 X183.824 Y104.629 E1708.0410
G1 X184.411 Y104.649 E1708.0542
G1 X184.531 Y104.204 E1708.0675
G1 X185.117 Y104.224 E1708.0807
G1 X185.238 Y103.779 E1708.0939
G1 X185.824 Y103.800 E1708.1072
G1 X185.768 Y103.461 E1708.1210
G0 F9000 X185.445 Y103.421
;TYPE:SOLID-FILL
;WIDTH:0.400
G1 F1029 X185.358 Y103.334 E1708.1262
G1 X185.005 Y103.546 E1708.1433
G1 X185.092 Y103.633 E1708.1484
G1 X184.739 Y103.846 E1708.1655
G1 X184.651 Y103.758 E1708.1707
G1 X184.298 Y103.970 E1708.1878
G1 X184.385 Y104.058 E1708.1930
G1 X184.032 Y104.270 E1708.2101
G1 X183.945 Y104.183 E1708.2152
G1 X183.591 Y104.395 E1708.2324
G1 X183.678 Y104.482 E1708.2375
G1 X183.325 Y104.695 E1708.2546
G1 X183.238 Y104.607 E1708.2598
G1 X182.885 Y104.820 E1708.2769
G1 X182.972 Y104.907 E1708.2820
G1 X182.618 Y105.119 E1708.2992
G1 X182.531 Y105.032 E1708.3043
G1 X182.178 Y105.245 E1708.3214
G1 X182.265 Y105.332 E1708.3266
G1 X181.912 Y105.544 E1708.3437
G1 X181.824 Y105.457 E1708.3488
G1 X181.471 Y105.670 E1708.3660
G1 X181.558 Y105.757 E1708.3711
G1 X181.205 Y105.969 E1708.3882
G1 X181.118 Y105.882 E1708.3933
G0 F9000 X180.976 Y106.022
;TYPE:SOLID-FILL
;WIDTH:0.400
G1 F857 X180.795 Y105.842 E1708.4039
G1 F2400 E1707.9039
G0 F9000 X185.586 Y103.279
G1 F1500 E1708.4039
G1 F857 X185.767 Y103.460 E1708.4146
G1 F2400 E1707.9146
G0 F9000 X183.663 Y104.141
;TYPE:FILL
;WIDTH:0.400
G1 F1500 E1708.4146
G1 F1543 X182.326 Y102.804 E1708.4932
G1 F2400 E1707.9932
G0 F9000 X182.931 Y102.793
G1 F1500 E1708.4932
G1 F1543 X180.312 Y105.412 E1708.6472
;PRINTING_TIME: 1436
;REMAINING_TIME: 50
;LAYER:19
;Z:6.670
;HEIGHT:0.250
;PRINTING: top_cover.stl
;PRINTING_ID: 0
G1 F2400 E1708.1472
G0 F900 Z6.670
G0 F9000 X179.168 Y103.080
;TYPE:WALL-INNER
;WIDTH:0.400
G1 F1500 E1708.6472
G1 F1155 X185.415 Y102.970 E1708.9069
G1 X185.520 Y103.144 E1708.9154
G1 X180.881 Y105.931 E1709.1404
G1 X179.168 Y103.080 E1709.2786
G1 F2400 E1708.7786
G0 F9000 X178.469 Y102.692
;TYPE:WALL-OUTER
;WIDTH:0.400
G1 F1500 E1709.2786
G1 F1155 X185.639 Y102.566 E1709.5768
G1 X186.069 Y103.281 E1709.6115
G1 X180.744 Y106.480 E1709.8697
G1 X178.469 Y102.692 E1710.0534
G0 F3600 X178.668 Y102.689
G1 F2400 E1709.5534
G0 F9000 X184.325 Y103.325
;TYPE:SOLID-FILL
;WIDTH:0.400
G1 F1500 E1710.0534
G1 F1155 X184.464 Y103.186 E1710.0616
G0 F9000 X183.992 Y103.375
;TYPE:SOLID-FILL
;WIDTH:0.400
G1 F1386 X183.386 Y103.981 E1710.0972
G1 X181.969 Y104.832 E1710.1660
G1 X183.256 Y103.545 E1710.2416
G1 X181.839 Y104.397 E1710.3104
G1 X180.941 Y105.295 E1710.3632
G0 F9000 X181.082 Y105.437
;TYPE:SOLID-FILL
;WIDTH:0.400
G1 F1155 X180.795 Y105.440 E1710.3738
G1 X180.799 Y105.154 E1710.3857
G1 F2400 E1709.8857
G0 F9000 X183.850 Y103.234
G1 F1500 E1710.3857
G1 F1155 X184.020 Y103.346 E1710.3891
G1 X184.341 Y103.309 E1710.4025
G1 F2400 E1709.9025
G0 F9000 X183.007 Y103.485
;TYPE:FILL
;WIDTH:0.400
G1 F1500 E1710.4025
G1 F2079 X182.719 Y103.197 E1710.4194
G0 F9000 X182.524 Y103.200
G1 F2079 X181.082 Y104.642 E1710.5042
G1 F2400 E1710.0042
G0 F9000 X189.701 Y110.454
;TYPE:WALL-INNER
;WIDTH:0.400
G1 F1500 E1710.5042
G1 F1155 X191.752 Y109.223 E1710.6037
G1 X194.089 Y113.112 E1710.7923
G1 X194.224 Y113.337 E1710.8032
G1 X192.173 Y114.569 E1710.9027
G1 X189.701 Y110.454 E1711.1023
G1 F2400 E1710.6023
G0 F9000 X189.152 Y110.317
;TYPE:WALL-OUTER
;WIDTH:0.400
G1 F1500 E1711.1023
G1 F1155 X191.889 Y108.674 E1711.2350
G1 X194.432 Y112.906 E1711.4402
G1 X194.773 Y113.474 E1711.4678
G1 X192.036 Y115.118 E1711.6005
G1 X189.152 Y110.317 E1711.8334
G0 F3600 X189.323 Y110.215
G1 F2400 E1711.3334
G0 F9000 X190.022 Y110.639
;TYPE:SOLID-FILL
;WIDTH:0.400
G1 F1500 E1711.8334
G1 F1155 X190.342 Y110.601 E1711.8459
G1 X190.340 Y111.169 E1711.8585
G1 X190.766 Y111.308 E1711.8710
G1 X190.764 Y111.876 E1711.8836
G1 X191.191 Y112.015 E1711.8962
G1 X191.189 Y112.583 E1711.9087
G1 X191.615 Y112.722 E1711.9213
G1 X191.613 Y113.289 E1711.9338
G1 X192.040 Y113.428 E1711.9464
G1 X192.038 Y113.996 E1711.9590
G1 X192.359 Y113.959 E1711.9724
G1 F2400 E1711.4724
G0 F9000 X193.238 Y113.717
;TYPE:FILL
;WIDTH:0.400
G1 F1500 E1711.9724
G1 F2079 X190.616 Y111.095 E1712.1266
G1 F2400 E1711.6266
G0 F9000 X188.169 Y136.802
;TYPE:WALL-INNER
;WIDTH:0.400
G1 F1500 E1712.1266
G1 F1155 X195.416 Y132.448 E1712.4781
G1 X197.323 Y135.625 E1712.6321
G1 X197.104 Y136.020 E1712.6509
G1 X196.759 Y136.332 E1712.6703
G1 X196.434 Y136.537 E1712.6862
G1 X196.080 Y136.689 E1712.7023
G1 X195.708 Y136.785 E1712.7182
G1 X195.303 Y136.823 E1712.7351
G1 X188.211 Y136.948 E1713.0300
G1 X188.169 Y136.802 E1713.0364
G1 F2400 E1712.5364
G0 F9000 X187.552 Y137.302
G0 X187.472 Y137.361
;TYPE:WALL-OUTER
;WIDTH:0.400
G1 F1500 E1713.0364
G1 F1155 X187.204 Y136.915 E1713.0580
G1 X195.553 Y131.899 E1713.4629
G1 X197.785 Y135.617 E1713.6432
G1 X197.432 Y136.254 E1713.6735
G1 X197.338 Y136.358 E1713.6793
G1 X196.998 Y136.654 E1713.6981
G1 X196.621 Y136.892 E1713.7166
G1 X196.210 Y137.069 E1713.7352
G1 X195.777 Y137.180 E1713.7538
G1 X195.325 Y137.223 E1713.7727
G1 X187.472 Y137.361 E1714.0992
G0 F3600 X187.369 Y137.190
G0 F9000 X187.830 Y137.155
;TYPE:SOLID-FILL
;WIDTH:0.400
G1 F1155 X188.002 Y136.984 E1714.1093
G1 F2400 E1713.6093
G0 F9000 X188.813 Y136.738
G1 F1500 E1714.1093
G1 F1155 X189.042 Y136.509 E1714.1228
G1 F2400 E1713.6228
G0 F9000 X190.640 Y135.759
;TYPE:SOLID-FILL
;WIDTH:0.400
G1 F1500 E1714.1228
G1 F1386 X190.149 Y136.250 E1714.1516
G1 X191.567 Y135.398 E1714.2204
G1 X192.057 Y134.908 E1714.2492
G1 X193.474 Y134.057 E1714.3179
G1 X192.984 Y134.546 E1714.3467
G1 X194.402 Y133.694 E1714.4155
G1 X194.891 Y133.206 E1714.4442
G0 F9000 X195.032 Y133.347
;TYPE:SOLID-FILL
;WIDTH:0.400
G1 F1155 X195.477 Y132.902 E1714.4704
G1 F2400 E1713.9704
G0 F9000 X189.875 Y136.242
G1 F1500 E1714.4704
G1 F1155 X189.421 Y136.695 E1714.4970
G1 F2400 E1713.9970
G0 F9000 X192.152 Y135.258
;TYPE:FILL
;WIDTH:0.400
G1 F1500 E1714.4970
G1 F2079 X193.566 Y136.673 E1714.5802
G1 F2400 E1714.0802
G0 F9000 X194.319 Y136.660
G1 F1500 E1714.5802
G1 F2079 X196.452 Y134.527 E1714.7056
G1 F2400 E1714.2056
G0 F9000 X171.233 Y133.308
;TYPE:WALL-INNER
;WIDTH:0.400
G1 F1500 E1714.7056
G1 F1155 X176.305 Y136.120 E1714.9467
G1 X175.764 Y137.096 E1714.9931
G1 X170.380 Y137.191 E1715.2170
G1 X169.864 Y137.163 E1715.2385
G1 X169.477 Y137.070 E1715.2550
G1 X169.211 Y136.957 E1715.2670
G1 X171.233 Y133.308 E1715.4405
G1 F2400 E1714.9405
G0 F9000 X171.077 Y132.764
;TYPE:WALL-OUTER
;WIDTH:0.400
G1 F1500 E1715.4405
G1 F1155 X176.849 Y135.964 E1715.7149
G1 X176.002 Y137.492 E1715.7875
G1 X170.373 Y137.591 E1716.0216
G1 X169.806 Y137.560 E1716.0452
G1 X169.351 Y137.451 E1716.0646
G1 X168.920 Y137.268 E1716.0841
G1 X168.669 Y137.109 E1716.0964
G1 X171.077 Y132.764 E1716.3030
G0 F3600 X171.251 Y132.860
G1 F2400 E1715.8030
G0 F9000 X171.202 Y132.947
G0 X173.552 Y134.800
;TYPE:FILL
;WIDTH:0.400
G1 F1500 E1716.3030
G1 F2079 X171.358 Y136.994 E1716.4320
G0 F9000 X171.261 Y136.995
G1 F2079 X170.059 Y135.793 E1716.5027
;PRINTING_TIME: 1452
;REMAINING_TIME: 35
;LAYER:20
;Z:6.920
;HEIGHT:0.250
;PRINTING: top_cover.stl
;PRINTING_ID: 0
G1 F2400 E1716.0027
G0 F900 Z6.920
G0 F9000 X170.059 Y135.793
G0 X171.037 Y132.855
G0 X171.077 Y132.764
;TYPE:WALL-OUTER
;WIDTH:0.400
G1 F1500 E1716.5027
G1 F1429 X176.849 Y135.964 E1716.7770
G1 X176.002 Y137.492 E1716.8497
G1 X170.333 Y137.592 E1717.0854
G1 X169.806 Y137.560 E1717.1073
G1 X169.351 Y137.451 E1717.1268
G1 X168.920 Y137.268 E1717.1463
G1 X168.669 Y137.109 E1717.1586
G1 X171.077 Y132.764 E1717.3651
G0 F3600 X171.251 Y132.860
G1 F2400 E1716.8651
G0 F9000 X171.202 Y132.947
G0 X169.231 Y136.987
;TYPE:SOLID-FILL
;WIDTH:0.400
G1 F1500 E1717.3651
G1 F1715 X169.471 Y137.088 E1717.3760
G1 X169.857 Y137.182 E1717.3925
G1 X170.000 Y137.190 E1717.3984
G1 X169.393 Y136.584 E1717.4341
G1 X169.595 Y136.219 E1717.4514
G1 X170.583 Y137.207 E1717.5095
G1 X171.138 Y137.197 E1717.5326
G1 X169.796 Y135.855 E1717.6115
G1 X169.999 Y135.492 E1717.6288
G1 X171.694 Y137.187 E1717.7285
G1 X172.250 Y137.178 E1717.7516
G1 X170.200 Y135.128 E1717.8721
G1 X170.402 Y134.763 E1717.8895
G1 X172.806 Y137.168 E1718.0308
G1 X173.362 Y137.158 E1718.0540
G1 X170.603 Y134.399 E1718.2162
G1 X170.805 Y134.036 E1718.2335
G1 X173.918 Y137.149 E1718.4165
G1 X174.474 Y137.139 E1718.4396
G1 X171.007 Y133.672 E1718.6434
G1 X171.208 Y133.308 E1718.6607
G1 X175.030 Y137.129 E1718.8854
G1 X175.585 Y137.119 E1718.9085
G1 X172.398 Y133.932 E1719.0959
G1 X173.668 Y134.636 E1719.1563
G1 X175.909 Y136.876 E1719.2880
G1 X176.110 Y136.512 E1719.3053
G1 X174.938 Y135.340 E1719.3742
G1 X176.207 Y136.043 E1719.4345
G1 X176.312 Y136.148 E1719.4407
G1 F2400 E1718.9407
G0 F9000 X187.386 Y137.231
;TYPE:WALL-OUTER
;WIDTH:0.400
G1 F1500 E1719.4407
G1 F1429 X195.740 Y132.210 E1719.8459
G1 X197.785 Y135.617 E1720.0111
G1 X197.425 Y136.269 E1720.0421
G1 X197.000 Y136.657 E1720.0660
G1 X196.622 Y136.895 E1720.0846
G1 X196.212 Y137.072 E1720.1031
G1 X195.744 Y137.188 E1720.1232
G1 X195.163 Y137.231 E1720.1474
G1 X187.466 Y137.365 E1720.4674
G1 X187.386 Y137.231 E1720.4739
G0 F3600 X187.557 Y137.128
G1 F2400 E1719.9739
G0 F9000 X187.607 Y137.214
G0 X188.180 Y136.986
;TYPE:SOLID-FILL
;WIDTH:0.400
G1 F1500 E1720.4739
G1 F1429 X188.470 Y136.993 E1720.4835
G1 X188.551 Y136.790 E1720.4873
G1 X188.763 Y136.720 E1720.4922
G1 X189.116 Y136.507 E1720.5000
G1 X189.469 Y136.295 E1720.5078
G1 X189.823 Y136.082 E1720.5156
G1 X190.176 Y135.870 E1720.5234
G1 X190.529 Y135.657 E1720.5311
G1 X190.883 Y135.445 E1720.5389
G1 X191.236 Y135.233 E1720.5467
G1 X191.589 Y135.020 E1720.5544
G1 X191.943 Y134.808 E1720.5622
G1 X192.296 Y134.596 E1720.5700
G1 X192.650 Y134.384 E1720.5778
G1 X193.003 Y134.171 E1720.5856
G1 X193.356 Y133.959 E1720.5934
G1 X193.710 Y133.747 E1720.6012
G1 X194.063 Y133.534 E1720.6090
G1 X194.416 Y133.322 E1720.6168
G1 X194.770 Y133.110 E1720.6246
G1 X195.122 Y132.897 E1720.6324
G1 X195.476 Y132.685 E1720.6402
G1 X195.720 Y132.646 E1720.6504
G0 F9000 X195.689 Y132.898
;TYPE:SOLID-FILL
;WIDTH:0.400
G1 F1715 X195.336 Y133.111 E1720.6676
G1 X196.589 Y134.363 E1720.7412
G1 X197.345 Y135.625 E1720.8024
G1 X197.324 Y135.664 E1720.8042
G1 X194.983 Y133.323 E1720.9419
G1 X194.629 Y133.535 E1720.9590
G1 X197.122 Y136.028 E1721.1056
G1 X197.122 Y136.029 E1721.1056
G1 X196.826 Y136.298 E1721.1223
G1 X194.276 Y133.747 E1721.2722
G1 X193.922 Y133.959 E1721.2894
G1 X196.490 Y136.528 E1721.4404
G1 X196.445 Y136.557 E1721.4426
G1 X196.101 Y136.704 E1721.4582
G1 X193.569 Y134.172 E1721.6070
G1 X193.216 Y134.384 E1721.6242
G1 X195.645 Y136.813 E1721.7670
G1 X195.151 Y136.850 E1721.7876
G1 X195.116 Y136.850 E1721.7890
G1 X192.862 Y134.597 E1721.9215
G1 X192.509 Y134.809 E1721.9386
G1 X194.560 Y136.860 E1722.0592
G1 X194.004 Y136.870 E1722.0824
G1 X192.156 Y135.022 E1722.1910
G1 X191.802 Y135.234 E1722.2082
G1 X193.448 Y136.879 E1722.3049
G1 X192.892 Y136.889 E1722.3280
G1 X191.449 Y135.446 E1722.4129
G1 X191.095 Y135.658 E1722.4300
G1 X192.336 Y136.899 E1722.5030
G1 X191.780 Y136.908 E1722.5261
G1 X190.742 Y135.871 E1722.5871
G1 X190.389 Y136.083 E1722.6042
G1 X191.224 Y136.918 E1722.6533
G1 X190.668 Y136.928 E1722.6765
G1 X190.035 Y136.295 E1722.7137
G1 X189.682 Y136.507 E1722.7308
G1 X190.112 Y136.937 E1722.7561
G1 X189.556 Y136.947 E1722.7792
G1 X189.329 Y136.720 E1722.7925
G1 X188.975 Y136.932 E1722.8097
G0 F9000 X188.919 Y137.159
;TYPE:SOLID-FILL
;WIDTH:0.400
G1 F1429 X188.653 Y136.893 E1722.8253
G1 F2400 E1722.3253
G0 F9000 X195.720 Y132.646
G1 F1500 E1722.8253
G1 F1429 X195.898 Y132.824 E1722.8358
G1 F2400 E1722.3358
G0 F9000 X189.347 Y110.200
;TYPE:WALL-OUTER
;WIDTH:0.400
G1 F1500 E1722.8358
G1 F1429 X191.892 Y108.672 E1722.9592
G1 X194.629 Y113.226 E1723.1801
G1 X194.776 Y113.472 E1723.1920
G1 X192.231 Y115.001 E1723.3155
G1 X189.347 Y110.200 E1723.5483
G0 F3600 X189.518 Y110.098
G1 F2400 E1723.0483
G0 F9000 X190.222 Y111.309
;TYPE:SOLID-FILL
;WIDTH:0.400
G1 F1500 E1723.5483
G1 F1001 X190.361 Y111.448 E1723.5562
G1 F2400 E1723.0562
G0 F9000 X191.072 Y112.724
G1 F1500 E1723.5562
G1 F1001 X191.212 Y112.865 E1723.5643
G1 F2400 E1723.0643
G0 F9000 X191.922 Y114.141
G1 F1500 E1723.5643
G1 F1001 X192.064 Y114.282 E1723.5723
G0 F9000 X192.473 Y114.409
;TYPE:SOLID-FILL
;WIDTH:0.400
G1 F1715 X192.221 Y114.156 E1723.5872
G1 X191.369 Y112.739 E1723.6559
G1 X192.827 Y114.197 E1723.7416
G1 X193.180 Y113.984 E1723.7588
G1 X190.517 Y111.321 E1723.9153
G1 X189.907 Y110.305 E1723.9646
G1 X190.008 Y110.246 E1723.9695
G1 X193.534 Y113.772 E1724.1768
G1 X193.887 Y113.560 E1724.1939
G1 X190.361 Y110.034 E1724.4012
G1 X190.715 Y109.822 E1724.4184
G1 X194.241 Y113.348 E1724.6257
G1 X194.254 Y113.341 E1724.6263
G1 X193.433 Y111.974 E1724.6926
G1 X191.068 Y109.610 E1724.8316
G1 X191.422 Y109.397 E1724.8488
G1 X192.581 Y110.557 E1724.9170
G1 F2400 E1724.4170
G0 F9000 X191.888 Y109.015
;TYPE:SOLID-FILL
;WIDTH:0.400
G1 F1500 E1724.9170
G1 F1429 X191.806 Y108.934 E1724.9218
G1 F2400 E1724.4218
G0 F9000 X178.469 Y102.692
;TYPE:WALL-OUTER
;WIDTH:0.400
G1 F1500 E1724.9218
G1 F1429 X185.639 Y102.566 E1725.2199
G1 X185.811 Y102.852 E1725.2338
G1 X180.486 Y106.052 E1725.4921
G1 X178.469 Y102.692 E1725.6550
G0 F3600 X178.668 Y102.689
G1 F2400 E1725.1550
G0 F9000 X180.446 Y105.493
;TYPE:SOLID-FILL
;WIDTH:0.400
G1 F1500 E1725.6550
G1 F1001 X180.855 Y105.619 E1725.6683
G1 X180.975 Y105.174 E1725.6815
G1 X181.561 Y105.194 E1725.6947
G1 X181.683 Y104.750 E1725.7080
G1 X182.267 Y104.769 E1725.7211
G1 X182.389 Y104.325 E1725.7343
G1 X182.974 Y104.344 E1725.7475
G1 X183.096 Y103.900 E1725.7607
G1 X183.681 Y103.919 E1725.7738
G1 X183.802 Y103.475 E1725.7871
G1 X184.387 Y103.494 E1725.8003
G1 X184.510 Y103.051 E1725.8134
G1 X184.899 Y103.158 E1725.8297
G1 F2400 E1725.3297
G0 F9000 X184.009 Y103.116
;TYPE:SOLID-FILL
;WIDTH:0.400
G1 F1500 E1725.8297
G1 F1715 X183.870 Y102.977 E1725.8379
G1 X183.314 Y102.987 E1725.8610
G1 X183.656 Y103.329 E1725.8811
G1 X183.303 Y103.541 E1725.8982
G1 X182.758 Y102.997 E1725.9302
G1 X182.203 Y103.007 E1725.9533
G1 X182.950 Y103.754 E1725.9972
G1 X182.596 Y103.966 E1726.0144
G1 X181.647 Y103.016 E1726.0702
G1 X181.091 Y103.026 E1726.0933
G1 X182.243 Y104.178 E1726.1611
G1 X181.890 Y104.391 E1726.1782
G1 X180.534 Y103.036 E1726.2579
G1 X179.979 Y103.045 E1726.2810
G1 X181.536 Y104.603 E1726.3726
G1 X181.183 Y104.815 E1726.3897
G1 X179.423 Y103.055 E1726.4932
G1 X179.132 Y103.060 E1726.5053
G1 X179.537 Y103.736 E1726.5380
G1 X180.830 Y105.028 E1726.6140
G1 X180.476 Y105.240 E1726.6312
G1 X180.386 Y105.150 E1726.6365
G1 F2400 E1726.1365
G0 F9000 X184.150 Y102.974
;TYPE:SOLID-FILL
;WIDTH:0.400
G1 F1500 E1726.6365
G1 F1429 X184.508 Y103.050 E1726.6472
G1 X184.795 Y102.770 E1726.6576
G1 X185.257 Y102.950 E1726.6782
;PRINTING_TIME: 1469
;REMAINING_TIME: 17
;LAYER:21
;Z:7.170
;HEIGHT:0.250
;PRINTING: top_cover.stl
;PRINTING_ID: 0
G1 F2400 E1726.1782
G0 F900 Z7.170
G0 F9000 X184.996 Y102.643
G0 X179.168 Y103.080
;TYPE:WALL-INNER
;WIDTH:0.400
G1 F1500 E1726.6782
G1 F1685 X183.527 Y103.003 E1726.8595
G1 X183.569 Y103.149 E1726.8658
G1 X180.366 Y105.074 E1727.0212
G1 X179.168 Y103.080 E1727.1179
G1 F2400 E1726.6179
G0 F9000 X178.469 Y102.692
;TYPE:WALL-OUTER
;WIDTH:0.400
G1 F1500 E1727.1179
G1 F1685 X185.013 Y102.577 E1727.3900
G1 X185.055 Y102.723 E1727.3963
G1 X180.229 Y105.623 E1727.6304
G1 X178.469 Y102.692 E1727.7725
G0 F3600 X178.668 Y102.689
G1 F2400 E1727.2725
G0 F9000 X179.628 Y103.497
;TYPE:SOLID-FILL
;WIDTH:0.400
G1 F1500 E1727.7725
G1 F1180 X179.878 Y103.247 E1727.7868
G0 F9000 X180.454 Y103.236
G1 F1180 X179.840 Y103.850 E1727.8218
G0 F9000 X180.052 Y104.204
G1 F1180 X181.029 Y103.226 E1727.8775
G0 F9000 X181.606 Y103.216
G1 F1180 X180.265 Y104.557 E1727.9540
G0 F9000 X180.763 Y104.624
G1 F1180 X182.181 Y103.206 E1728.0349
G0 F9000 X182.399 Y103.554
G1 F1180 X182.283 Y103.670 E1728.0472
G1 X182.737 Y103.216 E1728.0731
G1 F2400 E1727.5731
G0 F9000 X183.903 Y103.181
;TYPE:SOLID-FILL
;WIDTH:0.400
G1 F1500 E1728.0731
G1 F1685 X184.296 Y102.789 E1728.0962
G1 F2400 E1727.5962
G0 F9000 X190.091 Y110.220
;TYPE:WALL-INNER
;WIDTH:0.400
G1 F1500 E1728.0962
G1 F1685 X191.758 Y109.219 E1728.1770
G1 X194.230 Y113.333 E1728.3766
G1 X192.563 Y114.335 E1728.4575
G1 X190.091 Y110.220 E1728.6570
G1 F2400 E1728.1570
G0 F9000 X189.542 Y110.083
;TYPE:WALL-OUTER
;WIDTH:0.400
G1 F1500 E1728.6570
G1 F1685 X191.895 Y108.670 E1728.7711
G1 X194.779 Y113.470 E1729.0040
G1 X192.426 Y114.884 E1729.1181
G1 X189.542 Y110.083 E1729.3509
G0 F3600 X189.713 Y109.981
G1 F2400 E1728.8509
G0 F9000 X190.353 Y110.307
;TYPE:SOLID-FILL
;WIDTH:0.400
G1 F1500 E1729.3509
G1 F1180 X190.446 Y110.215 E1729.3562
G0 F9000 X190.565 Y110.661
G1 F1180 X191.720 Y109.506 E1729.4221
G0 F9000 X191.932 Y109.860
G1 F1180 X190.778 Y111.015 E1729.4879
G0 F9000 X190.990 Y111.368
G1 F1180 X192.144 Y110.213 E1729.5538
G0 F9000 X192.357 Y110.566
G1 F1180 X191.203 Y111.721 E1729.6196
G0 F9000 X191.415 Y112.075
G1 F1180 X192.569 Y110.920 E1729.6855
G0 F9000 X192.782 Y111.273
G1 F1180 X191.627 Y112.428 E1729.7513
G0 F9000 X191.839 Y112.782
G1 F1180 X192.994 Y111.627 E1729.8172
G0 F9000 X193.206 Y111.980
G1 F1180 X192.051 Y113.135 E1729.8831
G0 F9000 X192.264 Y113.488
G1 F1180 X193.419 Y112.333 E1729.9489
G0 F9000 X193.631 Y112.687
G1 F1180 X192.476 Y113.842 E1730.0148
G0 F9000 X193.055 Y113.829
G1 F1180 X193.843 Y113.040 E1730.0598
G1 F2400 E1729.5598
G0 F9000 X189.611 Y136.784
;TYPE:WALL-INNER
;WIDTH:0.400
G1 F1500 E1730.0598
G1 F1685 X195.790 Y133.071 E1730.3595
G1 X197.323 Y135.625 E1730.4833
G1 X197.102 Y136.026 E1730.5024
G1 X196.756 Y136.342 E1730.5219
G1 X196.437 Y136.544 E1730.5376
G1 X196.083 Y136.696 E1730.5536
G1 X195.711 Y136.791 E1730.5695
G1 X195.266 Y136.832 E1730.5881
G1 X189.653 Y136.930 E1730.8215
G1 X189.611 Y136.784 E1730.8278
G1 F2400 E1730.3278
G0 F9000 X188.185 Y137.290
G0 X188.126 Y137.210
;TYPE:WALL-OUTER
;WIDTH:0.400
G1 F1500 E1730.8278
G1 F1685 X195.927 Y132.522 E1731.2062
G1 X197.785 Y135.617 E1731.3563
G1 X197.420 Y136.277 E1731.3876
G1 X197.000 Y136.661 E1731.4113
G1 X196.624 Y136.899 E1731.4298
G1 X196.212 Y137.076 E1731.4484
G1 X195.779 Y137.186 E1731.4670
G1 X195.288 Y137.232 E1731.4875
G1 X188.168 Y137.356 E1731.7836
G1 X188.126 Y137.210 E1731.7899
G0 F3600 X188.297 Y137.107
G1 F2400 E1731.2899
G0 F9000 X188.347 Y137.193
G0 X188.975 Y137.141
;TYPE:SOLID-FILL
;WIDTH:0.400
G1 F1500 E1731.7899
G1 F1685 X189.378 Y136.738 E1731.8136
G1 F2400 E1731.3136
G0 F9000 X190.534 Y136.714
G1 F1500 E1731.8136
G1 F1685 X190.804 Y136.443 E1731.8299
G1 X191.226 Y136.022 E1731.8547
G1 F2400 E1731.3547
G0 F9000 X191.090 Y136.724
;TYPE:SOLID-FILL
;WIDTH:0.400
G1 F1500 E1731.8547
G1 F1180 X192.644 Y135.170 E1731.9433
G1 F2400 E1731.4433
G0 F9000 X192.817 Y136.694
G1 F1500 E1731.9433
G1 F1180 X195.901 Y133.609 E1732.1193
G0 F9000 X196.113 Y133.963
G1 F1180 X193.392 Y136.684 E1732.2745
G0 F9000 X193.968 Y136.674
G1 F1180 X196.326 Y134.317 E1732.4089
G0 F9000 X196.538 Y134.670
G1 F1180 X194.544 Y136.664 E1732.5226
G0 F9000 X195.119 Y136.654
G1 F1180 X196.751 Y135.023 E1732.6157
G0 F9000 X196.963 Y135.377
G1 F1180 X195.743 Y136.596 E1732.6852
G1 F2400 E1732.1852
G0 F9000 X194.061 Y134.318
G1 F1500 E1732.6852
G1 F1180 X191.666 Y136.714 E1732.8218
G0 F9000 X192.241 Y136.704
G1 F1180 X195.479 Y133.466 E1733.0065
G1 F2400 E1732.5065
G0 F9000 X171.233 Y133.308
;TYPE:WALL-INNER
;WIDTH:0.400
G1 F1500 E1733.0065
G1 F1685 X176.305 Y136.120 E1733.2476
G1 X175.764 Y137.096 E1733.2940
G1 X170.303 Y137.192 E1733.5211
G1 X169.867 Y137.164 E1733.5393
G1 X169.477 Y137.070 E1733.5559
G1 X169.211 Y136.957 E1733.5680
G1 X171.233 Y133.308 E1733.7414
G1 F2400 E1733.2414
G0 F9000 X171.077 Y132.764
;TYPE:WALL-OUTER
;WIDTH:0.400
G1 F1500 E1733.7414
G1 F1685 X176.849 Y135.964 E1734.0158
G1 X176.002 Y137.492 E1734.0884
G1 X170.294 Y137.592 E1734.3258
G1 X169.807 Y137.561 E1734.3461
G1 X169.351 Y137.451 E1734.3656
G1 X168.920 Y137.268 E1734.3850
G1 X168.669 Y137.109 E1734.3974
G1 X171.077 Y132.764 E1734.6039
G0 F3600 X171.251 Y132.860
G1 F2400 E1734.1039
G0 F9000 X171.202 Y132.947
G0 X171.516 Y133.670
;TYPE:SOLID-FILL
;WIDTH:0.400
G1 F1500 E1734.6039
G1 F1180 X170.889 Y134.297 E1734.6397
G1 F2400 E1734.1397
G0 F9000 X171.880 Y133.872
G1 F1500 E1734.6397
G1 F1180 X170.186 Y135.566 E1734.7363
G1 F2400 E1734.2363
G0 F9000 X169.897 Y136.986
G1 F1500 E1734.7363
G1 F1180 X172.608 Y134.276 E1734.8909
G0 F9000 X172.972 Y134.477
G1 F1180 X170.439 Y137.010 E1735.0353
G0 F9000 X171.015 Y137.000
G1 F1180 X173.335 Y134.679 E1735.1677
G0 F9000 X173.700 Y134.881
G1 F1180 X171.591 Y136.989 E1735.2879
G0 F9000 X172.167 Y136.980
G1 F1180 X174.064 Y135.082 E1735.3961
G0 F9000 X174.427 Y135.285
G1 F1180 X172.743 Y136.969 E1735.4922
G0 F9000 X173.318 Y136.959
G1 F1180 X174.791 Y135.486 E1735.5762
G0 F9000 X175.156 Y135.688
G1 F1180 X173.894 Y136.949 E1735.6481
G0 F9000 X174.470 Y136.939
G1 F1180 X175.519 Y135.890 E1735.7080
G0 F9000 X175.883 Y136.091
G1 F1180 X175.046 Y136.929 E1735.7557
G0 F9000 X175.622 Y136.918
G1 F1180 X175.696 Y136.844 E1735.7599
G1 F2400 E1735.2599
G0 F9000 X172.244 Y134.074
G1 F1500 E1735.7599
G1 F1180 X169.482 Y136.835 E1735.9174
;PRINTING_TIME: 1487
;REMAINING_TIME: 0
M106 S0
G1 F2400 E1735.4174
G0 F900 Z12.170
G0 F9000 X169.482 Y136.835
M221 T1 S100
G92 E0
M1002
M104 T1 S0
M221 T1 S100
M104 S0
M140 S0
M107
G91
G1 E-1 F300
G1 Z+0.5 E-5 Y-20 F9000.00
G28 X0 U0
M84
G90
;Data start:65768:7b2c64186d19f6ce5f0b67597cf4fedb
;SURFQSAtIFBSSU5UREFUQUlZDHzi6E17riyBkcQfrmdZE1k37Op8P08d6NVJSnsUDwjfbtLB4S5wHh8
;ermQEiJC/PEVt3BVQ4EOKujk+FHlaWiw9gaORfflNHwWuBWeKlrA8W2naHUvnc4aKLyUPYDU2c0700f
;ccE2gfH64FZ+v109B3DLt8P459i7YoJh5mOy9FUu/8+BMWZHNyrgRn6/XTWTeF6HwnjhzotC4pHng/K
;U1J6Mz/IhljbHvaWg6Fm7YrNw2ofD+OHOhcDUpjFFpbTV7ixv0YAmxrd8FrOIKboDxDU8cJS+tu6NRN
;SnsUWlulfYGxkX1wbHx9y2kCmZSnMFhi9wxN53Kc1UxKexRaWyy0waOBfXANfn3NYAuOh7ItXmPGI0v
;hbOjUTUp7FFpbpX2Bu5F9cGx8fctpApmUpzBYYvcIUP5Dm6A/LBp3P1stPYGjkX1whF8evQVn65SwOl
;JgzQ5e+nWHuxI+CXUsPkA9gKORfXANb4nuBU7r9dM4QWPBGGD6bomjKCYkfDU3SU7e0/AJGFJyf9ZaC
;46btC1fU84dXPpzmtVMSnsUWlssVMGjuH1wDX5owWwDtIGhOEFpxCNX4XCNphI6GmAyBEFc+fz/Ei9/
;emrcZASfnLw3Nw2ofD+OHOjVTUpoFFpbTUXo0M4eH2Bve8B2Bp+cvDdodKh9P44c6NVNEzsUSVssPeD
;b+A4vbnBz3mAJmJSnMFhi9wU/jxzo1U1Ke00aWyc9gaPzGBx5QHHIYxSOgdNYNwyofD+OzNfVW0p7FD
;g+QEne0fAbBFJ+fc1gC46Hsi1eY8Z8Po4c6NVNSvJUWkssPYHB9BEEUm1/yHE4ipyhPlZ8qH0/jhzo1
;U2qRBRIWyw948b9CS9/fnjaWgGHmqQrVnjNfD6OHOjVTUoiVFpVLD2BwfQRBFJtf8hxOIGQoTI3Dah8
;P44c6MENSmsUWltOWO3Xzg8Ra2tBwWMBmJCnWTYMqHw/jhwY6k1FexRaOUlR9fzjHBZ5QG3eYAKP9dJ
;ZNwyofD+gXOjGTUp7dj83WGLzwvcJL3l3d81uCY6GoFk2DKh8P44cEOpNWHsUWjlJUfX85hwcYUB4wm
;oQmZSnPDcNqHw/jhzojA1KbxRaW05Y7dfOChFhc0HCYAmMgbsGWmXGfD6OHOjVTUqLK1pULD2BwfQRB
;FJof8JpOJiFtjxTDKl8P44c6NVpCnsGWlssX+7X5RIdUnN/12AVtIajPFJoqH0/jhzo1U1kOxRKWyw9
;48zlCR9gQGrGbASAm7YqRAypTwy9L9vmnnV7ClpbLF/zyvUaGWN4Qct9E5mAoDBYYvcLVupogIo/Kw9
;9NVstPYGjkX3wbF8evAVn65ehMFNrwRJY0XqJuxI5C3E/Pyw8gaORfXANRl6uEWfr9bErXmjPFVHpQ4
;68NS8fSzs1S1Hko5B9cA0fHk5lJ+vs01k3btoVW+l1hrISLBd7Oy9JWd7C4xgRUnJ3wAVm6/XTWTcMn
;Dw/nxzo1S84EnA9MkJa3sX9Egd/fmrLBWbr9dNZNwzxPD+WHOjVLzgScD0yQlre0PkYHGFsQchpCJyH
;si1SDKl8P44c6NUUCnsBWlssX/PK9RoZY3hB3W0Ch5mgBkR8zRlbjh3o1U1KexRkGywzgaORHwJke3n
;HawC0hqM8UmiofT+OHOjVTW47FHtbLD3j0fgZF2RxefF2EpuFvCtDacwjXvx5iYo/Kw99NQRBXPmjkH
;1wDR8erkwn6/rTWTdu2hVS0XCBuygVGHsvNVg9gKORfXANHwruBXXr9dM6WG3bCFbge7exJDkPdTQ4S
;QyBopF9cA0fHq4FZ/n101lUY8kPS+dyj4opIwhgOzVPWLOjkH1wDR8ergVn6+TTWTdvxxNT0XGBuxIs
;HnE+KU1J5KOQfXANHx6uISfr5tNZN2/HE1PRcYG7EiYabT8pc0nozvR9cQ0fHq4FZ8+10083DKgYWuB
;vjYo+PwtkNSlYYufP/goCbGt7rgRn6/XTWTdV6HwijhzosSgkCHEFKFlN8czjCS9kcXjHaQu0mqYtW2
;XGGUyOHejVTUp7FFpbLCCBo5EZFWNse/F2EpuFvCtDU8ESUetut7A1Ohp6KTJDU4GiC+TplIaHRzpn8
;PXTWVNpxg9a0W+dpT0lCWAFN01E5NHiIhJia2rBaGfq9dNZNwyofD+OD+jVTS4eeik+c0700+ESAnlA
;bd5gAo/10lk3DKh8P8pc6MxNSntwMzZJU/LK/hMvdWZBzWoKm5C9KlZ4wRNRjh3o1U1KexRaWywjgaO
;RGRlgenDdbAiFqqsgaG/HEU/rcpu0OSMUegUzQ1Hko5B9cA0fHq4FZ+v601k3adAITft4jacSKxZ7Lz
;VYPYCjkX1wDR8e7gV16/XTPE942glb6263uissCHEuBFQMgaKRfXANHx6uBWf59dNZUnTcDkrqeZqKI
;iwdZz8vc0Wzo5B9cA0fHq4FZ+vn01k3adAITft4jacSJR1yKT5YYvmQkXxwDR8ergVn6/XBWTcMzQRL
;/GmMsD8VFHI8KElJ3tqgfXENHx6uBWfr9dNLNwyoGUf6bp2xKDgkezw9X1j1/OhPcAwfHq4FZ+v101k
;lDKh8WvZomqApLwlLNT1KTuTXzgRDDR4ergVn6/XTWTc/qHw/62ScpzguHmYFKFtU9cD5IhNicHLHaw
;C0nbY4Q3nYI17qaom7Li8kYD82XFjzwuUIAmguHq8FZ+v101leTKhPP44cja05OA5wPylzTvbK5R4YU
;nxxwWkOhZKMMVJt3AlP0X2MoywkGHEFL0lQ8cbjHAR4bXucBWbr9dNZNwzBPD+lHOjVKDIPZi8/SU/e
;0OYUBG53Qc1qCIecvT5oZM0dS/tst7QpPBp6OT5zSejO9H1xDR8ergVnr7XTRzcMqBlH+m6dsSg4JGc
;tMlhe6fzyEh9hdnDJWheKh7gGTwypfD+OHOhVDwp7ClpbLFj51+MIFGhtQd1yDp+WuwZUY8cQVuB7t6
;UsOBBLI1stPYGjkX2wYF8eigVn65CrLUV5zBlN0W+fvDkpE0s5NENR6M32IgRocm7LdwafgKE8Bgypf
;D+OHOhVKwp7MFpbLFj51+MIFGhtQd1yDp+WuwZUY8cQVuB7t6EoJwtxKDpYSPPGo31xDR8ergXnjbXT
;fDcMqBlH+m6dsSg4JGctMlhe6fzjGAN5fmzaWgKTgaE4aG3FE0rgaNrVTEp7FFpbLD2Bo499cA16Ztp
;3Eo+QoQZEe8EIXOZDmrA+PhpmLgRfTeTG9U9wDB8ergVn68GTWRUMqHxa9miaoCkvCUspLEVJ4svODx
;V5bX/NcQ6Em4w4WmPdEku8HOnVTUp7FFp/bD2go5F9FXVrbNthApmqoC5eeMsUYPx5nKcsKQ99NTVzT
;vHG9BlCDR4ergVn6/XnGTcDqHw/62Scpzg5Ens0BFtU5df5fXGXhoc3nP4yytNINwyoGUf6bp2mJCUV
;Sy0ySEnp/KN9cZeGhzec/jLK00o3DKgaXuBDirkkOiRkOy5fWN7O4hgTDR4ergVn67WsGTceqHw/6H2
;Gii8mEmQFL0RP5ND5EhxpHx+uBWfr9dNndwynfD+Oeom7EiwOeDYERFjoxPkJcAwfHq4FZ+sV7Fk5DK
;h8We9yt7M4JhdLNjpVWPOjkH1wDR8ergUn6/zTWTdqyRJg/WyNsClKehRaWyw9gfrRfX0NHx7IZAm0h
;qM8Umj3EV72HOnVTUp7FFoCbD2Qo5F9FmRzf8NgCZ+qtzBWYc0IWvwc6dVNSnsUWqcTPZOjkX0WZHN/
;w2AJn6q3MFZhzQha/C7o1E1KexRaW9ACgbGRfXBrdnLPaAKFgYw9Xm3FGUvrbtvVTEp7FFpbLD2Bo4N
;9cA15d8JkCo6bpwZTZckRWvp5muFNS3sUWlssPYGjkXBwDR94x2kGhpC9LWhqxBNIjh3o1U1KexQDGy
;wzgaORGxlhfnPLaxO0k782QD2ofT+OHOjVTRI7FFRbLD3nyv0cHWhxavFjC4SC4Vk2DKh8P44csJVNR
;3sUWj1FUeDO9BMEUmtn3mBn6vXTWTcMqHx/jhLo1U0sEng7NklT9fzlBABoLR6vBWfr9dNZN0yocD+O
;HI68ISYkcD81X1T12pF8cA0fHq4FQ6v131k3DM4VU+JDh6MoOBd1KlstPYGjkX1wGV8ejgVn65O6NUN
;p2iNQ+2i3piArF3gFK01P9fziFApoQGzPcQ6E9dJZNwyofD/XXOj0TUp7cjMpX0nez/AEFX9Ae9ZxFZ
;6GujZZU98VW/p0t6csPhJ7WlosPYGjkT0QTR8MrgVnjZyhKkNTxB1G6263piUvF3gpWy09gaORfXAJX
;x6ABWfrk7orRHj3EF73eZqKPiUXfT4ERVPnyv0RL2hnatxwFIKavQZAZcwIV9FuiaEkJXsVWlssPYGj
;yD1wFR8ermMOmYanNVZ1zQ5g6HWEtCAvFWAFPUBS9qOQfXANHx6uXCfr5tNZN2rBBFrqQ4S0NC8JSyk
;vTU/1/Ol9cQ0fHq4FZ+v100o3DKgaVvZ5jIohKwJxKARfSeDR5SIJDR4ergVn6/XTWTcvqHw/6X2Yii
;sjF3gFKEVT5s/0IhV1a2zbdg6Em4wrVnjBE2DjfZDVTEp7FFpbLFTBo7J9cA14f95aAYKZvwZEZcYbU
;+tDja05OA5nMzRCYvPC5RQfUnJ3wAVm6/XTWTeM6Dw/kRzo1SorC0s8MkBR3tD4ExdhekHLfROZgKAw
;WGL3D0/reYzVTEp7FFpbLHnBo599cA14f95aAYKZvwZEfM0ZW44d6NVNSnsUExssLYGjkRoTYnt78XE
;em5CMMFlozQQ/jxzo1U1KexRaWyM9gaP2ER9vfnLxagGNhrYtaHSofT+OHOjVTUp7FFVbLD3mz/4fEW
;FAcchjFI6BjCA3Dah8P44c6NVNSnQUWltLUe7B8BEvYnl43WATtI/TWDcMqHw/jhzo1VhKexQyPk1J9
;NPOGhNie3vxdgKagLY3VGmofT+OHOjVTUp7FHpbLD3ozfcUHGFAf8pkF5+cpTxoZcYaVuJwt6csPhJ7
;BTZNRYGikX1wDR8ekEVny/XTWV5izhVT4kOJsSw6D30sPnNU78X4ERxSbX/abAi0mLo3Nw2ofD+OHOj
;BDUpkFFpbRVPnyv0RL2x7f95xDp2QjDBZYs0OYOtkmLQjORJ7NFstpxg6COTp5CAeuAVn65y9P15gxC
;Ne6n2YoSQ8Hks2OlVY89CRfHANHx6uBXOr9clZNwzBElnncISKLC4aZC4yWlje0fQZBW5rd8FrFOv00
;1k3DKh8P84c8dVNShJ6PDJAUd7C9RwAeXZoy1oQgpGnMWhhwRI/jxzo1U1KexwaWzA9gaP4ExZkc3Lx
;YB+fh6YqXmPGI0jneJy9EjgaYDM0LDyBo5F9cA1GXq4RZ+v1ujdRZcQQYOh1hLQgLxVgBT1AUvajkH1
;wDR8erlwn6/rTWTdlxhpW4nC3uissCHEuBFQ9gKORfXANHx6uBWjr9dMwWWrBEFPRc46zPi8PSyNbLT
;2Bo5F9cA0fHqMFZ+ucvT9eYMQjTOZ5hLk+SnoUWlssPYGjkX1sDR8ex2sBgpm/BkR8yQ5M60OLuiAoE
;no/BEBc+MbjDnAMHx6uBWfrBexZOwyofFbgeoG5IRUIZD8+SD2Ao5F9cA2fSO4Fa+v10zBZf80ID9Fv
;mLAoLnsVWlssPYGj2D1wAR8ermwJmJCnIWh/2Bla6hzp1U1KexRaEmw9kaORfRl/cHDHawC0k782QH7
;JCFqOHejVTUp7FE4bLDCBo5EUAmJxd8BiOJiFtjxTDKl8P44c6NVpCnsfWlssV+TR+iISYmtqwWhn6v
;XTWTcMqGh/jg/o1U0gHmYxBE5S9df+EC9+amzIZASO9dJZNwyofD+aXOjeTUp7fj8pR2LozfcUHGEfH
;64FZ+v10013DLh8P452jacmFRJ6KT5YYujN/xgCDR4ergVn6/XHGTccqHw/5HmavhIjFWc/L3NS9Nf0
;D3AMHx6uBWfr4ZNZPQyofFXrboOKPTgSei5bLT2Bo5F9cBlfHqYFZ+uftitcU9wTT44d6NVNSnsUThs
;sLYGjkRcVf3RB2moXtIamK1Ftyxk/jxzo1U1KewAaWyc9gaP7GAJmQGrcZBGOmdNYNwyofD+OCKjVQU
;p7FDY6VVjz/PkYGWp3aq4EZ+v101k33Jd8GY4c6LksMx5mBTNJVObL5SIRaX5u2mwRjqq+OE9TwBlW6
;XScij8rD301Wy09gaORfXBDXx6IBWfrmbIgUn73FFrne4ChEisfdSovRUvk/PwUHlJ3e8diD5+qoThD
;Zcd8Po4c6NVNSkJUWngsPYHP8AQVf0B2y2wAg4GMOFNt2AhW+Hm3piwnC3gzNUti8tf0DXAMZAoAQoa
;RcexZHAyofFPvZY2nEiIefT0zWGLgx/ANBGRpe/F2E46FvC9SfvceUPpoh7gSOBpgMzQsPIGjkX1wDV
;Zeri1n6/W/OE5p2iNX63WPvTkVGnA7K1hU98bODgRob3HYYBW0gbwpaH7JCFbhHOnVTUp7FFoSbD2Wo
;5F9HGxme9xaCo6HtDxob8QTTOtDjrQuLwgUW1ssPYGjkX1wDQcergULioy2K2h/zRtS63KciiEvFXMu
;M3NQ6M2RfIpzdaLalu/U9cdZNwzEHUbrbremJS8XeCkEQ0vk0f0cAA0eHq4FZ+v1mhk3Gah8P+J9kbA
;/FQhgOylYTe7K/wkveWZuywVm6/XTWTcMWEM/hRzo1SMlAW42PnNO6Nn0fXENHx4OnP4yytNWNwyoE1
;3keYuhEikeei4+XmL5o5B9cA0fHq712Ov601k3Y8oWWu1ot7YoJA9xKARVPYCjkX1wDR/uEQVs6/XTN
;lVmzR9L0W+BuyZKehRaWyw9gaORfWENHx7Bah2OqqAxXmnEGGDvco+5KEp6FFpbLD2BndF9Zg0fHsFq
;HY6qoDFeacQYYOJ1hrASKRRhNC8sPIGjkX1wDe8hrhdn6/W8Nk1p9w9X53mEsRIlHXIpPlg9gKORfXA
;NHxbuBXLr9dM2QWnaFF7ge7emJS8XeCkETVPmz/R9cQ0fHq4FZ9W100A3DKgTSetugLQjLSRnMj5AUf
;L89xweUmxuy2AD6/TTWTcMqHxmzhzw1U1KFGI/KURc78TODhhoc3LdWgGHmqQrVnjNfD6OHOjVTUoiV
;FpOLD2BzOcYAmV+cMlaFIOQvzVEU9sMWut46NRNSnsUWltlfYGvkX1wYml73GkGm6q3LFZgqH2lF4Vx
;TNSDRBRPWyw98dH4EwRSfXvKWhOOmKM8RW3cCU3rHOnVTUp7FNodbD2Ko5F9AH92cNpaFJuQtj03Dah
;8P44c6JsNSmoUWltcT+jN5SIEaHJuy3cGn4ChPDcNqHw/jhzIuQ1KaRRaW1xP6M3lIgRocm7LdwafgK
;E8BQypfD+OHOj1IQp7BlpbLE3zyv8JL3l6c95gFYqBpitSP6h9P44c6NVNSnsUSFssPfHR+BMEUmt7w
;3UCmZSnLEVpnHw+jhzo1U1KexRaUCw9gdHwGwRSfnfcYgab9dLhKYlDLYdAI+jKTUp7Zjs9WGLjwuIY
;L2hnatxwFIKavQZAZcwIV9FuiaEkJXsVWlssPYGj+D1wGx8erncGjYGMO1Z/zSNW4HqBuSEVGno9N0k
;9gKORfXANHx6uBXHr9dMrVmrcI13vb42KJCQdfTY3c0/g1/gScAwfHq4FZ2u1k1knDKh8Te96nIovKw
;hxBTdNROTR4n1xDR8ergVn67XTSjcMqA5e6Gi3tyw5Hks2MkJY9sr1CRgNHoQ3nP5ybDpmNwOofD/8f
;Y6hEigaZz8EX03kxvV9cQ0fHq4FZ8u100o3DKgOXuhot7csOR5LLjNFXurN9A4DDR4ergVn6/UzZjco
;qHw//H2OoRIjFWA/KUpc4sbOGAh5bWvdbAiFqqQwU3jAI03vaIG6TUt7FFpbLP3j45FmcA0fbM9jE7S
;cvS1Sfs4dXOtDgbsrIxd4BTpCWu3GkXxwDR8eroUxq/XIWTcM2h1Z+kOBuzkvCXI7OEli6M33FBxhQG
;zPcQ6E9dJZNwyofD/HXOjATUp7Zjs9WGLozeUYAmt+fctaC4qMtitEDKl8P44c6NW9dXsMWlssT+DF5
;SIZY2t73GMGiJCMNV5izQtW6miA1Ux5SCdpaB/evqOHfXANbX/IcTiCm6c8RWrJH1rRb5i0LiMVc1pa
;LD2Bo5F9gDIfCq4FZ5mUtS1oZcYIWvx6ibYoFQhkPz5IPYCjkX1wDR8g7gV/6/XTK1Zq3CNW4GiNpys
;rGHEFL0RU4sj/GAN+Hx/8vXluHoKBCAy5fD+ObomzORUXfTQ+c07xwvIUHmofH64FZ+v101F3DKN8P4
;5uibM5FRZ1KDxFU4GikX1wDR8eukVnxPXTWUVtzghg4WqNpz8jH3EFPUVP8tfOERF0emzxYB+fh6YqX
;mPGI0jneJy9EjgaYDM0LDyBo5F9cA1GXq4YZ+v1oThRePcTSetumrwpLyRzNjROXO38/hsWfnpq8X9n
;6m9KwK6VMbWAjj7o1U04GnIuBF9I88XwHhVSembadxKYnLw3aHvBGEvmQ5q0OSMUFFtbLD2Bo5EkMA0
;JHq4FFYqTpwZEedoaXu15t7MkJhdLKDpYWIGikX1wDR9e+0Vn/vXTWUVtzghg/WmasywpHks8N0NK88
;LlGHAMHx6uBWdrk5NZLgyofE3vepyKPj8Jcjs4SWLozfcUHGFAf8BiC4710lk3DKh8P7Bc6MZNSntmO
;z1YYvLW4xsRbnpBwmQejoegWTYMqHw/jhzolU1cexRaKU1b9fziCAJrfn3LWguCm7YuXmjcFD+PhnFM
;1NPizWVbOD2Bo+McFnlAbdt3AYqWtgZEfMkfVuB76NRHndhkZ1H7AoGxkX1wf3542loUnoe1OFRp9w9
;P63mM1UxKexRaWyxzwaOHfXANbX/IcTiYgKE/Vm/NI0vmdYu+Iy8IZ1paBWEOYWRVvDIfDK4FZ5mQoC
;1WftwjW/t9hIo+Oh5xPlstPYGjkX1wOV8eugVn64e2KkNt2ghg62ScpywVGnk1LkJJgaKRfXANHx6uB
;Wf99dNZRWnbCF78aLewNT4JdQU6QVL0zeUiQg0eHq4FZ+v101k3Fah8P/x5m6EsOA9LPyNYT+D89QgR
;YUB/w2oShYHTWDcMqHw/jhzo1UBKexQoPl9J4NHlIgN9envKBWbr9dNZNwyRPD+BHOjVPy8IYDspWGL
;y0/QYFFItHq8FZ+v101kOTKhtP44cmrA5OBp3LjJDU97C/BIFY2serwVn6/XTWdczqG8/jhyasDk4Gn
;cuMkNT3sL8EgVja0GcBWbr9dNZNwxIQz+YHOjVPy8PZjs4WFTuzc4ZBWxzQc9oCJ6bp1k2DKh8P44cz
;JVNX3sUWilJSfPC8gkZYnFBynAGh6qgKVJpzHw+jhzo1U1KT1RafCw9gdH0CQJsfGrHagm0kL04VWDN
;I1D7aJu8KS8kdjUvWFLs/P0cCWhtba4EZ+v101k3DOh8G44c6KcoPgl1OS9FUu/89BMRb3N78WoSn4a
;6PVJT3BNP0XCJrCg4CBRbWyw9gaORfTANER6uBRWOgaE4VHjBE1HRdIelTUt7FFpbLD2Bo5FtcA0fbM
;txFYqWpzBYYvcUUP5D2tVMSnsUWlssPYGjhH1wDW172ncGiIG6NllTxRVR0WiatDsvFxRbaB8OspCin
;k8NCB6uBRWOgaE4VHjBE1HRcYG7Ej4JdSw+QGKzo5BOQz4sLZ3mWOvp01k3fs0ITe9/nLwiJCR5MzVF
;UODPzhgIeW1r3WwIhfXSIiOi751FGiPoy01Ke2Y/L15c4tf4Eh5ScnfAbAqKmYw8T3jaCUznc4aKf0p
;6b071a9z7N659YA0fHtxgE5mUsC1eY8YjTP55jbFNS3sUWlssPcXjkW9wDR9sy3EVipanMFhi9w9P63
;mMin9KehRaWyw9gefRfWoNHx7cYBOZlLAtXmPGI0Xmc5iKLiUVcDMvRVLvkpF8cA0fHq4FZ+v1yVk3D
;NoZS/x9i6EkJRVLIDNDTd7A/hMUZGt3wWtV6/TTWTcMqHw/jhz71U1KCHE5NEJZ3s/wBBV/QGTxaQ6N
;gdNYNwyofD+OHOjVX0p7FCkzSVHt/PgTFmRzcvFqFY+QoVk2DKh8P44c6NVNQ3sUWihHVPPXzhoRfR8
;frgVn6/XTUXcMuHw/jm+DvD8+JHg/NUtJ6fz8FB4NHh6uBWfr9dNZNxyofD/9d4GnORUXfTQ+c17u1v
;8JcAwfHq4FZ+v9k1kjDKh8TOV1mqESJxJ6MzZNUd7P9BMXeXcerwVn6/XTmVVMqHc/jhybviQ4D0spK
;0lY5aOQfXANHx6uKyfr79NZN3/EE0jReIeiIxUdfSgoWGLnxuYiHGxme9x2Z+r101k3DKh0f44L6NVN
;ORZ1NjdzW+TC5QgCaGxBymwGhpCnPEUMqXw/jhzo1WkKewhaWyxO7ML9ES9ren/acBWOhowxWGDNI1v
;nfYWwOS8JFFtbLD2Bo5FhMA0EHq4FFIaUvzVoas0dS/tujaYSIxVyMzdAYvPC5RQfDR4ergVn6/WKGT
;cWqHw//XGJuSEVHXE7L1lP5NDODgBoenrxdwafnLxZNgyofD+OHKGVTWh7FFooQ1Hox84fH3lrccNaA
;pOBoSxEZccSYPl1jKElFQl1LjJDPYCjkX1wDR9H7gV96/XTKlhgwRhg7HOcoSInJHIzN01Q5M3lIhZh
;cGmuBGfr9dNZN1XofC2OHOimIiYScAU5Q0n1zPwiHGxme9wFZuv101k3DKg8P5wc6NU+JRd9PgROUvX
;X/hAvfm97y2Fn6vXTWTcMqDJ/jgro1U05FHgzP3NU78X4ERxSembeZAmYnLw3Nw2ofD+OHOjVTUpoFF
;pbX1LtyvUiGWN5d8JpOJidtjVbf6h9P44c6NVNSnsUTFssPfLM/RQUUnZwyGwLh6qkMFN4wCNS53Lo1
;E1KexRaWyw9gbaRfXB+cHLHYTiHlKo8RVPcFFbtd4awPjl7FWloHw6ykHJCcBIfHq52CIectwZDY9gj
;WvZomqA+IxR6BSxFWfXLzg8ReXZxrgRn6/XTWTdV6HwojhzopiImEnAFL0NN3sX4ERFgenDaWgGHmqR
;ZNgyofD+OHLGVTUV7FFooQ1Hox84JH31Acs98Apn10lk3DKh8P45c6NpNSntnNTdFWd7X/g0vfm97y2
;Fn6vXTWTcMqDJ/jhLo1U05C2EoKHNQ4NvmFBR5dx6vBWfr9dNZ1zOoXT+OHJugPToUZi4ETVng0+UUB
;mhAd8BjDoeZjCtWeMETYON9kNVMSnsUWlssecGjsH1wDWxr3nUImYGMOFNt2AhW+Hm3vCMsEng2BF5c
;9cr+Ih1kcR6vBWfr9dNZGUyoXD+OHJugPToUZi4ETVng0+UUBmhAd8BrApmqtiFHbcYPVuFy6NTX0+K
;Nw8L1AoG0kX1wfmpu3moVn6qyPVZ83BVJ60OEtDQvCWdaWiw9gaORfWRNHwWuBWeYgKMpWH7cI17qfZ
;ihJDweSyg+SEji1/gSHn4fH64FZ+v10013DLJ8P45vnaU9JQlgBTpIXPHX+AsVUmh3ynEPtJi6NzcNq
;Hw/jhzo3Q1KdhRaW19I8dP+DwRSfnDJaQLr9NNZNwyo/HnOHPvVTUoIYSorQ0/1/PMcA2hAcs98ApmG
;01g3DKh8P44cqNVUSnsUKS5cTe7R5SISbGx78WkGkpChKmh/2Bla6hzp1U1KexRaH2w9n6ORfQN4b27
;BdxO0lrw3WWnLCFbhcretNBUffSkvTVPixpF86pSGhzec3tT1xFk3DNsJT/5zmqESLh56KT5zW+jP/S
;ICbGt7rgRn6/XTWTdY6Hwsjhzopjg6C3soL3NZ5M3iGC9hfmfLd2fq9dNZNwyofD+OCejVTTkOZCo0X
;knexfgREWB6cNpaAYeapFk2DKh8P44csZVNW3sUWihZTfHM4wkva3ZywloVioG2WTYMqHw/jhzWlU1d
;exRaKFlN8czjCS9kcXjHaQu0mqYtW2XGGUyOHejVTUp7FFpbLC6Bo5EOBX1vcdxxOJucvzVWfvcPVvR
;56NRNSnsUWls8fYGIkX1wfmpu3moVn6qgNFZgxCNZ4nOJoSguJHI/OlhI88biIgh0QHvWdQaFhro2WQ
;ypfD+OHOjVvXV7GVpbLE700+ESAnlAbd5gAo/10lk3DKh8v8hc6MZNSntnLytcUvPXzgUJUnt33XEGh
;Za2WTZqzhpZ6HoO6k1eexRaKFlN8czjCS91ZkHLfReKm6AwWGKofaUXhXFM1INEFEhbLD3y1uENH39r
;QdRaA4KGpzhZb818Pr0v2+Z+ebgrWkcsPYHQ5A0AYm1q8X84hJO1KlJ49xhQ+XK3uSwzHmYpWy09gaO
;RfXD9IB60BWfrhqYpR2PaCGD0Q4ezKzkeYAUuXGLtwugYAn4fH64FZ+v106kIDLd8P45vnacrKxhxBS
;hFWeT85RgIeWpsy1oVjoa8NUJ4wRNRjh1yTNTT4o2TZCwjgaORDgV/eX/NYDiYnLc8aHjNBEv7bo2KN
;TMkezw9X1j1o5B9cA0fHq71WOvf01k3f90OWe9/jYo+JRd9PgROUvXX/hAvaGdq3HAUgpq9BkBlzAhX
;0W6JoSQlexVaWyw9gaPIPXAQHx6udhKZk7I6UlPbE1PneLe3Ij4PezcESlHu1OMcBGgfH64FZ+v10wB
;3DLN8P45vnacrKxhxBShDUejHzh8feWtxw1oLioy2K0QMqXw/jhzo1b11ew5aWyxO9NH3HBNoQG3BaQ
;6PqrE2Q3jHEWD9bI2wKUp6FFpbLD0B5dF9Vw0fHt1wFY2UsDxof8cQVupDnLo9FR5sLilZTujM/yIHZ
;HtqxloVioG6NjcNqHw/jhzojA1KYRRaW19I88XwHhVSbHHCbAO0gbwpaGrEE0j8fZywTUt7FFpbLH3Z
;45FlcA0fbdt3AYqWtgZEY8QVW9Foh6USJhptPylfPYCjkX1wDR/ukQVw6/XTKkJ+zh1c60ObuiEjH0s
;uNFxi8tP0GBQNHh6uBWfrdZIZNwOofD/6dIG7Ej0aeDYEX03kxvV9cQ0fHq4FZ6K100A3DKgIV+dyt6
;IsJhdLLTJISen84xwEZHBBw2Qf6/TTWTcMqHxWzhzx1U1KD3wzNXNK4M/9Igdke2rGWhWKgbo2aGHBE
;j+PHOjVTUp7LRpbPD2Bo+USAFJ9cdpxCIaqoClSacx8Po4c6NVNSjVUWlcsPYHX4xwGaHNB3XUCjpHT
;WDcMqHw/Tn6o1VNKexQuKU1L5M/OBy9qfHHKYDiPnKAtVmLLGWDodYa8PiJ7FVpbLD2Bo4U9cBwfHq5
;zApmGujZZU8QdTPpDjbEkPnsVWlssPYFrJT1wBh8ernIGh5mMKl9pxBBMjh3o1U1KexSiZCwzgaORCh
;Fhc0HabQ6Inr08RH+ofT+OHKjmfqlEFE9bLD32yuEYL2RxeMdpC7SRuipDbcYfWr8c6dVNSnsUWlssP
;ZSjkX0HZG978WwJjZy/NWhowQ9L73KLsH9KehRaWyw9gaORfWoNHx7ZbBeOqrwsQ2naI1bgb42hEi4S
;Zy46Ql7kkpF86pSGhzecrtT1yVk3DN8VT+tDh6A5LwlLMzVfWPX89RQDeX5wzWBV6/RJwK6VMeX2sRz
;/1U1KDH0qPnNS9Nf0Dy9kcW3LcTiYhbY8Uz2ofT+OHOjVTQQ7FE1bLD32yuEYL2Jqast3OIKboDxDU9
;sMWut42tVMSnsUWlssc8Gjin1wDWh33mA4mJq/MFNTwRJZ53CEiikjCGA7NU9YsKOQfXANHx6uBWfr7
;tNZN3vBDFrRb4e5JC4kfTQ9RVHt/PUUA3l+cM1gVev001k3DKh8P44c/tVNSgx9Kj5zTvTT4RICeUB6
;x3YTipuwPAYMqXw/jhzo1U1KewJaWyxK6NP0IgN4b27BdxO0kboqQ23GH1q8HOnVTUp7FFpbLD2Uo5F
;9B2Rve/FxCJyQoQZRZdAZW9Fsh6Y1SnoUWlssPQHo0X1lDR8e2WwXjqqnNkBp2iNZ52SNsRI6FGcjWy
;09gaORffBmXx64BWfrgropUlPcE0jrbre8IywSeDYEXlz1xpF8cA0fHq4FPqv1wVk3DN8VT+tDnLo6L
;wlLNT1KTuTX6X1xDR8ergVn6zXTSzcMqAtW/nm3oSI9HmYFNEpb8sblBHAMHx6uBWfr9ZNZJwyofEjn
;bI2KOSUMcSgEX03kxvV9cQ0fHq4FZ6K100g3DKgLVv55t6EiPR5mBS1DUfTO9H1xDR8ergVnxbXTTDc
;MqAtW/nm3oSI9HmYFLUNR9M70Ih1kcR6vBWfr9dNZE0yobD+OHJ+8PS8kYDUsSU/e1PgZBGUfH64FZ+
;v10213DKd8P45rgaUoFQx1NjdzTvHG9BlwDB8ergVn67yTWTkMqHxF0WiatDsvF0spK0lY5aOQfXANH
;x6uKyfr5tNZN23LH1rieZq0OSMUegU+Qlzjz/R9cg0fLq4FZ4qDvDBTU9wOXvh5hIolJRdxKQRcXPXL
;zhARdUByy2sAn52MP1Zv3BNN0XmGtC8mHhRYWywggaORHxVha0HcZAGfqrI6VGnEGU3vaIG6IxUeejs
;5QFiBoZF9YA0fHsxgC5+qoThRePcZUe9+hLBNSHsUT1ssPePG/Qkvf3542loNjoe4BlJiyR5T6xzq1U
;1aexRaOUlR9fzmHBxhQHvAZAWHkNNbNwynfD+Ofpq8KS0Sej0ESVPgwf0YcA8fHrcFZ+uXoTBTa8ESW
;NF6ibsSOQtxPz9zWO/C8xEVDR0erh5n6/WxK15ozxVR6UOOvDUvH0s7NUtR5Pz0ExFvc3uuB2br49NZ
;N27aFVvpdYayEjkTcTY3X2LkzfAfHGgfHK4Ffev10ztFZcUjWvZojacjKxdLKTNJUe3QzhsZf2xqrgd
;n6+fTWTdu2hVS0XWGpiQuHks/NU1f7caRf3ANPB6uBQSElKAtXmLPI1rgfYq5KBUSejwyQFHe0PgTF2
;F6QcJsCY7E01s2DIt8P45/h7Q+PhJ6PQRJU+DB/RgvZHF4x2kLtIa6N1BgzSNT53KN501IehRUWyw94
;sz+ES9len/KWguCk6dZNQyoaD+OHIu6IiYSej0ESlzv/PgTE396f91gZ+n000I3DKgfUOFwgbsqFQtm
;MzVYTvHG9BkvfnNx2WEInJvTWzYMtXw/jniNuz4vJGcvK1xS89fOGxxiaGzPcQK0kL04VWDNfD2OHNv
;VTUofcTQoSWLy1uENH39rQcdrAYKZvwZCf80jU+dyjaYSIxVLMjJLVd7H9BMDZGtn8WIVgpHTWzYMin
;w/jniNuz4vJGcvK1xS89fOERF0emzdWgWEgac2WlPNEl7scI3VT0p7BVpbLFjvwvMRFVJod95gOJ+ap
;DxFDKp9P5sc6NUoMg9xKDVNUd7Q+RgcYWxByGwVmIHTWzcMjXw/jnmQoT8/H3EoBF9K6NfyFS9ucHHC
;bAmMqrE8UWPaGWD9a4GhLiJ7FltbCj2Bo/QFBH9qest3OJiCui1UZPcfUOFwgbsqFRNxOy9ZTd7C9Qs
;RY3x7rgdn69XTWTdp0AhN+3iNpxI5DH0uOERi4sz+ERljeEHHawaIgbovUgyqfT+mHOjVKDIPZi8/SU
;/e0OYUBG53Qc1qCIecvT5ofMkOVNFxh6MoFR56OzlAWIGhkX1UDR8ey30TmYC3PEVT2wtW+n+Aij4+F
;GQFLEVN5PzmHBxhQGrBcgKZ9dFYNzuofD/rZJynOC4eZgUoW1T1wPkiA3lwbvFyDpuQjC5WYMQjS+Fr
;jacSKRR7NgRIUvbNzhgIeW1rymAV6/fSWTgMqHxZ73K3tyEjC0s/NU1f7caRf3ANDR6uBQGKm4w6WGP
;EFVHpQ427LCgXcVpZLT2Ko5F9FmxxQctrBomZtj03Dql8LI4c6LMsJBRyPARLXu7H9CIVY358wmBn6f
;TTQDcMqBpW/G+ciiErAnEoBF9V5M/9Di9ocX/MaQLr99NZAgyofFnnbpuhEiYabT8pc07uz/gZL2Rxe
;MdpC7SQqy1FedsVUOBDn7wpPhNLKDpYVO789BMRb3N7rgdn69XTWTdqwQRg5nOapyQoF3EFPlRJ5M3i
;FAZoQG3abBOInbo3UAyqfD+THOjVKyMDSzI0Xk/owf0YL3hxd8FrOIqZvwZDddgZYO8c6tRNV3sUWj1
;FRd7L/g8CZH1yy1oShZy8N2htxBBg+mWYsBIoexZaWzE9gaP3FAhSd3Hcdw6JmbYGQmLBE1HRc56wPy
;YaZCo+SD2Do5FncA0feMd9OIOaoStebsQZYPtvjYoiOh56BTlFSfKjk31wFh8ermMLhIKhOENp9w5a/
;XmciiopFHA/BElT4MH9GHAPHh6hBWfrkrIpaGrBEFPRb4CwISYIFFhaLCSBo5EaEX1AeMdpC7SGujdQ
;YM0jWvZomqA+IxR6WlksPZ2jkX0XbnB6y1oBgpm2N1ZhzSNZ4W6FtDkVHno7OUBYgaGRfWsNHx7HawG
;Cmb8GBjyYI0r9ebemIiYScAUyQlvoz/19cgwfCK4FZ4KbtTBbYPcdW+9snLw7LyRxNDpOUeSjk31wKR
;8ermwJjZy/NWhvxxJc63KcpyQpJGc1N0VZ3tbiGC9qfm7xYw6HmdNbNwywfD+OdYazJCYXSzk0QlPkw
;OUiFWN7bsFsCZ+G01s3DKR8P451hrMkJhdLPDJeTvWjk31wFx8ermwJjZy/NWh/wBlT4m+3oD4vJHM7
;K3Nb6M/9fXIMHzuuBWeCm7UwW2D3CUzrQ4S8Iy8ISzM1c1XoxPkiFGhxbcdxHrSSoTBTDKp9P5Qc6NU
;kJAhxKC9zVeTC5QgAUnh9wWECtJC9OFVgzXw9jxzm1U1KEmY1NUVT5vz0ExFvc3uuB2fr/tNZN2bNDl
;TReYa0LyYeFFhbLCGBo5EREXR6bPFtAoKSuy1obcwdT/p1nrASLxV1ODdJPYOjkWZwDR9yz3wCmaqgM
;VJgxA9g4W6MsD8VFGQuMkFU+8aRf3ENPR6uBQuKjLYraH/cHU36Q5i6JCQPSyk+TVDexvUaFVJ8e8Bx
;Apn10Vk3L6h8P+J9kbA/FQhgOylYYvHM+BMEUmx7z2g4hZqMNkFp2hRe4Hub1U9LewhaWyxQ7sf4Gxl
;obUHdbQKHmaAGWmnaG1rRbImnKCQPFFhbLDOBo5ETH3lAbc9zArSGpzhDaah+P44X6NVNJRRuPwRfVe
;jG/RlwDx8euAVn65qlPEVkyRJY0W+AsCEmCEs/NU1f7caRf3ANPx6uBQidkKExVmLPI0zmeYS5PhUdd
;TQEX03kxvUiFWN+fMJgZ+n100E3DKgTSetumrwpLyRyMzdNUOTN5SIVY358wmBn6fTTQDcMqBNJ626a
;vCkvJHIzN01Q5M3lIhVjfnzCYFXr99JZJAyofE/8dYahEiULcTQEX1jmzvQTBH4fHK4Ffev10ylFZcY
;IYP59mqE+FQhxKy5JU+LGzhICaXpsrgdn6/rTWTd+yRpL0XeNsD0VE3s2Pl89g6ORaXANH2zPYxO0mq
;U8RX7BGFrReYa0LyYeFFhaLBWBo5EPFXltf81xDoSbjDhBY8EYYPtyhrAuLwhnOylVYujNzg4FfW9x3
;HFW6/fTWR8MqHxN62iatC4+Ens0BE1L7sr1IgVjcXvNYBSYlKEgaGXGI0z7bJi6Pz5JFFhbLC+Bo5EP
;FXltf81xDoSbjDpYYcoVUekc6tRNUXsUWilJSfPC8gkZYnFBymwUipe/PGht3CNM+n2aoU1IexRLWyw
;988blDxFua3fBaziOm7I7W2mofj6OD+jVTTgeYCg6T0nozP8iFWN+fMJgONn10Vg3KKh8P/x5nKcsKQ
;99NTVzWO/C8xEVUn17yGoVjqq8LENp2iNM5nmEuU1IehRDWyw988blDxFua3fBaziOm7I7W2n3E0r6b
;4GxKEp5FVpNLD2B0fQJAmx8asdqCbSZsiBSfssUXuB7jdVPS3sBWlssT+TX4xwTeXZxwFoJhIGMMFl/
;wRhajh7o1VZKexQoPlhP4MDlFB9jQGTGahe0mr01TlPbE1PneNnVT0p7D1pbLE/k1+McE3l2ccBaHYO
;aowZYYsQFYP1zhLwpeHsWWls1PYGj4hgEeXZwyVoCk4GhLFNp2iMN0XmGtC8mHhRYWiwvgaORDhtkbW
;rxYwiZlrYGUmLJHlPrHOrVTV97FFooQVztz84bFWxra9xgFLSQvThVYM18PY4cytVNSgh5OzdAYufG8
;AkFf3pt8WwJjZy/NWh+yQhW4UONuywoF3FaWSw9jaORfQNic3fKWgWEgac2WgyqfT+XHOjVPiUXfT4E
;RVPnyv0RL3hse/FiBpuqtTBbYKh+Po4V6NVNORR4Mz9zSe7TkX9xDQEergUUm5yhOFtTxRNb60OYtDk
;iJH00L0lP8cz9HARkcHCuB2br/NNZN3/YFU3vcIGvKEp5FFpXLD2B0OEIAn5Ae8BkBYeQ01s2DL98P4
;5vnaU9JQlgBTpIXPHX+AsVUnpwz2cLjvXRWDcCqHw//WmYpSI4D0s/NU1f7caRf3ENMh6uBRSehaM2R
;Xj3FVHodYS5Ej8IcQU3RVPk0M4UHlJ3d8ltOI+QvSpeeNEjWPx1jNVPS3sMWlssTvTT4RICeUByy2QM
;kqqwNllizR9L53OG1U9Kew1aWyxO9NPhEgJ5QHPBYQ6NnLYraGvNElr8fZywTUh6FH1bLD3y1uENH39
;rQdxgBJmQsi1SU8kaS+tut7giLhJyMz5eYuPM/hEVbHEerAVn9fXTWUR52AxQ/Gi3piArF3gFPUBS4N
;f0GS9ren/acBWOhtNbNgy7fD+Ob52nKysYcQU2Q1nk/PQTEW9ze64HZ+vQ01k3f90OWe9/jYo+Ix9xB
;S9JRfXW4xgvbnBywXc4hZqhNFZgwQZa6hzq1U1RexRaKFlP58LyGC9+dnrLWhOOjacsRWn3GVHvfoSw
;TUh6FEVbLD3y1uMbEW56Qd1sA46qpzxPeN0OWtFwgbIlPh5mBS5cPYOikVxwDR9t23cBipa2BkRlzBl
;g+nmQoTg4Hks1LlhO6Mf0Ih9jc2euB2fr4tNZN3jNEU/rbomhODgeSzYyX0nexv8cEmF6HqwFZ/n101
;lDacUMWvx9nKA/LyR5OzVZXO2jk31wBx8ernIOm5CMLVh7zQ4/jBzo9U1Ke2MzK0li9czmGAJSeXfWY
;AO0hbwqXnjBE1HReYa0LyYeFFhbLCyBo5EeEXl6ecF3HrSbsjRSU8AZR44f+NVNSk4nb24ZDseQp09F
;PiotmTVnzfXTWVNpxg9a0W+dpT0lCWAFMkJb6M/9Ih94a3LHawKYqrYhQ37dGFr8HOvZTUp7VTY3DFj
;51+MIFGhtHqcFZ+uQvT0Za8sTW+sc64tNSntZaGkdHdWTsS5BPS8U4zRX39WAaT1BmUgPrk/Y3wB7Sy
;NQHBUMi+SgXTUgLj7oNlfb/5RoF1aDTBG7PK34eGoiOWhrDHu4k6FNXj0vFOk3X8ut43liPKIxB7oWr
;+x9SnEUWltJU+WRvxoTYnt7rgbn6/XTFAU+mVxrvjy75H16cVloaR0d1ZKxLkE9LxTjNFff1YdpF1+Y
;dnK/LNz1GXtbR2pRYQy1k7EuQAdSL54ybazM4lNwPYg5Er88ruZ9enFTa3t2FrGNpF01ICo+9yhV29W
;VIkN+yQpa4kObpSgvH2lQHB4FofuhXSk9FVOWMW2szONZKAyofFr2aI2nIysXSzk0Q1HozfYiFmxxQd
;11Ao6RjDVef9x8PI4c6NVNX3sUWj5USfPW9RgCUmxpx3EEg9u0OlhozXw8jhzo1U1EexRaPU1T3tDhG
;BVpQHLHdhPr9t1ZNwyZRw+1LtPgfXFIL2trHD2Qo5F9FmRzf8NgCZ+qpyBHafcPS/wc699NSntEFhoM
;DK+UpBAdDQ0ergUBgpmyNFJi3CNL92yNij4+CSZaWCY9gaPBMTEtLjCZMAqG9fNZNwzOFU39aLe5LDM
;eZgUoQ1Hox84UHmt2csJaF4qBpzxFYqh/Oo4c6JkkJB5nWk4sPYHE8hIUaEB4x2kChZS+PGhqxw5S72
;jo1ipKexQhPE9S5cbOGxlhenDPaAK0grotX2PdCGDrZJyoEjEWdTkzRVPk/OUEAGhAf8xnFY6DujhDZ
;ccSQtFnjrwhKxZxNC9zU+DO9CIRb31sy3MOioG6Nlk91SNE4n2RsD8VE3EzPERJ/M78fWENHx7JZgiP
;kIwpWH/cDE3hf42mPkp4FFpbLD2Ro5F9F25westaFY6Fti1eeMETUY4fwtVNSkBmPytJSejX+BIeLXh
;9wWEC4bLqaxdJmHYE/HmYsDkjD301NQxa4sz1GHAHHx6uYgSEkbYGQ3XYGT+NGujVTRgeZAg6XD2Qo5
;F9GWN5d8JpOIqbtDVSU8QVTPoc69NNSnsgb2AdDrSjhH1wDXZwyGwLh6q3LFZg9xlH+m6dpiQlFRRZV
;Cw9gfD0Hh9jez7LfROZgLc8RQymfD+OdYazJCYXSyo6WEnk0f99cwkfHq5CFYKR00s3DKgQXvd5moou
;Ihp6PT4CWuLM9RhwDh8ergVn9vXTWVtt0RlN0W+ctD8+JGQ1MkJJ3tD0HB1SfHHcawKZ9dBXNwyoLlr
;ocI2tAjg4ezQtSUWBs5F9cGJwZMtaFIOctjVTU9wFT+sc69xNSntDOy9JT8fC/RFwHB8ernUGnoa2Bl
;9pwRtX+kOEvD4+exdaWyw9gbKRfXB9c3/aYwiZmIw4U2jBCFbhcujWRUp7FAg6SknOzf0EcBwfHq51C
;4qBtTZFYfcdW+Z5m7wiJHsXXlssPc/M/xhwAR8ernUVgpunPEVT3AVP6xzr301Ke0YbEn94suexOEIN
;DB6uBRWKk6cGU3nJEGDrZJynODkSezRbLzKBo5EuFW5wcMolApOBoSxTadp8LI4c6KcsLA9LMzVKVO3
;Pzg0ReWt73Gtn6PDTWTdAwRJa/Rz41U1KCXEuKU1e9cr+E15qfHHKYGfo9dNZNwy8fD+Ob4CwISYkcD
;MpSV71yv4TL2F2bdoFZOv101k3GKh8P/13gac5FR9hOzdzWPnX4wgDZHBwrgZp6/XTH15+2wgf62Scp
;zguHmZaTCw9gdD+ERlpQHfAYw6HmYw4WWvEGWDidZuhTUl9FFpbGAi6kqJIcBkfHq52CIectwZeYs4V
;U+JDmLQ5Ph5mNFsvNoGjkS8Vbmt3wmwJjpShWSwMqHxM4XCBsRIjFXIzN0Bi8cLlCRV/cUHMahOfmr5
;ZNAmofD/CdYawPkpwFFpbX0ng0eVTF25wessFZET101l6OZ9OH8osyIZ9ZEshUBYZCrOD1UxQXi8wnj
;BtrMfiU3A1mHZyti7imHx6TB4daRQdi+SgXSo9P1ibNVfhsuprF0mYdni/PLLlY3hbUm5rHDfGkrElR
;j0/R4M3R63N42k9S5lcZ78o2PUUZ0k0H2oeHceRoU16Si4+9DBHrsTmeXE+mEw1ySXa9Qh6cVNre2pG
;9dHwCxVhQG3eYAKPiNkUBj2fXG/8dYahJCQcOnR1LDGBo5EOBGxtapwrAIiatzw3D8R9P45R3eJ/aj8
;keggcE7GWmzBFOi0+6jRHuMX9aQIG704OhFvR5UcHQyZQFh0NtqnWT0gHWC+OX1be2+N5cXfcDl74eY
;SKPjoecT4mJmmxqdZEQi1aLqRCVsut4GkXVYVOH8gk2OVHDUo0AGsCDrSD109APRVZnyU/08DzABo+i
;DkOvTyu5316cVNre2kMtIPXT0A9FVmfJT3e1ZVrBzyiOwa8PK3lRw1LNB92V0/k1+McE3l2ccBaA56U
;vwZWYccJUfphyJN/ekseDmomeriRsThAB1gvjl1U28XzABo+iDoHviziknxqISR0aBkdx5GhTXpKLj7
;2NlHb1Yp0BSztTQyuWtrlfUA8JXoeHQih5aNNQAdYL45fUsuz4WkHBu9FDa5Z2N8KeltRdyBeWPXR8B
;4EZHBw8WESipmMOFpj3RJL8zyu5316cUBqUWsMoeXqCQJsaXvCWhSbkLY9SgblTQ65PLinJCQPfTQ8A
;hOvo5Z9cA1sa951CJmB01o9DKh8evh5mqw6Ih5mP1swPYGj4ggAfXBs2loDjpugPGho3R1T0XmQoT8/
;CH01NSw+j6ORfTZkbW3aJQKTgaEsU2nafC2OHOimODoLeygvc1nkzeIYL3lmbssFZO7101l7ZcYZTI4
;K6NVNOQ5kKjReSd7H5BwcUnpm2ncSmJy8NzcPp3w/jk+NtiIkHzQ/I1hP9Mf0D3AUHx6udhKbhbwrQ1
;PBElnncISKLCQceD8EQFTy15F+cw0fHoMxUuvV01k3f90MT+FunIokJB19NjdzUvTX/RQeaGxBy30Tm
;YC3PEUMq3M/jhy7sC4lFXB6PlRJ89b1GAINDx6uBRSehaM2RXj3D0v8fZywKjN7F1xbLD3PzOMQEWEf
;Eq4FZ5iAoylYftwjS/dsjdVOQXsUWglJXvXK/RQeaH5sriZn6/WgLEVqyR9a0W+HuSQuJHY1L1hS7Pz
;4ExZkc3LxdQafgbYrWQyreT+OHKS8Iy8IFHpbLD3y1uMbEW56Qd1qC4KRjC1YfPcVUeh1hLkSOhpgLj
;5eU4GglH1wDVN3wGAU6+HTWTd4zRFP626JoTg4Hks4Pkhi7criCXAOHx6uBWf+9dNZQ2nFDFr8fZygP
;y8keD89WGLtyuIJcA4fHq4FZ/3101lDacUMWvx9nKA/LyRmMzxESd7P+A4EDRwergVn6/rTWTd7wQxa
;0WiHoig4JHk1P0k9gqWRfXBDem3aYAPr5dNZN3vBDFrRaIeiKDgkZzI6XFiBoJd9cA1cd9xmC4713Vk
;3DN8VT+tDn7QhJiR5NT9JPYKpkX1wRHFqy3cLipa2PTdEqHw/hBzo1R8LMkcfaGgdxJGRffC7XB6udS
;Tr9aMaNwyofPJC0NbUTUqzVlpb5H+Do5F9cA0fHq4FZ+v301k3Dqh8P46Y69VPSnsUdVssPYujkX0gQ
;V4+nytQ3pi+WTcMSEM/joes1U1cOBRaq209IS/UfcgFWB6uuSXE9dNZPQyofG/CXcjkY31OeTdbLD1h
;nJF960kfHrhGZ+sFklmXgO18h4Zb6NXxCH8DWlulbc/knHdqBx8ergguo7GBWTcNDXw/jnbg001Kewh
;BFVc9gaOYDThUbB6uC6Pr9d2dNpmDciSOHP5nBA46QCKBwaDezIoqCsuAaZaR4Xmoiuvq2OJ2W2N6Oe
;+U6PuhcllYXGcV0cpvrIj3W+tgWyi86KCxxy0fNaHDxaTsIzSoFvdwN8qHsHZWpqjMzu3GZkFhRPrKs
;i6BW9sWfq7riENlI10RARaC9uqDwZLqHiSO141reAev1phhJpud85RmhiWTitYE4ozI2sR7JZ3I1bm6
;JlAwhRCYm4gYwYEclBMbrDOLNpycia8MGwO32zjt6PnMOd/2E8jeWZAJoqWFooWE15teRLFNUy3izZV
;6m4JkNMVS8M5Sf7WDCmw4mAUe7lfkA/jQI3pwQlFRd6NsIRL6wbj2v8s1oTMSeZ864TnqVV87COCEMI
;lxKuepXg6cItOlX3kdd9+vvdzOWE9pFPYTUsbaaiyp7bHyyKeDvCqfJHktsk/9bd5iQ95NNQjhUEUzI
;r6HBXXVSx31Owf5jzWwcx9cJatwOLLXfZ6t1j5WpAu3cdaFnDAkAybyzTZvp3DYQqSKvriksOfu0KQ0
;uwUk5A6wnp2K0x1AWSrUWw8ExwljP12v1HtuoYCYnaExC98+eNCwe1or2gBidlyMGbmf9op8aO9/pk3
;84ORSzbcRebgVCwkdZcauVDw6Le1BeZg774KG9W8sNELH1y42Bh/MaBXQt8THmrs5l4CMRX/defhVfq
;shLS9Y0TwaZuZXlxpgUyHos+lYh7WaFiPOcds6+ejTS6UToIrxd+VQUD82rIFoHo4R2WYmUgiGMBIOL
;/F6Aur+2GZb8CdB97KV3amJOvyMq/8F3SxDLOR51u3rcu2DtoL+GCJhr3BlYRfjD3nQKQ1/jivTOmDF
;Pj804dIlykLXA2eLHOzRpjGENb9vxm/vMXkoA5MMn5VxIgqUU9BM1uuHIwHsV85BZeBqOpNuQOqeGv4
;q0wofi6coHOBg8YmF8zZZi0AOWKTIhVehd6qA9ffB8jgLppTjhgFnN/ej8uDXS2ooCg6t4JtvNrY2M4
;VhJjaUUHBOb4uuqE0p0hxwLvTY1zTMlUpDD7k1eire+jeFdKJdIxlFSylKPutXmHujagIHNkVS0Uv6a
;pPKh4fOtPFzG33DV4wKCjvx5Wxd4Srrmsw8DgQQfLmF6uFERl3CTXD5QnyK6L0+CBYyVUdvj+Os4cT3
;2xc5pY9YNCcZXe927C8agn7yapRYtELJ28dtH2QRXo1vPaNdPkwzWqF5EV7qL5ZIHHARQp5uHKcV+ar
;Q0I4qmhK7Sc835xZKWVSblf16ulMNJLO4s8skLRwtW5u7AmEo+uh85OoAsE4FBPhxeJPJgBPisRlqTD
;iUGeON1X8s9QxI8qWjP0HJx5+MVZsAIJq2r8ThyeHClwuGWG0MRjGmQ++i/DGTi9EmjGgTjD9FGM3qZ
;mZhHrh1i0rr4SqRU8uqf1iYlq/DuMfUbzCgo4YtipP4/yBSys5mjBwmcpvbATkv4KKgOxGrhYAH1mM5
;wecw8mPlGE8Rd7jCpWAU6QiX7BlqggcrLpQPn8WVv0HFlFjoNS4BFro/MgnoVxeQ72GbDaJRn3aPwyS
;AxYXemb19jT+V7sTLLOZng+PadRCRauERF+nsvsyqxcKKUt7Hii1pZSoL8pBsNADSpR2GGGO6fhxEXK
;1Af/9Y9wX8G4udXQijPVoE3XI3zFM6mfvB+HNW8mIA3BXc6O70/KFeWL4mvZcdsISVcdoTdvzelyOIi
;A3JRlSZTea0oSz0gfWi/b3leURrqlIKsAy4WRBHrOSkhwuZ5o4fZz4PAYSYi0Mg3AMYnbXXa60qnXZg
;tCgQ1jc5MSEbJ9G9lXURw7VhPpt+maU9YwZ6FvCKTfWbS6vSMLRd/9XHytB+isEVqTNF/v1IRP9h3cc
;CgjjxDXeZT8rgPBpmY0OVJmeWBWbnd4ESEGqRH/7dmEK/oIOEI83lbTueGArV0yM6g6iBu6+khRUmYl
;N63GNgeULbKdq9D8GiKJV5qN4ulm0UhlJOXeQiOlcRz7bQZrgpTG7WQsy0FPi+kajG4oNdMfXpa6g92
;RRSCmChHRaKu/WSzxIZzOGketiRqrIN+6w/ltAJX2whkXH0n3amUMEcggkrDRa2XnbebBklTRKstqiO
;jR7cmrSjQxoRhQhtRho8yQ2yMoYbtFIaJvrh+/LCsF2RCx/tMCJitBA9Hb2S+MerVCFR4rnhAf8kU/9
;CIHtE5HHOqP55DzYmkuy52mEaYFLRj1cqvwIStRoSTr5XCiLEY9w2hKkCTYn9zrulo6xMUTj3Cp93sv
;5khabArdZdWIFG4HDgF6qCC7RgYXW8beqrHDCUmgvRjHaMlOMdvzUT51kUXng7iptSEW/XFEkPn2TvT
;7Z6HaQ6P8OJSfJjK0TTCaXHFdsryoTO6tIqmk6q9KmZWD0GtYFAjRyfoNU63MezJbBFHJfxWBHoBAbT
;udIexTwaKqRAvj5D3zrPyAB6NlJ8x0KyNLjDSGYCbK8aMknL2BpbhAhBmHmnzZdtfyveKLtdGYVb1yL
;gk7YWRRWbSgAItm9flGMYzulbdlrFZeMg4JI2EU+QBWGmhLVMChlPok423YVR95TWCY17De3TvrADBZ
;Gg/edMGy1yLR9kTp73VnYUiZtUQxatTLRF4Myvoebyk37/uGE0HKmiUkydhgQjOkgEDYEP1KYazjCSC
;FNw6BIqxHbUEnBNtocvjCexm36ym9YfIYzJS75v8/slclR7rPdMgaKc2r8f68yE9EWQk5NyW+1qhaiY
;SsNMbHl9Yy5viiK4Hy5r9n4m/EigpO67NHcRzVD5svjInhxOKNrfA7G8dcHfniseVXXbBWPJHdOxD3C
;37xMZicAyMpuU+VvAtXNhUPlEV9Wo222zEmlC7kCh2vcuhtqJAKQx5U6MlM7u+xWgdChhcYAQB9RV7v
;TlZIC6ysrC/tUwI4pVS2iJ70oL/Q/Ps1kAJfhfKVqCFc+DasOEGspIHi+QwvM3tKiRJxgaWQGu8OQJr
;UIP3meu8bGe3Z0ZajXkXQIQ8G0TEt3JYWTs7P2mJ5/NtDHlVJp86RCAaLtc+xnCwAEhaLDWKAFvUGLv
;JRImRgZuRQ26NWkpdIIXm4c+QIGFl1q6fdBQ3i6mU9nYb1qpPEPMyasFv5fZICjYUbxauZhIGeqhFge
;naX/bkl1nVVZ2W6IdVDwPSWdiiXnglrdE13NLe70SMrMPP1UwLwQLlthzQhIAAILSoicw5FY5BIhwDO
;FzpHwub45bMmbdr9IC9TpfZRNj6hH8Ol9553wYz8QQDiJu/49wk7ssBb8wUolS3KAjxvJLqyHVujTKj
;4rleAjw2kj9b8K99GfKTTynbherXLL7Q5cpk9gtR7WcSmYt1s8QprEBcROrOMeXWLQr/qRYD8hgRmt5
;LOXbUuHiFRBIDIgSC3oEmDgApcqEMA6iC1KKhY4xBSTCzeIZytnfhCdy3ypVeMs/KidDj/DkdV0v8QX
;iIrOXDSD/dHXR6BNuNE3XnKHX/uCoufkdMac83vHsWq3xIm85m5L0bfaxK1CG+uvj8FMHUtI2kK4rk9
;ir5jCwySiD8HmlPYbAHUP1uqffu1MQshyjw6QT0DTczLp4QRe04itiY6ZaR5PcSHsVOYYFUkp2Pnec5
;HnB6b1TVzKuWCfxoPT0a9xPPiZf/TyWgeDOC08ZgE1NQfauOIrU+ZClmVCRMDc5qvlp7HAfX/ESerFb
;MfAZ3B96VEsHWtOlSRDXWmUcouUu1jMrgLTXQqNibCwfdS2uzwzo4lZZpq6vTVH3M0zMBn0sDzPMZlw
;taPNe2YkFrTqUQXTwIFgeYiYoRTtT+58qQk+957JCthWEPlsUFM/4MjxmBstyCWoUKHLQV2fFreM8vo
;oaUFSQegt5fmBWy86pyetNrfwj4qe2lZlAcM754LzgsOWO88+m3oWnjYBREokZk7zZF5n1QqMSZ42Gr
;psKVE5VRMVoP03ynYR+6sDnlRrZfZnm4q3uTTb4H+QjnBcqFRfdXEgdt4ceF4veL9F2VO19iK/AwVVL
;Tl/kvIvjCtjWXZn4y5shWkb0XWHFnGsG+Ydwk0F6cQjQxcoQMd7ya/DEeUcWByihfoTRNivxxGEAUwd
;pDVBCdvWdi69Rab12ev7af9hA/DINRm2P+I0dCL+/B1Lq5RXajp8bUgvHOSRGHbYbmLv0bcAA1zBqYd
;SDlH2PGlomNrW2nvFpXfh+qHa3RdQ0x62FRqOUrsmv76nYUMduvQWEwEIG94Wv6rO1YwAyo5k4rMCeg
;qBBfIv6Ub2KpLrDzRp1TdCpF5tzGB0ED5M1PQ34Buiue9kEYA4sHmL9TXbxS84gDL9yIlr/ScUqRB8K
;pdrFw/Y2QK41AQtaDeo5xp7VETa/xgb9crp7xJ7rEyNs9e5cs/34YjSBXWyFiNxAcsI5O+4lwlYxQhZ
;8VJ6gXn8K/T60StzaZ3u7npjKKpW8NAbB0dth/CyWBzeFijnoLdrtNCugqndS/Nk7X2g1qgt+xs+QH/
;SFZJS5pkz/U6/g4eluSKAg2Ib0B4+im11asi5Equ65pgFTF6jEHJDCH2iPJLOU0jWEpf9dZZQ3yzq77
;OyuAhw9fniT1ghQ7f8pDgyaRkELx8it8eyXM98Y/13zD4ryAvc6658BC2iZmeINWzvR5T1p9UHOk7kl
;QPsqxYTQJ76EQrSS0f93Q7oPfnZW0KM1Z++tOSW0bLubPePkZZb0lPFTZj2OxviHCszxwUsa+xxcWyo
;9vR4xizzO+AIu7brlOCAdCDp4/9LFNBx0nVwA84mpues3/biYJP94Qy6e7sBQUqdJw50rAwdPSBLy3J
;tJlZiXowY4c5x9GclbTGhn2UH529xab0E8fmDuG2bkbkwE3fhOJNNXwyZkAjJ2xPwcqsfBNQz/XEUDg
;m9bhY8+Ykts2HS5Y+4y4cBUmVrxRChsYgmFUHuifjGjnxC6lSbjpyxvMBjwOQWTMBK58A/H7e+XW3YE
;9JAfpcbVzA1HHez/fs+M7r6LLKpt8j3glIiC9WyIeaNFdJisnKKXJD8973NKZrlTgeVJFz1CnUZwH/V
;buVHOJK7ewqbeTzQNzZwc+DLw7K49rIaYeAdgM/OYiP6oZg4xdYH6PXtTYhsdwM8bK9PjR2XSFbiVz0
;Cph9Gjk7s2Yu5YIzsPi+A4GAPYHxmGKtfokZ7uK2Mf3klUr9ZUe/znIH9OOk5IYylU3OAZ1reou6PF8
;9EeoLFoQWgL1y3d25lkExnwtanHO4qh4HhYwZUazpw++EgBKRXXHHMdQTjAk25rD5p+QEFtl8+fY9CW
;BfedvrtgWshvE3nm1xf7oY7EfH9XEF/9I/0vD/yeseicZ4LOiIiCD7SBw0uPVW3+bjRbBi+C03zcwNn
;Aux1z2968ilS1ZyB7Jr33Rw4oj1RBpV7AYxfZNDHymi6RWQnQgzIE9Luz5r6Cyw9mT9kYrVWSfpuTN6
;tegccgw0O5P1ECU2LVrTDJPhw/yM6qLeDOrcx3YVi5F1/B2AOaCwY6w35jge30x9cpi0idhQdLEdHxA
;EZJCzoviO1/GEJ51Z77Zgcqj2GxI4kNv5qsWRvJD6iLnRasFidjcKVRa09PSrL3elIf39TTWg1Q60Yc
;7aXNOw9Ao1sQSTmNvNExUR8QuII57MOQmATBZjZga8vNYY3KogwoI/A+Igmjg0+qYvhoQ6oZw2KCiq/
;zt1vYGaANH1Rx3yoUWd6unbouqfpa1MMGieY/QlnRMNDfixBiP1lyzWOYq1I8pC8+ox/ElmSJboabmw
;5xYi13Ixpevk8QvzBUKndNIe7SvXwz08C5vd9jHX+n194jMZqLGYltJ3ag0xMU8wdMiWU1ZHOT5Z4IT
;XlynrROdtfzo60aOJaz75gmPPlQz/j0/b2BDgjW9229KDmSmocFl5uHCRwLMV9ywuXZ3WzwXf6rqI8a
;dsN4gIwKAKTg/1aGxutP1NWq5oiy3VI7WvwBKqfr40UeYtx3lVogIZusMKkMWqtOhrynwhxNYw1xlGX
;lvXU1+EBRdLLQn0kVeLnbGJqUobTFFi3/VJdx5hl9Z3U48oW5cXrwZdHf2r35LVli4xX+i0KXb863Wg
;mtEuLbsSFVwOCSXy4aEDLClKk/A5O52v4j4WcXRjozciklLQ99B0F2hW/ek57AUokJuS7iMl6sogX8u
;yzpdcD8R06AzfSdVttWH8KKjyVJZsj25gT6oilv1KXonhELVVFhR1TWzAqO8ua18TsdkrSQuZPmuVD3
;Kzbl7S3y49IIZKIFD0/7p7OF/DPIsJLIiS96mPMbwmusWw/kSBOuZkWkFpia6IiWy6dx2dGWz+m7SJe
;k75LVF4kNpZKkI8MkxnQYmAKaoYY5qlwdUC7b6x48d/XmHP8iWP9qCpG0Mp75zfuiamie2lnAUJfzVg
;fSr8GeO9wGp6dUNg3gLWdD5nYpcST5+C0vqIjNeEs/mdjJgdnj/yJodmv/gKYgJWKl8c3fhqDZhjW7x
;O3QK4f2ZBmlHxXFltgOw/Qqv08qn7CYWpI+SRgVGz/thQrOaVFySmZJxCfDpAC/TNQlvcB8zwT4EuXz
;0yzECEmRZZtuBRDezAlMHwLUxWr/zuCEdEqxwhOzHvVtnrpKHreRfozwQIHfONnizRa/AcmgS5tvzn+
;De6PkInSaJ8C7w9GMwrMaxH7ulPm4k/ldvRaLR+5FfYPDPULowATgx2qEW9Y34Sh444d0xolPVJk3XM
;e8x78iYWazXq2da/rC4V0QmfEcDAlihQAxSDOtLos27KzWu1+ogChOAT6Nmf/OCB4QEzvjnD8tTpRIr
;bo3/qgN90uz5JlNllikNi4ODCJsgJluBRDWXHIvinQf7WkABgdjiRH2en2PHnheqyZ5a4fp6w+61RJH
;sgpT2DEqLYs0rSJH1kFkzybOm+y1OcYg09g4k0h7j4ktYXPotFUlZpq8UCbDsFrSn7L6X7CpgztSD9J
;oVcJ8pMmswtVVJQ5Rzt7P/ZwHgYVkmtSXCoKwstsdYLg9IyHsTQQx4wE9Z2Vnpe/OxaVZLXzkJQWihT
;QB41bHCl65gU4rFUWUWcovXbe4dS1wgokQq+S9uHaA1RFycUpflV9QdhxVe0ZkSHvJrA9Bsjfc6jfrC
;6hB+Ij9WhocHMrBiuE8BtpjaN1bL4t0pa0Dg5rWma3pNpAs4QIDscm7vdOFDobmM/xaPbma64ESaGrt
;21BJlkiA6T4rnZU06QxkKxfbRKwjiLPpagQ4r6j6kq8TjUcfVppQWFrS8O2LhUCtm71wsAYunrNZtLV
;DXRsxD4I9cFecewY5mdtRUNZdBsUZDGgVtLnfvQCwjHkzeWRywCJrlp8+kF+Ry3qtrSKcCAl9uLeP9c
;UAZTdD7jbzFw2NDzDyrewre6YxzUnfq8Ygwu9ZKIiDrqRRA7r72WRI7te6+AtDEfl0mvr7gyT5csFAE
;a/Z8InsU1hHqzMUJyVib1DLvH3FHOdxrsjlF5gTHPajGenZK50hdizYJwt8JmJvjyc+ozlpJZC4qLAd
;iQhQDR8EbJhNuHRZKT/7I7zlX+bcg24Pe+QbiV5hp8hYERh/4Q5/CDmBMym9LSEykmVhhNCeE//o0SO
;+ybGJDq9dQ3IOlQAxT57cNBibzdgVu1wCpHPUC+WiWJQrXbkvey9W03HlAIBjJf3SpXobP7vCwNdH8Y
;UNrbg2nBj8kOiB//Ky0yQY6+IBT9EzpTckFUVv/fbz5bzigHLuTV3QQkpj/EobqC9U4/mkkEchUCZU7
;Ol7UhfFPSIsnSZASIAEfCe9o6ZaE1GTEVSCEZUsVDgLZlBaBsw92nw/jhyhkAMO1VY62cspgaMYLT5K
;EhS0D2fr9d4Qf0j6fD+PuejVTSBzElpbLCGa7ep9cA0WbuZcFOv13Z03DKa4Phs35s5NSm+BEx9tafl
;5fOC7YsRYucBILnL/YkVhb8ncSilEmFKRVx516WbKbB16k4piab/rlGWuJHMcNg8qIZjAACOjKdBJPS
;TQyM+aLhap4K/byZdFR2Fjy9Atwieb8RMn7pQGm7rVG2TvRjX9pmV8J2owqIam+q8XK+LnXWKLMTzgp
;S+aNV99WItdMHlKppty4ONZYT795MIAoUkeEXhVUTi9ecD+/TJvjvzh44ZqZ3luby9LB6q1KbCQk/rB
;+HnhLGpqSxYCtrEuflRusZKL7pAhJo0P0+lxFJCYLS+Pku2tO7Z0psmHFtM1iqXHYWRr4jMB8kCCkLb
;cifBaN8V181c8r6h5GT9aZjalPmfK2Ba1NG91FJhmffaYr0+r6Fn40NtcW0ZrpMeisg7KqWHSDB1UWw
;bxDIynKkS/uFR/e8ojQmKxLu7mPqncRGaUIC5TzetbcIte/dITug1+FAuMYEgBp78B6bXl1zOmgZZl7
;pOBzEvgQqUhwY31JSjcRYRcIpLa3ewUSPsofFGf64SCaKDJReQjD1UwulSQrDw2DLxEl5VEVR0K2QyV
;taEBneINOhYsT4R55WXafA48XDekmVoZBMibhlp+JL/z9ESbVMw6Xy4XYz6hmze3R6roH6OBdUjsvG6
;gKlpkTcgjg3kxqA/4ipC0zvS/gLM+62xr79ltOIn4L4I/cqesS1jdrvwTZoVxWkASS8wkQNmRJGLTuT
;0AmCLkTC4OOFdhotvwJbbC2KsFTv7iZcocoiMcLiXNY6rGodO/UHY1A7v2U/5QrXjRMEiKeGocS2in5
;+IDrz5iRwIeMEkGBHPubhxu82Ayvxrv8BeiT7Jihgbers2nLlwRsCPbMWR1Pmej20O9F5z1aBVW6MeE
;etLk3/teHVTCNnPAx/YqjAYuqaELJ1NZZvhAyG3y+suaF77tK9kRjjngv8nc5sj6UAEjEvK4UMTHEYE
;SBWN88ft0Ywuve6dOhAVpnIS1GpTGqnFS/8l3yMeq2pccFre/BKjzeUROw2ySTQ9iNfVtZBC+BWWF/j
;59jI203Tpf070/jUn1TWsdrAbk0wozhuuopIVHT7QEHGheCIbWwmDOnqAqpDY1MtV57RoGAJiV+jQx7
;PVmlR4zK1NnzF05golhIef+aOrf7gYgJ/Zv6EsYMyRTQmuQV9B0psUxFbNbSx5pd46iI4xkjy5iK011
;hOgpxDde39Sm4ZUfGDe7dWnl+81ZsBcL5C1Ex5qWeEaY1b3sALaNYNngzS7U7ZJ/kAWofkJVq3u1Oyu
;6ASSujc+p5/ZRMEXWL+sVyGmolGWuQcXfcDvPACEsn3GFuJycrULzld/4RKYsAo9zNuF5oktWHeRKKR
;exqhRSNRFrcj8KTMwesXMGXWqSz+WmdzThHrVBvsMRufJRVTnH/FOsybX4uruseyKybI2zAqM13FgMg
;J7CDdP1r9NgMdq1xBkgkhRzsnYuNgw/01I9C7ucB85j3VI8bvhclWysPtLvd6hgnOQnrwyZr3WaxQ5I
;92xy2QQmKqAOkTbire8EjA57c/VX1Lho5hJqFRMfYjYSbVEQm2YafaLZL7YUgMddDqBjPD0xZzLqZ5j
;ujLUaquSjBMMUAqrz0x0WVVjmDfnoMLAvkIxYXPQO9pUqFR4C2E10ytFpijuwG18gMz34/b9kSQNQsp
;PjWEhQ0ymiDEgHT9OOn5dgg4Wm4OuLMKKmSjC8In2BxceHJKIHhWia6oZOswFpXr+JbTQ8nvnh5Nl8c
;168ij/sf9uFIdbybkjEuMeXBvNBYeuVcEVejAgEpDKqrSjbkVP3iDQW+ZO7Ie/ShdDWDoiKuBHPgzOH
;Qw9e/taQlmLz2pjRGi6t3bXWbnAljY8YOuzW65qs0m0LFQ+fOXJDLLKc7XvV8VN9f//WaYciQMwkDug
;vshtQtKLXygI4o7iTVfITzmxO/JNXfGBhMb+6xRBO6aa7In4qDVucrTwE1J2I2vvzT+07ZmhYvZ0CJ7
;Vx6BTQDcual9tqeMG75JmSxKSlUoxP5zJ55adCM6RZMfFicJNnb0D0//fhEiBZxumw2Ak22tW1OG9G9
;RiIlZhf830o4uoiBdGSyzw+VADQmCdCqSpuJnAI/+DH9vQYCI8U793enja/YkwdT0Cokm2051CQWGHe
;/FbyKc+hVXloFnMlZTSa/QVQ7xT2BYvxMqpb2NQgHc2D2oPR9BjQ3JtddvsOhOpJpVg3jGYbMwBvuQX
;JkijtqBJPww1Wl0V327m1nbtPbTIQpBe+hM5GRKeW+cszSjl09lHvEWgukvC5H3oNcjdZYop7iwKSpW
;v+ZNBfiEJT9cLW2CPwx76NPRY9sqxyD5y5HJc7zrbXYc9q80gnSyjZua080N1IoKPEjQDb7SfQCcKDY
;TOIW37b3Y79QZ5GXGQB1+kFaEDtCu0gUNzCYmrnLQDQhTWnyw7733IjI1glXDrF+0FunvSkugEmhwFe
;rsj0S/MLlhASA6CnVkkFBGvUJ9Jyaq1jiKBX4/zjv/R+EIGjrU/GkleikFxEl8D818b6gTP48QRfdBg
;ZoMo+Ye3sjMHmIE1rmpLW3j7Su/GQPWQZ/xi7xvekDXPctg0fID9WnuQ/KnpiRtE+nMHHxbJzVLslKW
;2gFzZ5cHCx/tjbl/Yp1eLgS/KdhtBHT90ho6EMhDbut4SM+0wXp0dGYOpzK2gPZRQ6EfvC/eAoLP9/a
;IPA+qh2Xg8aH5baOPV6F6RxCfvduL7jgEvaNTKol20ssJhWTW7DqktDrlWfZ2Gw3TQuuqy8aSPNgJjE
;66TQB4tl6ZtYA3DXZ26xy2ch6ZGBYUIKhPpjlyptp8F4NBNYeTuDW8+ESjU2i8xTJqd8Sf72XqdQ/zm
;gJQw/flxffetM0wQdHl5fqdDw0LbYbVlbYVafSBSii/NBGxwtgOrKNxYmXrwn7BNB2kxr8Y7U71wCBu
;QV2bx9xoezt/bs8lm6MSzaa9rcY1diYuAcJG/QnTzZPT1GQkvyWAs6fUa5rVEiaE4BL8ptXbjzNKe5t
;PhUh74S3Xoj1JOsNONsqkk6jD8VygvJyrdVSflSD8bMGqqLqXQJhSAHvRiFONwQb1hgdBLPkNmaDVSa
;/ZQJwwQglk2NS0RMC/mO8FmOLleyLxbZO82VOZ417Grjlb3ehI5yjqQEsuuOmIc/5PLvZVoyEijwTeU
;dxGEPuyyXrfZcf6XR6s7IqV7mEm87TPXaYtYgGekaAUdPMsioRIU1mDWHrI5E4a28KHU5tPQeK26pve
;Es/Imo0+JkhcSYStINvokjxJFRnd5vyDVNp0iaIT3BHKw2fv/egjtLBJ44HR/9oMgdooqhbyBSoTDfr
;DKQsi8WWVqVKNNrNDnFGBpz1mC2ggH50sE3xHm3tFjIkRB8jrYGkeMlSVjkiQAXutgkoXXd8CL8eXD7
;SpuIFhHgFs6jY0Ocp9CO+1qYMNTQM8OstlP86aLZ9uou7dCUZ8pHkCBBK5QD9/hiPAYKLJNsTTJcRuC
;uLmfj3tVIwcsrFwyUayAPzPAoIqQvLPwcBc3Hh89eYs4JpgSonOH1h0cxp3wUovpi8aTFWg4VnEQt54
;JMeTtvQu+/3n4/fBuDhBN7NXReeatkdQRuoLOyOqtnwPXmvmqFmOI4z+9qvCYh8AplJaCuEAP2su5AI
;ih/CKqfv3T+kLgTx3QjSmOpkh25nT0uA5dCbDIuZAx6xdhRJehlWQ6Q3yG63/LDZzMlSilETOZTwh8r
;mR1iyQySfcm4h+9bAWaVCUtQUMw1CFDT3V3sNmP8KHb7OHkBKCmZkE6uFihnSvRYHfWfDPnQDHpOqnk
;9xLRaHs/SAQQMiMtAcOa2GizqpZEu3bdNdUob4W7ZRdgsm6tJZ4vGPShKebX7RXMQuKZJ7AhB8GIMrB
;OVzXnAFwosCc9K21AFNxYszVpiULvzIyJLMqnx7MRnIPFK52mjG9D3GEWQBuTWjYlfiJACPURNaQANs
;YdywMraDl9whabV2h5XRCovSHGXr8EXuUz0V6DpqduDTVmhDMlafzldF4LWV9W/LiY6Gw4HcBuXyd78
;iPJSlxeGnhYCEjVmrX/FJNb4vSQnXb8zNfTJKJ+hIH8sbFR+vWS10pj/17wZb2YAmmIxF76R3AuKJo2
;ZEhJM+vTPa0KEqxrn6qr7eZIJQ6opheKVWrM9bWvhFWM+8p8Mq2ijS4vSixzVBw4/q6ShBwD+XQ3/UC
;0OUFnykLgbWhpMADW1WywQBTz17VFCv86Ttn0/eoTlUEfqvl/RiN/gwRvHCtGSo8Y1CACn/QwaK2/Ud
;UlE1rgoNr+aGWlkq24j4uNdBos3pfHwdHrr8IqFVAHXJWe5Wh1W8CcWQEFXGj1150OXZbviUIT6ENZ8
;o1bxvzBr8f6apS2ch+iNQFfrdTA7PKEeB1y6l8SLj8815H2SVkji3KM9E7kuoeX4ghM7T4MpWrl4WB+
;BG31q83o395sqCLonLVA62d+xpXiHEgFjOC/mMSg+zwyDcdYRO+LpBSXnuXRkNqWiEok7+M7WYIPLmP
;ZMwW6AmjkFsMJm0PxM4r0eupS3MWcwkh0H2fj5h3S2KBijJ42pU32/FBgDAgL21+0BDBnE0WA/Z1BTX
;tS68k6aGXtmVR14OxNb3hQwodsOx4nOtR2x626xL6VGv/4wPH16ymiWq0NNfhUWXpccBUYHclNbuZeS
;Hnzwpj3Q9H+kWOy6u16M7zFJGDlxmIqJCh9WDtszHVKy0FyBqCIsEYuVnV5F4/8D6ao8KPoQ2zcrmhk
;Xaniwu4YCVo4kV9Rtjav2R1VB6wJU2ijci5BT6fJGJCP4Nsv1DiGYtPpUq3QXgKNTj+By8Z0YRhvSQY
;F9mmP74vXg7Ws3KMbLDK7+/xS0ekeTscgt1DsWzluJkWvXqycDlOfET8IeIWjiJSea8/AUnPv2cKf9i
;OxaabAltcHkdS01+vcw4QRjgoDrTO4Xsz1D4RXoEBcmsdgJ/qAc3wAY5QW4PP25Zs61+vJBe98VVOV3
;Ao+t6/tt9VQi+oDhGnihqti914v0gCmf32SQ0zY1Y5VHSloEiW8fzDia2E24Uljkwxdgn2y+s6rHYFa
;AHZ5Lk5Iuu6e5muflkpN8FL2O8O/b2zlAv+dykJlQRZjmKMoXa0flFNTDhYP0FbUXtj9Rwzq7q9HFSt
;GY7K2jUEHdOPnTmEXg4fZwo99LmSXlCAWYB8suz4phY9n8D/s8enEIfaxIJ1yMMOQV6xikYhhGjS0XF
;CmXm5xotrEOZYp1a/IwL6SrtCdBypXbuTMWRNmJin4GkB1svkitz9TqIYa/3Gm1hGwa8ZfJUzL2MwGf
;P0e5iBiki4QPY5eYIFg93av6MHUCpFR0vuR9v7R3rtltdFewg6sWJ0LMffFnJEG8dogOx0x8Yc/TgXE
;EidsOTZL4NGEjxatyS/HSE7ce9C32Lzii+S7efzPPIB5wsukL9XvgBpg/rizpYdN8d2XWVMYwsx3vDe
;OFuvIvfLfy7Pid5BnFLeN2RgjzfbJxqT58GoZM6kGtwBES/2MUGIDptsnHu6mIFU6FYJDvRzRGuNyLr
;jSl897T0BNaEflKxAYWL2Y10hRDnMGi3vhyjsJZJRkaemncHch7MRoSe2RLXZE3Sc9WauF8pcL90Stq
;WwPU07zAetttPloGXlqMOYDppAk1VNTgrk9WoW9fclHUIbeISd2h+7zZPgtkJyypoeOYLfImdTQ6z4F
;19fYZPlzSdCRTy+mfPQ/OlQgCzJk6wf8g0akkiKsELa61Wo5MZ7r0AbMCvSj2Ui7rWCLutAkXkEhugq
;oEk6Vj6r9TixVt/HsvWxaid6mDw3Zz+5DgkgOVVXFHnwzyFMdfgSRNMKuIdIsYdOhBbQoSJQoRFnOcA
;sU6J9kHNksMQFqnalUfkdlZf4cefNVo8llUc06w2SMOK5OZ4/FwRF3n+fH7WH187fzt0mxyspEDB3tC
;3UinZ6CZfDodvxqGxHLqv+B8eMo9oazgdGeeV3sH1mrHhmWPi9D9Yq0bSaotqg5rMbkDx5WNZ51DwMm
;n0WxY2kkoFVSo2w01jc1C3iedU+Hp4pUokA3KfPTsqjd1wD4rRIw5gOlc/CJY1OCuT0JvpgkoEBlsuF
;y/iBBN/mp+PBvbfkgg92TPT41Nl4pKof4oQFNx/rIze5oJb0hIaqpF04CsL4WLNEZ+It5MynghU9eTM
;N7igTF1N/RkEXQF0mt2UnrBiYvQMPNfB5hK/hk/qxiLKZ0cfBcbGqb/VXvX9lqfgnctGDbHiHklkBZR
;E/5NQZuyjLooKxrYlZRdDrz3p6lXQV6M1MgKKTIe5KDjuCdrCmu0h3JrgjQZrb7wW4mNQ6qcXBJ5P1m
;iymk1qz6GVZtxxtM7prFW4lCzkOZugS+ZW3jDqj91IKcbguryQ2m9P8XyqXIJBZUtLYk5HpnQh2fsqG
;fNhjPZFFXtle7JtFEg449uA8AQgt+qx1Sq8RT/ES93jU7gv/PHNu+QGwh59HAikKYS19njonA2rY/kV
;S2ufH2I81t+Oi9n+sM8G7xRM9M3qfK/tgbUmUnUpD1gHhKNAVzStuCn5MNjGF9Kq7yAACVWAnCaqlsm
;qp4/MXFaSnAsIff6RQG3qIYqxfcKGW5hZ8W1/wPnS/0XXhXoM867uKeifiHSHjVSeQKtD8M0xlh9gSz
;v0y54zxcdm9IW+8BcrZVFgiLX1g4zzZXeAbtwsGeed2MIJ6kAzlHyWVTzyn5wRzaMKWxxpxQXDXMaTJ
;0MP9GEQeKAvuQ89RrH5pKDZ5cZMzQA5UBvWy4XIxqsqGtX6Pijk5pGvbLp4LiDjiItd9G1li5VJd4Lr
;083rc0WmH3btdUFADCJR/eETtZG8dD91VVgOOTwHooOkRcxKQ99TnEPwATTOM6VAFnxtVgRfHNvKhkP
;dRkbK6dB+PX08Rk+xrMse8p1qqldnk9lMlWiNdEhm/9kiuX+CCUn4+XRzZdea5bs/Rzjf3Ey85zcmI0
;1o6OZLfLnGzO3UWvEIAx5X1Vo7cmPIGjHSaN6uRZZbIj/GE3yWY97CNqBkOvBQ+/JC/3DNL5N72ZvSn
;sUWhJpc8UN0x3yM1wergRn6/UzGzcMaX0/jhjo1U0fKOcJCE5N0qOCfXANfn3NYAuOh7ItXmPGI13ha
;Jy6IEp6FFpbLD2BKtF9aw0fHs9mBI6ZtitWeMETUdF+h6E5JRZLKS5eW+DA9H1xDR8ergVnYrXTSjcM
;qB1c7XmEsD8rD301NXNU78X4ERwNHh6uBWfr9VoZNxSofD/vf4uwIS8JdS4yQ1Peyv8OFXlAd8BrApn
;10lk3DKh8Pwdc6M1NSnt1OThJUeTR8AkZYnFBx2sUjoGMNkJ4zQ4/jxzo1U1Ke50aWz49gaPwHhNoc3
;vcZBOCmr0GR37BEkuOHejVTUp7FNMbLC2Bo5EcE256cst3Bp+cvDdoeMcMP48c6NVNSnudGls0PYGj8
;B4TaHN73GQTgpq9BkNj2CNM+26OtC4vexVaWyw9gaMYPXAeHx6uZASIkL88RW3cFVDgQ5ynLDweeFpa
;LD2Bo5EN500fN64FZ4qDvDBTU9wOXvh5hIolJRdxKQRcXPXLzhARdUByy2sAn52MP1Zv3BNNjh3o1U1
;KexQzGywUgaORHAZidnrxcRWKg7Y1aGTHEFr9Q5i0OSIkeTsjc1Pu/OMYBH9+fdpsCIX10lk3DKh8P4
;4c6MZNSnt1IjJfYuLM/A0VY2x/2mwIhaqrWTYMqHw/jhyxlU1ZexRaOlRU8vzyEh19enDdZBOCmr0GT
;gypfD+OHOjVFAp7H1pbLF/kz+UiH2t5bctxZ+r101k3DKisAI4K6NVNKB54LgReXOfXzhwTbnpyy3cG
;n5y8NzcNqHw/jhzoXA1KaxRaW05Y7dfODxFra0HPbBWMlKNZNgyofD+OHAjqTVh7FFo5SVH1/OMcFnl
;AeMJqEJmUpzw3Dah8P44c6IwNSnUUWltOWO3Xzg8Ra2tBxGAVgPXSWTcMqHw/mlzoxU1Ke3Y/N1hi88
;L3CS9ieXjdYBPr9NNZNwyofM+xHOfVTUoZcTYvc0/gxeUiA316e8oFZuv101k3DIY8P50c6NUvLxdgB
;SlNW/X85RUZbnRwy3YU6/TTWTcMqHzHsRz61U1KGXE2L3NK4M/9IhZhcGncZBOO9dJZNwyofD/XXOjB
;TUp7dj83WGL2wv0RL2F6cMlxD7SYujc3Dah8P44c6CVySnQUWltOWO3XzgoRYXNB3XUCjpHTWDcMqHw
;/jjio1V9KexQ4NFhJ7s7OERF0emzxdheOkLdZNgyofD+OHMaVTVp7FFo5Q0n1zPwiBGV2fcVrApiG01
;gEP5tPDL3P19VTSnsUOClFWebK/xovaGdq3HAUgpq9BkBlzAhX0W6JoSQlexVaWyw9gSPwPXAfHx6uZ
;xWCkbQwWWv3Gl7gQ5ulKC8fFFtbLD2Bo5EkMA0LHq4FBZmctz5eYs8jWedkjbESKxVzNj4sPIGjkX1w
;7X9erhxn6/WxK15ozxVR6UOOuSIrD3E+BE1P5MLOEBljHx+uBWfr9dNtdwy5fD+Ofpq8KS0Sej0ESlH
;u1OMcBGgfH64FZ+v10wB3DLB8P45+mrwpLRJ6PQRfVeTP/Q4va3Nx2XcGn5DTWDcMqHw/jkWo1VhKex
;Q4KUVZ5sr/Gi9+d3vCaRS0hqM8UmiofT+OHOjVTXQ7FFRbLD3j0fgZF2RxefF2F46Qt1k2DKh8P44cz
;JVNa3sUWjleVOXE+BMXUmxr3nUImYG2PWht2hle0W6JoSQlJHk7Iyw8gaORfXANVl6uCmfr9bErXmH3
;EFbgebe2Ij8VYFpaLD2Bo5F9ZE0fDK4FZ4iasipDZcYbYOp1m6EsJBhxa1stPYGjkX1wDR8evAVn65a
;8OER4wRJY0XiBpjkrFXc/aSw8gaORfXANHx6uFGfr9bA2WGD3EVbgQ46wKC4JdS4+LDyBo5F9cA07Xq
;4WZ+v1sDZYYPcRVuBDhLQ0LwlLLjJBWIGikX1wDR8eikVn/fXTWVNpxg9a0W+dpT0lCWAFPUBS9tHwC
;RUNHh6uBWfr9YoZNxGofD/qeYamKBUIYSorQ0/1/PgTFmRzcvFqEp+ZujdSf6h9P44c6NVNSnsUR1ss
;PeXG/w4VUmxr3nUImYGMMFlizQ5g62SYtCM5Ens0Wy2nGDoI5OnkIB61BWfrkbY3RGn3D0r+bIenORU
;XdSM+Xk7ewf4JBGJyHq8FZ+v101k3DKhvP44cjLAjOR5LKS5cTe7R5SIDfXp7ygVm6/XTWTcM7Dw/lx
;zo1SkjFnE0KEVS7/zpBC9ucHPeYAmYlKcwWGKofT+OHOjVTUp7FERbLD3lyvwYHn52ccBaH5KqsDZaf
;M0STO9ogbojFRN7Nj4sPIGjkX1wDR8ergpn6/W2IUN+3Rha/EOJuCI/FWBaWiw9gaORfXBNHwyuBWeO
;jacrQmjNDmDheo6mKD4kbGtbLT2Bo5F9cA0fHrwFZ+uQqy1FecwZTdFzjrM+Lw9LImksPIGjkX1wDR8
;erhdn6/W2IUN+3Rha/EOHsys5HmAFIx89gKORfXANHx6uBXXr9dM8T3jaCVvrbre6KywIcS4EVQyBop
;F9cA0fHq4FZ/n101lSdNwOSup5mooiLB1nPy9zRLOjkH1wDR8ergVn6+fTWTdp0AhN+3iNpxIlHXIpP
;lhi+JCRfHANHx6uBWfr9eBZNwzNBEv8aYywPxUIYzMvT1XewP4SHGRxefFtAoqBpilobcwKXuB/jYo5
;LxZkPylNSfTR9ExwDB8ergVn65yTWQQMqHxa9miaoCkvCUspLEVJ4svOHh9ic3fAYjiDkLItQnz3HVv
;4fYa2KBUPcTcrSU/g1+QPFT8fH64FZ+v10zB3DIN8P455kKE/Px9xKARfSujX8hUvbnBxwmwJjKq7PF
;Z43Qxg73ietCMpHksuMkFYgaKRfXANHx7qRWf19dNZUnTcDkrqeZqKPj0SYDkzc17uzP0UHmpAbs93D
;LSN01g3DKh8Pw5eqNVTSnsUPyNYT/TH9A8vfmh32mYPtJa8Nltlxhtg/n2avhIzexVaWyw9gWP8PXAp
;Hx6uYB+fh6Y9Un73D0jnaIu9EikUezYyQlre1/QQAGhtf9pwFY7E01g3DKh8Pw56qNVpSnsUPyNYT/T
;H9A8vfmh32mYPtJa8Nltlxhtg+nmFpSg4GmAvKUkPgaKRfXANH57IRWfO9dNZUnTcDkrqeZqKPj0SYD
;kzc0/k0OUcAnlAe9ZxFYqqsjRYecYIDY4d6NVNSnsUWlssI4GjkRgIeW1rymAVtIakMENvwCNN62+ct
;D8+JGcqPklZs6OQfXANHx6uMSfr19NZN2nQCE37eI2nEjkMfS44RGLzxuUPEW5rd8FrOIqYvCxZeJp8
;Po4c6NVNSl9UWnosPYHG6QkCeHt73FoUnJynOl9T2hlL/H2LoSQlFUspK0lY5ZGRfHANHx6uBVOr9dx
;ZNwzNBEv8aZu8IiQkYzM/WFWBogvk6ZSGh3c6Z/r101lSdNwOSv11h7sSPRJwLjNzD4GiC+TplIaHdz
;pn+PXTWVFtxiNd4nWYij0rDmc/BEFO5MCRfHANHx6uRRir9cFZNwzOHVHRfoS8PRUPfCg+X1Xuz/V9c
;Q0fHq4FZ9W101Y3DKgaXuBDjqAhJiR8PzJLVfWjkH1wDR8eruVY6/vTWTdqyRJg6GmEuRImGm0/KSw8
;gaORfXANH16uDGfr9bU4WVPbDFrreOjUTUp7FFpbdX2BrpF9cGt+cPF2F46QtwZabdB8Po4c6NVNSiJ
;UWkosPYHF+BERYHpw2loDgpS+PENp2nw+jhzo1U1KhytaSSw9gcX4ERFgenDaWgOClL48Q2naTj+PHO
;jVTUp76GVbPj2Bo/cUHGxye8BxOI+csjRSeM0ODI4d6NVNSnsUWlssL4GjkRsZYX5zy2sTtJG6OFpp3
;BlNuhzp1U1KexRaWyw9jKORfRZkc3/DYAmfqrU1WHuofT+OHOjVTRM7FFRbLD3nyv0cHWhxavFjC4SC
;4lk2DKh8P44csJVNRHsUWj1FUeDO9BMEUnlywXJV6/TTWTcMqHxnzhzl1U1KHX02OkFY79fOCQl9eh6
;vBWfr9dNZN0yocj+OHI68ISsWcTQvc0n40/RPcAwfHq4FZ+v1k1k7DKh8WedwhIopLxVnMy9VPYCjkX
;1wDR867gVr6/XTP15gxCNQ+HmauSw6exVaWyw9gaOFPXAtHx6uYw6HgbYraGPdCGD9cYm5IRULdSgvc
;07o2fQiAmxrd8EFZuv101k3DPE8P68c6NUrIwlnLgRAXPjG4yIVdWts23YOhJuMLl5o3BRg/H2cvCJK
;ehRaWyw9wcPRfWINHx7IbBWYgYw1VnXNDmD9dI25ITl7FVpbLD2Bo5U9cCMfHq5jDpmGpwZbbdEZTdF
;vh7kkLiR9ND1FUe389AUEf2ptx2oJtIK6PUNk9w5e+nWH1UxKexRaWyxkwaOJfXANeXfcdhOHlKo8RV
;POFVPvcY27ORUdeDUsLDyBo5F9cA1GXq4WZ+v1tTBPacwjU+9ljacSOQ91KC9zRYGikX1wDR8ergVn+
;PXTWVFl0Blb0XCJrCg4JGcuOl5J3tqRfHANHx6uBWfr9fBZNwzPHU/ReoG5IRUIfTQ8QFjexukJAnhs
;d8FrOJmUpzBYU8UdR44d6NVNSnsUMxssHoGjkRoRfUB4x2kLtIa6N1BgzSNa9miaoD4jFHoFKU1J6Mz
;OEBljHx+uBWfr9VMZdwy3fD+Oe4mlEiwSeDYEX1TvxP0YL2hnatxwFIKavQZEfM0ZW44d6NVNSnsUHh
;ssM4GjkRoRfUB4x2kLtIajPFJoqH0/jhzo1U0DOxRKWyw95sD+GRVSa2feYDiCm7c8TwypfD+OHOjVT
;Up7G1pbLFrtzPMcHFJweMh2Ap+qq1k2DKh8P44c6NVNRXsUWjxAUuPC/SIfa3lty3E4kvXSWTcMqHw/
;jhzo2k1Ke3M2NE5c7fz+GxZ+emrxf2fq9dNZNwyofD+OCejVTSIedS4uXGLmwP4ZFVJse99wAoWWtlk
;2DKh8P44c6NVNansUWjJCW+jP/SIRaX5u2mwRjqq6N1FlxBBg/H2cvCIVFnUiWy09gaORfXAzXx6OBW
;frnL0/XmDEI17qfZihJDweSzM1SlTtz84PEXl2cfFoDoX10lk3DKh8P5pc6MpNSnt9ND1FUe388BkRf
;Wt32GA4gpu9PEVTzQRP73KbvCIkexXAwrWkGDp4QnAbHx6ubAmNnL81aG3MHU/6dZ6wEiYabT8pXz2A
;o5F9cA0fCu4Ffev10zBZasEQU9F9jLQ9PhJiPwReWOXW8gkZYnFtrgRn6/XTWTcM6HwmjhzovCMsEng
;2BE1Z4NPlFAZoQGnHYRODqr4wWQypfD+OHOjVRQp7CFpbLFTvxfgRHFJ6Ztp3EpicvDdoe8EYS+ZDmr
;Q5IxQUW1ssPYGjkSQwDQsergUOhZO6NVtTzhVT73GNuzkVHXg1LCw8gaORfXANRl6uCmfr9bo3UWXEE
;GDheo6mKD4kbFpaLD2Bo5F9cA0fEa4FZ4KbtTBbYPcTWehvjaESM3sVWlssPYGjkX1wAB8ermwJjZy/
;NWh/wBlT4m/o1E1KexRaWyw9gb+RfXBkcXjHaQu0hqM4RX/NI1zhcYq8Iy8keDsiSU/yo5B9cA0fHq7
;1WOv501k3ZcYaVuJwt6Y9Lx5wWlosPYGjkf0mTR8SrgVngpugPEM89w9P63mM1UxKexRaWyx0waOdfX
;ANdnDdYBOTqqApUmnMfD6OHOjVTUoyVFpLLD2ByuMSHmRxefFjC4SCoThDaah9P44c6NVNXjsUV1ssP
;ejR/hMZY3hB3XUCjpHTWDcMqHw/jjio1UZKexQwPl5W3sH+CQRich6vBWfr9dNZI0yobz+OHIKwPyEk
;djUvWFLs/OIIAmt+fcsFZuv101k3DLw8P4Uc6NUnLwl/BTJCW+jP/X1xDR8ergVn/7XTSTcMqBZa/He
;3vCM5HmAFMkJT5NGRfHANHx6uBXOr9cNZNwzCGU3lQ4G7Pi8PSzUuWFjzo5B9cA0fHq4RJ+v/01k3Zs
;0OVNFsmrwjPnsVWlssPYGjhT1wBR8erm8CmZ6MLVh8qH0/jhzo1U1eOxRKWyw968bjFi95cG7xdhKZk
;7I6UgypfD+OHOjVWQp7H1pbLFfk0foiBH9+aMtpZ+r101k3DKhof44Q6NVNJhptPylzVeTK9hUEDR4e
;rgVn6/UDZjcqqHw/4n2RsD8VE3EzPERJ3sL1HAB5dmjLWgqKjYwxUmXPFEvRbomhJCV7FVpbLD2Bo98
;9cCsfHq5pBpKQoQZfacEbV/pDibEsOg99LD5zUOjNzhUVZHh22loVioG6NjcNqHw/jhzo7A1KWBRaW0
;Bc+MbjIhhodnnGcTiKkbIpQ2XeGWD9fYWlISMVcwUoWFjxo5AGZKNY/9SBWOve01k3YMkFWvxDgLAkL
;RNgBTpIXPHX+AsVUmxqy3UInZChBlVj3AhQ40OatDkjFBRbWyw9gaORNDANNx6uBQuKjLYraGTNFVjm
;aLe0KSsLYDMtSWLy1/QNH3t6bPFxCJuqoThDZcd8Po4c6NVNSjJUWkwsPYHP8AQVf0Bzy3cAjqqwNVh
;/zSNZ73+Npk1LexRaWyw9gaORZXANH3LPfAKZqqA8UGHNEkvRcI27Kj4TSzcyQj2AWe8XzHmMlpEFc+
;v10zVWdc0OYP10jbkhOSR7LD5eUeDTkXxwDR8ergUuq/XGWTcMxB1G6263pjkrCWAqNEVT9fzlBABoH
;x+uBWfr9dOpCAyjfD+OcoevNyYeSykyVliBopF9cK2Gh3c6Z+T101lYbsIZXPpDi7AjPh5mBSMsPIGj
;kX1wDe+hrgpn6/W8O11pywhg7XmGoSg4JG1aWiw9gaORfYCyHxWuBWeEl7k8VHj3D1bgd+jUTUp7FFp
;bLD2BspF9cGJwZMtaFIOctjVTU8kSWOJ56NRNSnsUWlsSfYG1kX1wYnBky1oUg5y2NVNTxBVR60OLuj
;gkDxRbWyw9gaORjU8NDR6uBQiEj7YGRGTBGVPqQ4ezKzkeYFpaLD2Bo5F9eE0fC64FZ4SDtitfbcYbY
;P10jbkhOSR1NDxAWIGikX1wDR8ekEVn8vXTWVh6zQ5X73KPij4iHng2KHNb4M3ODgBoenquBGfr9dNZ
;N1XofCeOHOi6Oy8JfDs1S2Lyy/QRHH5AeMJqEJmUpzw3Dah8P44c6IwNSm4UWltDS+TR+RweakBtxmA
;Lh4aMKkdpzRg/jxzo1U1Ke10aWyA9gaP+CxV/c3/eWgOelL9ZNpYx5aYXhSHqTV97FForXlTv184fFW
;lAastoF46Hsi1Cfs18Po4c6NVNyj1UWlAsPYHT4xQeeUBt3mACj/XSWTcMqHw/wFzoxE1Ke2QoMkJJ3
;tf0EABobX/acBWO9dJZNwyofB/iXOjHTUp7ZCgyQkne1/QQAGhtf9pwFY7H01g3DKh8P65wqNVfSnsU
;KilFU/X85RgdfXpsz3ESmZDgWTYMqHw/jhzo1U1YexRaK15U79fOCRVgb3vcZBOeh7ZtNw2ofD+OHOj
;VTUpwFFpbXlzn184cGX94f94FZlPrVrJmtGZDP5Ec6NU/Kx1gBTlNTuT89AUEf2ptx2oJtIK6PUNk9w
;5e+nWH1UxKexRaWyxUwaOHfXANbX/IcTiJlKA8aGXGGlbicLe0Iy0XcVpaLD2Bo5F9cA0fCK4FZ5mUt
;S1obskPWtF1hrMkJhdLKDpYVO6jkH1wDR8eLkUn6+XTWTd+yRpL0X6JpigVF3UjPl5OgaKRfXANHx6u
;RWf49dNZRW3OCGDsfZuwEiYSej8sRVn1y5F86pSGhzecjtT13Fk3DNodWfpDirQ+LyRnKj5JWYGikX1
;wDR8ejkVn+PXTWUVtzghg7H2bsBI+E305MEJY8tCRfHANHx6uBYfU9fdZNwzaHVn6Q4G7OS8Jcjs4SW
;Lk2+UPBX52ccBaEIKRpzFofskIVuEc6dVNSnsUmjlsPZqjkX0CbHlq8WwJn5ChP1ZvzSNW4HqBuSEVG
;no9N0k9gKORfXANn0juBXzr9dMrVmrcI1bgaI2nKysYcQUyQlvoz/0iAmxrd8EFZuv101k3DOE8P5sc
;6NU/Kx1gBTJCSeTR9xwTaEByz3wCmYbTWDcMqHw/juzX1VVKexQoOkpJ3sr/CRV/eX/NYDiHnL08QGX
;MCFeOHdvmfnlIJ7lkLCuBo5EPEWtrQcdrE46HtThUafcPT+9/gbsqSnoUWlssPYFTrn1kDR8e3GQBn6
;q6N0Np2hpe7Xm3pj0vHnBaWiw9gaORfU5NHwauBWeZlLUtaGXGCFr8eom2KBUPfDM4R1Pk0OJ9cV+nA
;CvuNjPK00g3DKgOXuhot7kkJB5LKStNXujN9n1xDR8ergVn47XTUjcMqA5e6Gi3uCw4HH00Wy09gaOR
;fXAZXx6BBWfrh7I/Q1PHClr8boGxKBUdfSgoWGLtwugYAlJ6Ztp3EpicvDdoe8EYS+ZDmrQ5IxQUW1s
;sPYGjkSQwDQIergUVipOnBlh6zQ5N53iNiiomFHY7N3NS58XiGARSZR6vn/5ybErA/rOoXj+OHJq0Kz
;4kZy8pSlzixs4YCHlta91sCIWqpDBTeMAjTe9ogbpNS3sUWlssPdjjkWtwDR9sz2MTtIamK1Ftyxlg6
;HWEuRI4GmA/Wy09gaORfTBYXx67BWfrh7I/Q1PbCU3ofYuwEiwXey0pTUnko5B9cA0fHi5jJ+vs01k3
;fskaS9FvnacrKxhxBTJCW+jP/SIRY3hyywVm6/XTWTcMljw/nRzo1T8rHWAFKFlP58LyGC9hfmfLdxT
;r9NNZNwyofD/OHP7VTUoJdTwvc0700fccE2hAcsdrApycty1fDKnmpheFcUyUdXsAWlssT+DF5SIDeG
;14z2YCtIajOFRlxhs/jxY/dj13ccNlWz49gaPjHBZ5QG3bdwGKlrYGRHzNGVuOHejVTUp7FBQbLCuBo
;5EPEWtrQd1wFY2UsDxoeMAVXOVyjaY+Sno9BtTuyKlvrn1iDR8e3GAUn5ShLWho3R1T0W+YsCguexVa
;Wyw9gaOlPXAZHx6udwKYgbIrQ1PNBEv8fbe0ICUOei5bLT2Bo5F9cA0fHrgFZ+uHtipDbdoIYOtknKc
;sFRp5NS5CSd6RkXxwDR8ergVn6/XKWTcM2hlM+n2aoRIvA2AoOnNZ9ML9IhFgcGvAcWfq9dNZNwyofD
;+OEejVTTgeZy46Xkne0OEYFWkfH64FZ+v102B3DKd8P45ujaY5KwlgBShcWOTHzk9wDB8ergVn68yTW
;SYMqHxN62iatC4+Ens0BE1Q7tb/CXAMHx6uBWfrFexZJAyofE3raJq0Lj4SezQETVDu1v8JLz8fH64F
;Z+v107kIDL58P45ujaE/KxhgMzRCYuXW8BEvbHJx22sT6/TTWTcMqHwbzhz91U1KCXEuKU1e9cr+Ey9
;pan/CWhSbkLY9Nw2ofD+OHOjhDUpcFFpbXlj10fAeBGRwcPFgCYqXvzxoY90ITOd4jYovJQ9gNTZzUe
;Da9A8DDR4ergVn6/XTGTcoqHw//HmcpywpD301NXNY78LzERVScGvadg6PkIwtWHz3EF73eZqmTUt7F
;FpbLD2B45FzcA0fbMtxFYqWpzBYYvcUUP4c6dVNSnsUWlssPZGjkX0CaGtsz2YTgpq9Bl9j2CMNjh3o
;1U1KexRaWywogaORDxV5bX/NcQ6Em4w0XmL3CE3vao25TUtIJ2loHw5inJFqcA0fbMtxFYqWpzBYYvc
;RVuBDnKcsPB54BWksPLKQok5DPvwhrhln6/WhPEN+yR9L53OGiiAjFX03OkBi5NvlDwV+dnHABWaQ4X
;0e1nY8Qz+QHOjVPy8PZjs4WFTuzc4QGWN2c89pOI6NpytCf8ETUdEu6NQ2XtVTuyG4AoGzkX1wf3pq3
;GQEn5y8N2h/2Bla6hzp1U1KexRaH2w9k6ORfQJoa2zPZhOCmr0GRHzNGVvRLujUTUp7FFpbaH2BuZF9
;cH96atxkBJ+cvDdodsATT9F/h7spIw99NTUdPYCjkX1wDR8ergV96/XTK1J42h1c+nWHuxIwE3sqBE9
;S78f4CRlicSyuBGfr9dNZNwyofCyOHOimKCkUej4EQFz4xuMiClJzd8hxZ+r101k3DKh8P44O6NVNOR
;NxNjdzVO/F+BEcUnBsymAV6/TTWTcMqHw/jhzh1U1KCH8zKVhi5sLhfXENHx6uBWfjtdNJNwyoD1Tnb
;pyKIS8Vcy4zc1DozZF8cA0fHq4FZ+v1w1k3DNsXVvxot7kkJB5LOTRZU/WjkH1wDR8erg0n6+HTWTd/
;wxVN+kOFvCMjFnU2BEBY78TlFXAMHx6uBWcrl5NZPAyofEzldZqhEjkLcT8/LDyBo5F9cA0xXq4fZ+v
;1oDVYe/cYUPlyt7MkOAhgBT1JSt7P8AQVf2werwVn6/XTWT9MqGs/jhybuCwmF0s8Pk1J9NH0Di9pdn
;/DYBOOh9NYNwyofD+OOKjVUUp7FCk2TVHt/PcYEXlqbMt2OIOavzxoaMEdUutojadNS3sUWlssPZ3jk
;WZwDR9tw2QLh6q1PFZ43Q5a/UOBuysjF3gFKU1J6MyRfHANHx6uBT6r9clZNwzbEV7icLezKCsPYSg+
;X2Ly0/QYFFJtf9psCOv001k3DKh8ds4cytVNSgh7NjJIYuPM5QkfYEB71nEVnoa6NllT3xVb+nS3pyw
;+EntaWiw9gaORfSlNHwSuBWeYmr8wU1PKE0v6c4WKKyMXdTc+Qknexf0SBw0eHq4FZ+v1ihk3Hqh8P/
;1zhLwpFRl7Li9DUN7P8AQVfx8frgVn6/XTWXcMunw/jm+HuSQuJHY1L1hS7PziDRVoex6vBWfr9dNZe
;Uyoaj+OHJu6ISMfSzM1SlTtz84YCH1+cN1sCIX10lk3DKh8P44c6MZNSntnNTdFWd7K/xsZYXNB3W0C
;h5mgWTYMqHw/jhzo1U1cexRaKENR6MfOFB5rdnLCWhCCkacxaGHBEj+PHOjVTUp7FFpbOT2Bo+ISHGR
;7QcJkHo6HjC1fZcsXUetvm9VMeUgnaWgf3r6jjn1wDWxxwmwDtIG8KWhp0AhN+2+BuiMVDH0+L0Ri88
;LlFB8NHh6uBWfr9YoZNxuofD/9c4S8KRUPeyoESlTtwvwYHnlAeMJqEOv001k3DKh8Zs4c59VNSgh7N
;jJIYvXM4SIcbGZ73AVm6/XTWTcMqDw/gRzo1T4lF30+BFhS8fziDRVoex6vBWfr9dNZeUyocj+OHJul
;ODgISzc6VErox+UVcAwfHq4FZ+sV7FkWDKh8TPtsmLo/PiR1PjpcSejV9CIZY3l3wmk4mZSnMFhTxR1
;Hjh3o1U1KexQeGywcgaORDgV9b3HccTiKkbIpQ2XeGWDnco68ISYkZjsvRVLezvgTcAwfHq4FZ+vbk1
;kXDKh8TPtsmLo/PiR1PjpcSejV9CIZY3F73FoCk4WyN0RlxxI/j4ZxTNTT4s1lWzs9gaPiCAB9cGzaW
;gaPlKMtXnrNI1PvZY2nPkp6FFpbLD2Bt9F9aw0fHt1wF5uaoS1obcwdT/p1nrASOB5wLzhYVO7N4n1x
;DR8ergVn/7XTQzcMqA9K/myHpzkVGnA7K1hU98bOChlpa3bxaA6F9dJZNwyofD+GXOjYTUp7Zy8rXFL
;z184cHmpze64EZ+v101m3Suh8LI4c6KY4Ogt7KC9zX+DQ9CIcbGZ73HZn6vXTWTcMqHx/jgXo1U05Dm
;QqNF5J3sHwDhVSc3/XYBWYqqApUmnMfD6OHOjVTUo/VFpFLD2B0OQNAGJtavFmCIWbtjpDZccSYPZlt
;7EkOQ91NDhJPYA5COTplIankQVw6/XTKkJ82BNN+kOMsCM5Hks8MkBR3tHwCRUNHh6uBWfr9YcZNx+o
;fD/9aZilIjgPSz4+Qk7k/P0cCWhtHq8FZ+v101k3DKhpP44cm6A9OhRmLgRKVO3C/BgeeUB4wmoQ6/T
;TWTcMqHxmzhz51U1KCGEqK0NP9fz3FBxhQGzPcQLr9NNZNwyofAHOHP/VTUoIYSorQ0/1/PgTFmRzcv
;FqEp+ZujdSf6h9P44c6NVNSnsUSVssPfLW4Q0ff2tB3mwLh5ShBkRl0hk/jxzo1U1KewQaWwc9gaPiC
;AB9cGzaWhSGlL81aGrEE176eYyKKy8aYC8pSU7e2+giFXVvf8B2DoSb01g3DKh8P47s19VASnsUKS5c
;Te7R5SIDfXp7ygVm6/XTWTeM7jw/nRzo1T4/C2Q1KVhi+drOGRl+a3/AZgLr9LU/UWrOGtmxHPzVTUo
;IYSorQ0/1/OkEL2hnbs9rFIKavVk2ljHlpheFIepNWHsUWihZTfHM4wkvd0B6x3YTipuwPDcNm08MvS
;/bFnJKZxRaW19I8dP+DwRSZUHBYwGYkKcGU2PfEmDifZGwPzl7FVpbLD2Bo2FCcBcfHq52EpuFvCtDU
;9IjUOh6m7A5FQ5kBTdNROTR4n1xDR8ergVnG8rTRjcMqA9K/HqJtigVCH0+PnNJ5NvlCAJoQGzLdgiH
;gKcwWGKofaUXhXFM1INEFERbLD3y1uMbEW56Qd1sA46qpzxPeN0OWtFkkYoiLB1nPy8sPIGjkX1wDe8
;hri9n6/WgLEVqyR9a0W+HuSQuJHY1L1hS7Pz0BQR/am3Hagm0gro9Q2T3Dl76dYfVTEp7FFpbLGTBo4
;x9cA1sa9xjBoiQjCpYYMEYYOxznKEiJyRyNjRbT+DX9H1xDR8ergVnsrXTQjcMqA9K/HqJtigVCHs2M
;khi48zlCR9gQHLPfAKZhtNYNwyofD+O7NfVV0p7FCkuXlvgwPQiA2Jzd8paBYSBpzZaU9sMWut46NRN
;SnsUWttqfYGEkX1wfmpsyGQEjqqgNltlzCNL4Wy3sDU+CWEpMkNT3tT4GQRlQGzPcQ6E9dJZNwyofD/
;XXOjPTUp7Zy8pSlzixs4OH2F2evFxCJuqtTVYe9odS+sc6dVNSnsUGgNsPZmjkX0DeG14z2YCtIa8NV
;5o9whQ/kOEtDQvCWdaWiw9gaORfYAyHwmuBWeYgKE/Vm/NI0zhcIGxEj4UZAUoXFjkx5F8cA0fHq6FJ
;qv13Fk3DNwUVuBDn7QhJiRnKj5JWYGikX1wDR8e50Vn8vXTWUNkwRJg+X2EuRI9EnAuM3NP4Nf4Ei9g
;fmauBGfr9dNZN2XofCaOHOihJSMVSy06QFHe1PgZBGVAbM9xDoSqvjBZDKl8P44c6NV0CnsEWlssSe7
;Tzh8feWtxw1oUm5C2PTcNqHw/jhzomw1KdxRaW1hP4NX0ES9+b3vLYWfq9dNZNwxoHn+OAujVTT4JdS
;w+QGL7/PYeH2l6QcpsFJ+UvTpSU84VUedvgNVMSnsUWlssKcGjgH1wDWl73HYOhJuMNVZ/3CNa6nWc1
;UxKexRaW+SJwaOafXANaH/CaTiYnbY1W3+ofT+OHOjVTbJEFFRbLD32wv0RL3l3d81uCY6GoFk2DKh8
;f70vC+pNX3sUWixFTeT8+BMWZHNy8WEOmIGyN1RpmXw+jhzo1U1KexRaTiw9gdT4DRVSdnDIbAuHqrc
;wRHjJElzrLujUTUp7FFpbLD2BuZF9cHp2bstaCJ6BtitoZcYPWvpDjLw+Php6OT4dPYA5COTplIbXkQ
;V96/XTLl58zSNQ+2iNpxIjFWc/L3NZ6NDlHB5ueiyuBP1ybErArsWXfCiOHOiiJDoeSzUuWFjz/PgTA
;2hrQd11Ao6R4lk2DKh8P44cppVNXXsUWixFTeT8/ggEaG1Bx2sUjoGMKkdpzRgNjh3o1U1KexQUGywm
;gaORChl9ekHdaguCkYwwWWrBEFPReIGmOSsVdz9qLDyBo5F9cA0fHq4eZ+v1pDBHafcPUOJ1jIokJB1
;9NjdzWejQ5RwebnosrgRn6/XTWTcMqHwpjhzooiQ6HkspLlxN7tHlIhRkbGrPawSOxNNYNwyofD+OHO
;jVW0p7FC0yXFje0OQNAGJtavFhDpiBsjdUaZp8Po4c6NVNSnsUWk4sPYHU+A0VUmtx2WAVtJO6IVJo9
;wxQ/WTo1E1KexRa22d9gbaRfXB6dm7LWhOEgrYraGrBBFrqQ5i6PjN7FVpbLD2BI/o9cBsfHq5yDpuQ
;jC1Ye80OYOdyjrwhJiRmOy9JPYCjkX1wDR9H7gV16/XTLl58zSNL4WuNpxIlHXIpPlhFgaKRfXANHx6
;uxWf59dNZQGXYGWD6c5+wPxUUcjwoSUn4o5B9cA0fHq4FJ+vl01k3e8EMWtFoh6IoOCRnKj5JWYGikX
;1wDR8e50Vn+vXTWUBl2Blg+nOfsD8VDXs2LkFYgaKRfXANHx6ARWf+9dNZQGXYGWD6c5+wPxUNezYuQ
;VjezvgTcAwfHq4FZ+vRk1knDKh8SOdsjYo5JQxxKARbVOXX+X1xDR8ergVn37XTVjcMqAtW/nm3oiwm
;F0spK0lY5aOQfXANHx6uTCfr+9NZN3b3CE3vao25EjkLcT8/LDyBo5F9cA0xXq4WZ+v1sjpUacQZTe9
;ogbojFR56OzlAWIGhkX1ADR8ez3MIgpGMLUVt3hlT0XSHuSg5JGQ7L0Ri7MLpIhxocXnabTiNlLAtWH
;73GVHvfoSwTUh7FEdbLD3jxv0JL39+eNpaBoiWtjVSfskIVuFyt7AjKxl4P1suPYGzkX1wb3py2loVi
;pOnBlJiyR5T6xzq1U1fexRaOUlR9fzjHBZ5QHTLdwy0kL04VWDNfD2OHPjVTUoZcTYvc0rgz/0iFWN+
;fMJgZ+n101Y3DKgeTed4j7wjLSRxNDpOUeSjk31wFB8ermcVgpG0MFlr9xpe4EObpSgvH0s/NU1f7ca
;Rf3ANBB6uBQWZnLc+XmLPI1nnZI2xEisVczY+c1jvwvMRFQ0dH64TZ+v1sSteaM8VUelDm70oJhdnBT
;5CXOPP9H1yDR8ErgVniYe6NGhp0Aha/HKJuRI5E3E2N19i58rjDgQNHR6uF2fr9bErXmH3FVH9dYywE
;i8VdTg3ST2Do5FecA0ffcFkFJ+cvT5oacYdXeJ5t7wjLBJ4NgRfVO/E/RgvYXZwyzRn6fTTejcMqB9Q
;72+cvCMtJHE0Ok5R5Pz4ExZkc3Lxdg6Fkr88aGDBElq8HOrUTUR7FFo4Q1Lt/PkYEWlAcsdjE+v301k
;jDKh8XOFzhLwjLSRyOzVzVO/A4xgRfnoerARn8PXTWVRjxxBW4Hu3pT8jFWApK0lY5fziER96e3HZa2
;fp9NNENwyoGFrgb42KPj8LZDUpWGLnz/4KAmxre/FgCYqXvzw3Dqh8DI4c6LEoJAhxBShZTfHM4wkvZ
;HF4x2kLtICgPGhgwRJa/UOBuxIiEnMyBEhY79D4CQlSeGzHYWfp9NN7NwyoGFrgb42KPj8LZDUpWGLt
;wugYAn5AfMFxE4SYjDxZbcoQWo4e6NVcSnsUPzVNX+3GzgoZfXpB2moQjofTWzYMvXw/jnmQoSg4FXU
;2BF9V5M/9Di9rdmzdcWfp9dN8NwyoGUf6bp2xKDgkZy0yWF7p/PISH2F2cMlaBY6TvCtSU9sLVvp/gN
;VPS3syWlssWPnX4wgUaG1B3XIOn5a7BlRjxxBW4Hu3vSgrD2EqBE1Z98L/HhUNHR6uJWfr9bYhQ37dG
;Fr8Q5uiJD4YfAU4Q1Ltyv8aL2Rxf81xDp2Q01s2DIB8P455kKE/Px9xKARfSujX8hUvbnBxwmwJjKqj
;OEVn9xFQ+Hm3sCMrGXg/Wy49gYeRfXBoZ2rccAOOh4wqQGXcH1fRb5y6PRUMfSo+c0rgz/0iBGJoe9w
;FZer15Fk3DM0ES/xpjLA/FQhjMy9PVd7Q5RIAUmh33mA4nJS/NWh4xwta/EOLuiImJHA1LEJi5NvlDw
;VpemyuB2br+tNZN2rJEmDscIGlEi8VdTg3ST2Do5FvcA0feM9rOIiavDVeYs8jWuB9irkoSnkVWlAsP
;YHF8BMvaHF/zGkCj/XRWDcfqHw/6H2GuissJHM5NEhY3sb/HBJheh6sBGfy9dNZUWXaD0vRcImsKDgk
;ZzI+QFHy/PQTEW9ze64HZ+vA01k3asEOTPpDhLQ0LwlLKTRAVOX8+BMWZHNy8WAfn4emKl5jxiNI53i
;cvRI4GmAzNHNY78LzERUNHR6uJWfr9bUwT1PAE038dYq5KBUebC4+Qk7o1fQiA3l2as1tDoWS01s3DL
;V8P456ga0SIhRmKDJOUeT85BMZYnFBz2kLtIGqKVJTyXw9jxz11U1KHX0iBERS89H4HxxoQGvAbAiFq
;rI1W1PcBU/rQ4rVT0p7CVpbLFvo284VH39td8xpArSAvTBYYvcTSetuhLQ9Oh5wWlksPZujkX0WZGdB
;xmoVmZyxNVJT3Q9a0XOYsCMVGX0uKCw/gaOKfXANeXLBchWKgbYGRWnbGUvRe4u6KS8kcTQ6TlHko5N
;8cAIfHq5iBpuqtTBbYPcPV+twhKZNSHoUQ1ssPebC4SIWZHNy8XYOhZK/PGhp0AhN+2+BuiNKeRRaRy
;w9gcTyEhRoQHjHaQKFlL48aGrHDlLvaLewIysZeD9bLj2BuJF9cGRxeMdpC7TE42loedsZYP1zhLwpF
;RJ6PDJAUYGhkH1mDR8ex2sBgpm/BlZoyQxL52qNiigkGnY2Piw/gaO1fXANdnDIbAuHqrA2WW/NEkv8
;dYuKPiUXfT4EWU7k/PYcAFJ5d8JpZ+n100E3DKgVUeh1hLkSKRR6ND5PSd7G/xkAYnZw2nZn6fXTVTc
;MqBVR6HWEuRIsEmYpLyw/gaOLfXANdnDIbAuHqqAxUmDED2D7b42KKisLSzwyQFGBoZB9VQ0fHsdrAY
;KZvwZCf80jU+dyjaYSIxVLMjJLVd7H9BMDZGtn8WIVgpHTWzYMsnw/jnWGpig4D0syPk1J9NPOGhNie
;3vxYAmKl788Nw6pfDGOHOi8PyUVfTQ8c1jvwvMRFQ0dHq4OZ+v1uTxFZ/cZUe9+hLBNSHsURlssPe3C
;6BgCUnd7x2IPn6qyPVZ83BVJ60ONuywoF3FaWSw9mqORfRxsZnvcWhSDkL81RFPHDlvrbre6PT4SeTM
;hST2DopFfcA0fcs98ApmqoC1WftwjT+F1hqESOR51NwRJWebGzh4VY2t73AVl6/XwWTcMxB1G6263pj
;krCWAFK0NU79fODhVsckHAajiEg7YrX23GG0yOHunVUUp7FDc0SFTnyvQPL353e8JpFLSYtitQafcMX
;vx5hqFNSHsUVFssPe/M5SIDbGl78XYTioG2WTUMqHc/jhyHujcvJGcyMklR5aOTfXAbHx6uahGOh7s4
;WWv3D1frcISmEi8VdTg3ST2Do5FdcA0fcdhgFYOUvT5of8AZU+Jvt7MsJCRnKj5JWd7G/xwSYXoerAV
;n8/XTWVh6zQ5N53iNiisjF3U3PkJJ3sb/HBJheh6sBGfy9dNZWHrNDk3neI2KKyMXdTc+Qknexv8cEm
;F6LK4HZuvm01k3fNoVUfpDh6UoJCRnPzxBWO/X4n1yDR8ErgVnm4e6N0NT2B1N+m+3pig7DnE0OEli7
;tH1GAINHR6uCmfr9aE4UXj3F1rrbLe9IiYeZ1pZLD2Vo5F9Amx5avFqEY6HoTBTafcZUe9+hLBNSHoU
;clssPfPG5Q8Rbmt3wWs4ioO8MFNT3RJR63+Npj4rCW0FMkJi8tbhDR9/ay+uB2fr3dNZN37NCE3vf5y
;8IiQkdSw0RVne1v8TFW56bd1kFZKqujdof90MT+FunOdNSHsUSFssPfPG5Q8Rbmt3wWs4iJq+O15iz3
;w9jxzz1U1KCXEuKU1e9cr+Ey9pdm3PZwuOqrItaH/cHU36HOrVTVt7FFopSUnzwvIJGWJxQctrBomZt
;lk1DahvP44cmrA5OBp3LjJDU97G/xwSYXpBnAVl6vX3WTcM2hlL/H2LoSQlFUs/NU1f7cbOHxVrcGzL
;WgiegbYraH/AGVPiHOrUTVN7FFopSUnzwvIJGWJxQctrBomZtgZYedwPVup56NdMSm0UWlteWPXR8B4
;EZHBw8WkGkpChOl9txhtajh7p1VhKexQoPlhP4MDlFB9jQHDBcTiCm6AwU2mofj+OB+jVTTgeYCg6T0
;nozP8iCmVwbvFqCYeMjCpYYMEYDo4e6NVWSnsUKD5YT+DA5RQfY0BkxmoXtJq9NU5T2xNT53ja1U9Ke
;w1aWyxO5NflFB5qQHvWcRWekbYraD73GVHvfoSwTUh6FEhbLD3yyPgPBFJ5cdxmArSQvThVYM18PY4c
;/dVNSgh5OzdAYufG8AkFf3pt8WAJipe/PDcOqHwdjhzopiArF3gFPUlc9dbjGANSdnDIbAuHqqE4Q2X
;HI1rgfYq5KEp5FFpXLD2B0P4RGWlAfMFxE4SY01s2DLF8P45vh7kkLiR9ND1FUe385A4VUnh/3loBgp
;m/WTUNqHU/jhybuiEjH0suNFw9g6KRY3ANH23ebBWKmYw0WGjNI0/vaICKJCQPcSgrQ1Hg1/gSHg0dH
;64MZ+v1oClefskQVvR56NdNSncUWltfTfTR4iIVY358wmBn6fTTTjcMqA9K/myHpzkVGnA7K1hU98bO
;GB5sfXLLBWXq9d1ZNwzbCU/+c5qhEi8VdTg3ST2DopFQcA0fbdt1F4SHpwZeYs4VU+JDnaYoFRd9ND5
;fYujNzhUZandBymAJmJynIGhr2hVbjh7p1VVKexQpLlxN7tHlIhxofnXXWgSEm708VHjBE1GOHujVVE
;p7FCkuXE3u0eUiHWJ7d8hsApmqtDxZadodS+sc6tRNbXsUWihZTfHM4wkvf3p93GAGn5CMOFF4zQ5g4
;3OMvCsjHmYFOUNS7cbwE3APHx6wBWfrhqYpR2PaCGD9cYm5IRUdeDU6WFjl/PcYEXlqbMt2Z+n000o3
;DKgPSvx6ibYoFRZ7Pj5zWO/C8xEVDR0eriBn6/WgLEVqyR9a0W+BsSgVD3EiL1lP5PzyEhxibUHAahW
;GlL8wTWnMfD2OHPPVTUoIYSg9TV7k/OIUFGhAast9E56HtgZSYskeU+sc6tRNVXsUWihZT+fC8hgvfn
;Z6y1oTjo2nLEVp9xBW6XScsD8VDmRaWS09oKORfQN4bXjPZgK0hro9UlPcGUf6aZqwEiUOYCkySFjez
;P8RCQ0dHq4SZ+v1pzxafM0OXvppmrASJhJnLgRJU+DB/RhwDx8evAVn64G2NEdp2h1L+26NiiArFWE7
;Nyw/gaObfXANaHfeYDifmqQ8RQyqfD+uHOjVOiMLcQUvQ0rk0c4bGXV6evF1CJicpzBYYvcZUe9+hLB
;NSHsUS1ssPeLC5RgXYm1n8WsGhpCMMVJ0qH8vjhzo4H5/TiFpHR8Ls5aiSEM6Lx6IBWfrkbY3RGn3D0
;r+bIenORUSejwyQFHezOQJHGRxe91aApOBoSxTadp8PIIc6NUMJhc0PyNYT/TH9A9wBB8ermAJj9u0O
;lhozXw80Bzo1QB4SSV6Dxwd0pKhTXpALi6aJTTb/55oAzyILw+EUdnlekA8LWtRawyh5rxMUEssLp4P
;INrViXIHIp1ceqMpyIxgeEs0HGIcDbGNoU16Si0mjl1Xy6DjU3o0nHZ4tyzo301Ke3E0Px4T5sD+GRU
;NHJ6uBWemx+FoF1iYXGy/LNjfAHhJJXoPHR3SkqFNekAuLpolM9vVgGk9QZlMC65I2fUeenFZa28cHd
;KTmzBBPSgU6TxW4bLieXIhmVx5vSzY3wp7W05xawIIoea8SFBUMiyeJSGQgaE4QWnEI0z+eY2xMEA8J
;mJ7dA2h+qF3PTUrFOk8V+vq01k3adAIWvxyibkSKRR7NjJCWt7F8BMvfm97y2E4h5ygLTcPqHw/jhz9
;1U1KHmwuKVlZ5NHODgdka33GKwCImrc8Nw+ofD+OHObVTUoddTQEX03kxvUiHGRsaq4Gaev102gMPJN
;OBLss0+Z2e0skWkosPYHF+BERYHpw2loTkoW2BkR42nw8hBzo1R0GOjRrdRsI7M6Rb3ANH3jHaQaGkL
;0taHjRDFrRb5ynf0p4HlpbLG3N4rFMXjoqc8MFR+v10z9eftsIYOJ9kbA/FQh7NjJIYujN9xQcYUBuz
;3ETjoe9WTQJqHw/wnWGsD5KbhRaW0te7sf0IhZkc3vAZAqOqrU2RWHJCD+Ne+jVTTEcdzU/SWLnyv0Y
;Hmxye/FyDp+dvCxDU80ES/NDk7gsKRN9ND5zSfjT9CIRb31sy3MOioG6Nllx9wdZ53CJuCgkD0s0OkF
;Y3sLzHwJoaXfPcQ6Em+IkaHfEHUbrbre9KCMcfC4mQVCBspF9cGp8ccpgOJuaoC1HfscfWv1v6NZNSn
;sUWkssPYHE8hIUaEBsy3UCn5ynMFhiqH8Vjhzo7j8vC3EuMlhU7s2xGhNie3ukQl7Z1ZZpPTfaGU/ra
;IGhJCUVND04Q1nko5t9cA14fcFhArSBqilSDKt6P44curA9GBpkWkosPYHK/xsZYXNBz2sAh5CMNV5/
;3Hw8iBzo1Xl/QCVpbiwogaORFB5rdnLCWgOelL8GUnTcDkr9dYe7TUl0FFpbf1jizP8ZUGhnatxwA46
;H01c3DKgVUeh1hLkSOhpgLj5eU4GglX1wDVhsx2Fn+fXTWVtt0RlN0X+AtCMtHjo9OENZ5KOSfXANHx
;6zBWfrmbIgUn73D0vvbpyKPSUSei4EX1jgzs4eH39xe9wFZOX101llac4QWvZTmpYiJA1xIls8PYGj/
;hIKaEBtxmwCh5GMLU58zXw8hxzo1RorD3EoHU1R7aOAfXANb3/bdgK0nbYwUGTcI1Pnb5zVTkp7FFpb
;PT2Bo+EREXl5cdxoOIqRtzBDZccSP40U6NVNGBpyLhRCUfijgH1wDW9yz3EBhIe+BlZowBlM53OG1U5
;OexRaFUNT5KOdfXANb2zHaxOOh4wtTnzNfDyEHOjVHwsyRx9oaB3EkZFucA0fbM9jE7SRpjhbU80ES/
;xpm7wiJHsXVVssPdLG8hIeaT971nEVnpG2KzcfqHw//H2OoRIjFXIzN0Bi8cLlCRV/cR6tAGfr9Z8wW
;WnbfC+OHOinKD4JdTkvRVLvjfYeH2l6Hq0FZ+v10003DKgPV+twhIopIwlxOS9FUu/8/RQDeR8drgVn
;6/XHWTcM2xdW/Gi3sTgrF0s/I1hP9ND4Eh4NHBCuBWetnKEqQyzNBEv8aYywP0psFFpbX1LtyvUiGWN
;5d8JpOIqbtDVSU8QVTPoc69NNSnsgb2AdDrSjhX1wDWxxwmwDtJy9P15gxCNP72icsD8kexdRWyw908
;byCRlhdnDLZBXr7tNZN3/HEFbqQ4G7KyMXeAUrTUn1xuMTL29watpqCuv21lk3DOQVUetv6N5NSntnL
;jpeSa/E8hIUaB8dAQVn67jmbgUs7Ewf3SzG5XhANiFtaQx5sIPCTV49KhTpN1bhsuppPUGQTjXDLdji
;Rw1JLHpRawyh+aFdNjgvLqRCXtnVlmk9S5lcZb4y2vULfkskUBwdHdmVoV0pIC0+6D1X2/+UaBdUmUg
;PrkXF520PSiZ6HR4NsanWTFBXKj7rNFLLs+FpBwbvRQ2uWdjfCntbUiEvXlz3xv0iA316e8p4babE4m
;4XXNoVUfp1hrJjZFUUVlssPfLX8A8EPzF5zWoDjvXQNTYMqDEKuS7IkX1qKCR0axk3zJamT1BJLj79N
;UnbwNkeBT2iOwa+FqXtf0A2JWpsJnqzm5s6QS1FL5srV8uzqC1Fbd4ZU9FvmLAoLgYeDmsmeriRsThA
;B1gvjl1U29WKdAUs7kQPvhav5G0QSzppbgx7s5Ohdzc8P0aWMEey2OF5cj2bXHm8LNjfCntbUWtuDHu
;zk6F3Nzw/RJslIdnF41NwNZpcer4Wr+VtD1ZvKD5YT+DA5RQfY0B622QLtJS+NkJi3AEfyC7Y5UceSh
;4dYh4dxJObOkEtRy2eNUey2OF5cTSYTDXJLciPfWRIIXodHg2xqdZMUFUsKJ4lPsbH8xwGP4g6Db4s4
;pJ8aj4lb3tqD7GTmzpBLUUrjkNV28XZHg4+iDkPhFvY9QhnAGY/L15c4tf4Eh5Se2vPaTiKmLwsWXjV
;XHm8LNjfGXpxU2t7akb10fALFWFAbd5gAo+I2RQGPZ9cb/x1hqEkJBw6dHUsOoGjkQ4FfW9x3HFn6P/
;TWTdJ3hlN92uAsD8vewhaWyxO9NPhEgJ5QHrLaxSOqrcsVmD3GUf6bp2mJCUVFFlVLD2B5fgPA3k/e9
;ZxFZ6Rtis3Hqh8P/1pmKUiOA9LPj5CTuT85QQAaB8dqwVn67m6N1J/qGo/jhyboD06FGYuBEhI4M/OG
;Ah5bWvdbAiF9dBWNwyoL1rtc4axbS8DYCguSFjzo4h9cA1sa951CJmBjDBZasEQU9F9hrIhLyR4MyhY
;PYKgkX1wICsrriVn6/WgLEd8xw5L0XWGsyQmF0s1LlhR6M30Di9oZ2rccAOOh9NaOAyofGzrf4e7KWo
;ebC4pWVnk0ZFtcA0fbdt1F4SHpwZEeNodS+t7kdVOTHsUWhVDT+zC/X18DR8e3XAXm5qhLWh40Qxajh
;/j1U1KKXE5L0VR6M30HAINPB6uBRSeh7U4VGn3D1DidYyKLyUPYDU2c1TvxfgRHFJvf9pxApmb01oyD
;Kh8c+dyjaZNansUWihZT+fC8hgvfnByx2E4n5qjBl5izhVT4kOYtDk+HmY0Wy84gaORMRljem2uEWfr
;9ac8WnzNDl76aZqwEigecAU3RU71o5J9cA0fHrsFZ+uBtjRHadodS/tujYohLx1gBTdFTvWjkn1wDR8
;euAVn64G2NEdp2h1L+26Nij8jHHwuBEBU8teRfnANHx6uCmfr9aQwR2n3CFD5eZqKICUfcVpYKj2Bo9
;8YA3l6eq4VZ+v1pDBHafcIUPl5moo+IhpkP1svO4GjkT4Zf3xyywVp6/XTLl58zSNI73CEiiAlH3FaW
;CY9gaPYEwRobXLPZgKP9d9ZNwyqfD+OHejVTQx7FFpaLD2BrJF9cF4fe65xZ5/1ullZDM98H45b6KdN
;JXthWissHYGSkXxwDR8ergVn+/XTWTcMqHw/jhzo1U1KexRaWyw9gaOR2HkNHxSuBWe5tJoKcj/sXHq
;8HOhV+wl7FCoYLD3x4JF9cA3S0mI7Zuv1Gxs3DGA+PY4c6NVNSnsUWlssP4GjkX9wDR8eKgZn6vXTVX
;UMqHw/jhzo1YCGtypaWyw9gaMHPnANiV2uBbupwdNZNwyoGnyMHOjVWUp7FFpbLD2Bo9E/cA3/X64FZ
;6n10wl1Dah8P44cSJRNSjtWWlssf4GjwT+cBR8ergVn68jTWTccqHw/432LvSQkHks4OllZ88LlGHAM
;Hx6uBWfL+ZJZJgyofFLvf4C8Iy8kdj8/c07pwuEYcAwfHq4FZ+v101kjDKh8Uu9/gLwjLyR2Pz9zSeT
;O4SIdbGcerwVn6/XT2WxMqGU/jhyFtC4iEno/BE5Y7dfOGhFja2zXWgaFkr88Nw2ofD+OHGiTDUptFF
;pbQVziy/gTFVJ8ccN1AoWGsi1eY8YjR44d6NVNSnsUAxssK4GjkRARbnd3wGA4iJq+KVJi2x1L53OGi
;jRKehRaWyw9gfrRfVINHx7DZASDnL08aGjJCF7ReoG5KBUPfC82TlPgyv0iGGh2ecZxZ+r101k3DKj4
;f4496NVNJxp3MjJCWN7H8AkRUnl3wmA4n52mNFViyRVT0WuBsTkiexVaWyw9gaMVPXAAHx6uaAaInbo
;3UlPMFVLRZOjUTUp7FFqLWn2BrpF9cGB+fcZsCY6qtzBaU9F8Po4c6NVNShVUWlYsPYHO8B4YZHF78W
;EOhqqpWTYMqHw/jhyGlU1WexRaNk1e6cr/GC9pdm3aZAmIkIw/RWPFI13hboywP0p6FFpbLD2Bo5F9Z
;A0fHsNkBIOcvTxoadAITft4jacSJA55WlosPYGjkX1wTR8ErgVnhpSwMV5izSNa9miaoCkvCUs1PUpO
;5NfOBUINHh6uBWfr9dNZNxaofD/jfYu9JCQeSz8jWE/0x/QPL2J5eN1gE7SM4Vk2DKh8P44c6NVNWHs
;UWjZNXunK/xgva3Zyz2gChYGMaDcNqHw/jhzo1Q1KaRRaW0Fc4sv4ExVSeXfCZAqOm6cGBQypfD+OHO
;jVTQp7AVpbLFDgwPkUHmhAec9rE5mMjDFSZc8US44d6NVNSnvUNhssKYGjkRARbnd3wGA4jJa8PVJTy
;R9L53OG1UxKexRaWyw9gaOPfXANcn/NbQ6FkIw+VGPMGWD6dJ24LyQafTYERFjoxPkJcAwfHq4FZ+uc
;k1kqDKh8Uu9/gLwjLyRzOTRIWN7X+Qgdb3F/x2k4nJy3LV8MqXw/jhzo1SQKewNaWyxQ4MD5FB5oQHD
;Bfx2HkIw9Xm3FGUvrbujUTUp7tMPC9QKBupF9cGB+fcZsCY6qvTZNdsQZYOp1ibgoPh5mBWksPIGjkd
;3plMYhrhxn6/W+OFRkwRJa0XKHrzcmHksuPkFN3s7wBS88Hx+uBWfr9RMrdwyxfD+OcYm2JSMVcQU1Q
;0f7z/QiBGhybvFoBpOq4Vk2DKh8P47cmpVNWHsUWjZNXunK/xgvfW13wHE4hpq3PDcNqHw/jhzo1U1K
;WhRaW0Fc4sv4ExVSb2zBaBefqqYqUlPaHVn6Q5y9Py8IfDU3SD2Ao5F9cA3ffO4Fauv10zRWb8AVUet
;Dm6EoOh4UW1ssPYGjkX1wDT0ergUKipa7MFlp9wpW/GidtCEVHmwuKVlZ5NHOEhZrbHvaWh/Z9dJZNw
;yofL/PXOj3TUp7eTs4RFTvxs4LGX9ra89pOI6NpytCaM0OYOF6jqYoPiRtaFstPYGjkX1wDR8eogVn6
;5iyOl9lxhlg7HmEoU1IexR6Wyw97MLyFRljekHNcBSfmr4GR37BEkvnco+KPTgSeygyWESBoZF9Ug0f
;HsNkBIOcvTxob90PS+Fxga8oFQ97NTdEWODHzhgebH1yyzRn6fXTQTcMqBFe7XSBuygVH3UuOnNe7s3
;lGB55QH/KYWfp9NNMNwyoEV7tdIG7KBUfdS46c1voz/QiEWl7HqwEZ8/101labcsUVuB5t7A1PglhPj
;5eYvLU+AkTZUBpz2wTtJ22OENlxhs/jB3oxk1Ke3k7OERU78bOGxFjQH3BaxOZmr9ZNQ2oZz+OHIW0L
;iISej8ESlTzzuYcAmhAbMtxFYqWpzBYYqh+P44B6NVNJxp3MjJCWN7E8hIUaEB78WgSh4G6KVt19xpT
;4Wvo101KYBRaW0Fc4sv4ExVSeH3BYQK0gbssWm7GHVbiQ4mxKUp5FFpLLD2BzvAeGGRxe/FtAoqBjDt
;SaKh+Po4P6NVNJxp3MjJCWN7K9RgIUmxn3XEChvXRWDcQqHw/432LvSQkHks1NkVJ3tHwFANoa3HbZg
;+0lrw9UgyqfD+bHOjVICsYfDM1SWLu0fgaGWNAfctrE46H01s3DL98P45xibYlIxVxBSteUuzT5SIFf
;npB3GQBn/XRWDcmqHw/432LvSQkHksqKUNQ8dfOCANoQGzPYxO0kaYpW2XLHUvnc4aKICMJZjUpLD+A
;o4t9cA1yf81tDoWQjCtSYMkIVvh5t7A1PglhKTJDU4GhkX1TDR8ew2QEg5y9PGh+zQ9a+kONiiEvFXM
;uM3NR4Nr0Dy9ud3/AYgLr99NZFQyofFLvf4C8Iy8kYjs3RVng1/QiAH92cNpsCYyqoyteY9oVS/cc6t
;RNXXsUWjRaWPPR+BkVUmxyx2YCtIa2LUNlxhtMjh7o1W1KexQ3Ok9V6M30IhN4bGrBaA6RkIwtWGPEF
;FrveLe7LCceJVpYLj2Bo8VNcBofHq5oBoidujdSU84VU+9xjbs5FRV1Nz5zDIGgm31wDU9S7yVWxcLm
;NFoMv3w/jnGJtiUjFXEFPUVR4M70EwRScX/DYDjZ9dBTNwyoLHPPPNn7en8WeVpKLD2BzvAeGGRxe/F
;jDoeQjDdWYc18PIQc6NUfCzJHH2hoHcSRkWhwDR9zz2YPgpu2BlFl2hFI726NijkzC3FaWCI9gaPDGA
;Bffm7obBWGgrIrUgyifD+OcYm2JSMVcQUySD2Ch5F9cGwpLMs1VImW/m8BPp1RC+x4i/gvLxh1d2xKC
;+eWpRtBPCkrywV16/XTNFZvwBVR60OF5H16Sks5NEhYgaCRfXANHwyuBWeGlLAxXmLNI1K/LNjnEikU
;cD9bLz2Bo5F9Yg0fHsNkBIOcvTxoYZpMD75Di7opL3sXWlssPYGvkX1wYH59xmwJjqqnIEdpqH81jhz
;ohwwDKFFpHwx4s6OIfXANcn/NbQ6FkIwtTnzNI17sfpqwOyMaYDM0Qj2CpZF9cF8sWvFAVev101k3DK
;h8P54c6NVNSnsUWlssPYGjkX1wDR8etgFn6/fTWTcGqnw/hBzo1R0GOjRrdRsI7M6RfXDtIB6uniPr9
;cUaNwxYPT8ukK3V9UI8FFrnbv6Ao5F9cA0fEq4FZ/v101lRZcQdUutynIopLxVnMy9VPYCjkX1wDX+N
;7gV26/XTP15gyRFa4Gi3sSQrFnEuPl49gKORfXANH+KRBXbr9dM/XmDJEVrgaLezISUMZjsvST2Ao5F
;9cA2fSe4Faev10z9eYMkRWuBot6U/IxhxWlosPYGjkb0STR8JrgVnhIO2K0VlzBlg/XCBtigVCHEuL0
;VT5tCRf3ANER6uBQGCmbI0UmLcI138fYaxTUl8FFpbflzo0PRONA0KHq4FAYKZsjRSYtwjW+dvmLksM
;yR6OzZJPYK3kX1wVk1/x3YC2LGOeWdA6VwOoCvduCBKaRRaW0pU7cL8GB55QHjHaQK0m7I0Ugyrdj+O
;HLiZDGpKOm1uQVCBqJF9cGt2cs9oAoWBjDBTDKtYP44c2bR7ehhxPjkBDLXH81BENC19gz1X2sP+YFM
;/kU4O7CzY4yx7exlaWyxb6M/wEBVja0HAZAqO9dBTNwyoLHPPPNn7en8WeVpBLD2BxfgREWB6cNpaCY
;qYtgZWbsoOWvh1iaEkJRUUWVgsPYHz3TxwAx8ermMOh5S+PFl49xJQ+nmb1U5KexRaWyw9gaORfXAND
;x6uBWfr9dNZNwyofD+OHOjVTUpxFlpbJj2Bo8ExMS0uMJkwCob101nXM6h8pMoc6MMOSnvkG1uMscSj
;KXU3DR+i7MZm6/XTWTcMpHw/jgzo1U0sEng7NklT9fz1GB5+dmrXBWbr9dNZN2w7PD+fHOjVKyMXdTc
;+Qknex/gcHWhre9wFZuv101k3DFRDP58c6NUrIxd1Nz5CSd7F/RIHf35qywVm6/XTWTeM/zw/gBzo1S
;sjF3U3PkJJ3tPjFBNoHx+uBWfr9RM7dwy/fD+Oc56wPzgScD8EX1HowPQiA2hrasdrAJj10Vk3Aqh8P
;+h1hLQgLxVgBTleXO/HkX53DR8e/GQOmJDgHTcZqHw/6HWEtCAvFWAFP0VO8c/wBC9jfnPLBWT/9dNZ
;bF7JFUzrL6yIbRo3VXpqAgq0zvx9Yg0fHshsC4qYtjdDU84VU+tDhrQgL3sXUFssPdHv0F1BIygrw2h
;n4PXTWVFlxB1S63KciiQuexd+Wyw9sMKnTRNoe3yDNFOPl/5tDj7LUQe+Ld74dC5ILWhqTg2xlfBMcA
;AfHq5jDoeUvjxZePcSXuN56NZHSnsUChdtHbCNpkgdYB8ErgVnjZy/OFppxghg4H2FsBIrGXYoPlpU4
;Nf4Eh4NHB2uBWe7uZJZOQyofFnncIm4KCQPSzQ0WFjyo5J9cA0fHq4FZ+v101k3HKh8P44c6NVNSnsU
;WlssPYGjkX1wDR8ergVn6/XTWTcMqHw/jhzo1Q==
;Data end
;Recover start:28
;G21
;G90
;G28 X0 U0 Y0
;{current_position}
;M221 T1 S96.00
;M140 S45.00
;M104 T1 S225.00
;M109 T1 S225.00
;T1
;M190 S45.00
;G21
;G90
;M82
;M106 S0
;T1
;G92 E0
;G1 F140 E29
;G92 E0
;T{current_extruder}
;M106 S{current_fan_speed}
;G92 E{current_extrusion}
;G0 F6000 X{x} Y{y} Z{z}
;G0 F{current_travel_speed}
;G1 F{current_extrude_speed} E{current_extrusion}
;{current_unit}
;{current_pos_abs}
;{current_extrude_abs}
;M117 Printing...
;Recover end
;Print Time: 1487
;Material#1 Used: 0.0
;Material#2 Used: 1599.8
;Material#1 Cost: 0.00
;Material#2 Cost: 0.72
